visit_id,arrival_time,arrival_date,departure_time,departure_date,triage_level,arrival_condition,first_care_area_id,first_assessment_time,wait_to_assessment_minutes,wait_elapsed_minutes,ed_stay_minutes,status_at_cutoff,stage_at_cutoff,area_at_cutoff,synthetic
"SYN-00001","2026-08-29 00:25:00","2026-08-29","2026-08-29 02:53:00","2026-08-29","Orange","Normal Operations","A04","2026-08-29 00:39:00","14","14","148","Departed","Departed","","1"
"SYN-00002","2026-08-29 00:48:00","2026-08-29","2026-08-29 02:51:00","2026-08-29","Yellow","Normal Operations","A04","2026-08-29 01:21:00","33","33","123","Departed","Departed","","1"
"SYN-00003","2026-08-29 01:44:00","2026-08-29","2026-08-29 05:24:00","2026-08-29","Yellow","Normal Operations","A04","2026-08-29 02:18:00","34","34","220","Departed","Departed","","1"
"SYN-00004","2026-08-29 01:49:00","2026-08-29","2026-08-29 04:42:00","2026-08-29","Yellow","Normal Operations","A04","2026-08-29 02:23:00","34","34","173","Departed","Departed","","1"
"SYN-00005","2026-08-29 02:10:00","2026-08-29","2026-08-29 07:06:00","2026-08-29","Green","Normal Operations","A05","2026-08-29 02:29:00","19","19","296","Departed","Departed","","1"
"SYN-00006","2026-08-29 02:16:00","2026-08-29","2026-08-29 04:51:00","2026-08-29","Yellow","Normal Operations","A05","2026-08-29 02:54:00","38","38","155","Departed","Departed","","1"
"SYN-00007","2026-08-29 02:28:00","2026-08-29","2026-08-29 05:08:00","2026-08-29","Yellow","Normal Operations","A04","2026-08-29 03:03:00","35","35","160","Departed","Departed","","1"
"SYN-00008","2026-08-29 03:01:00","2026-08-29","2026-08-29 05:08:00","2026-08-29","Blue","Normal Operations","A04","2026-08-29 03:38:00","37","37","127","Departed","Departed","","1"
"SYN-00009","2026-08-29 03:54:00","2026-08-29","2026-08-29 05:50:00","2026-08-29","Yellow","Normal Operations","A04","2026-08-29 04:33:00","39","39","116","Departed","Departed","","1"
"SYN-00010","2026-08-29 04:02:00","2026-08-29","2026-08-29 05:33:00","2026-08-29","Orange","Normal Operations","A04","2026-08-29 04:12:00","10","10","91","Departed","Departed","","1"
"SYN-00011","2026-08-29 05:49:00","2026-08-29","2026-08-29 08:18:00","2026-08-29","Green","Normal Operations","A05","2026-08-29 06:06:00","17","17","149","Departed","Departed","","1"
"SYN-00012","2026-08-29 05:51:00","2026-08-29","2026-08-29 08:16:00","2026-08-29","Green","Normal Operations","A04","2026-08-29 06:24:00","33","33","145","Departed","Departed","","1"
"SYN-00013","2026-08-29 05:51:00","2026-08-29","2026-08-29 08:29:00","2026-08-29","Green","Normal Operations","A05","2026-08-29 06:11:00","20","20","158","Departed","Departed","","1"
"SYN-00014","2026-08-29 06:04:00","2026-08-29","2026-08-29 08:22:00","2026-08-29","Yellow","Normal Operations","A04","2026-08-29 06:46:00","42","42","138","Departed","Departed","","1"
"SYN-00015","2026-08-29 06:37:00","2026-08-29","2026-08-29 08:26:00","2026-08-29","Green","Normal Operations","A04","2026-08-29 06:52:00","15","15","109","Departed","Departed","","1"
"SYN-00016","2026-08-29 06:52:00","2026-08-29","2026-08-29 08:59:00","2026-08-29","Orange","Normal Operations","A04","2026-08-29 07:12:00","20","20","127","Departed","Departed","","1"
"SYN-00017","2026-08-29 07:31:00","2026-08-29","2026-08-29 09:56:00","2026-08-29","Orange","Normal Operations","A04","2026-08-29 07:45:00","14","14","145","Departed","Departed","","1"
"SYN-00018","2026-08-29 07:48:00","2026-08-29","2026-08-29 09:16:00","2026-08-29","Yellow","Normal Operations","A04","2026-08-29 08:03:00","15","15","88","Departed","Departed","","1"
"SYN-00019","2026-08-29 07:51:00","2026-08-29","2026-08-29 09:58:00","2026-08-29","Orange","Normal Operations","A04","2026-08-29 08:06:00","15","15","127","Departed","Departed","","1"
"SYN-00020","2026-08-29 08:28:00","2026-08-29","2026-08-29 10:30:00","2026-08-29","Yellow","Normal Operations","A05","2026-08-29 09:08:00","40","40","122","Departed","Departed","","1"
"SYN-00021","2026-08-29 08:33:00","2026-08-29","2026-08-29 10:27:00","2026-08-29","Yellow","Normal Operations","A05","2026-08-29 09:09:00","36","36","114","Departed","Departed","","1"
"SYN-00022","2026-08-29 08:52:00","2026-08-29","2026-08-29 10:47:00","2026-08-29","Green","Normal Operations","A04","2026-08-29 09:12:00","20","20","115","Departed","Departed","","1"
"SYN-00023","2026-08-29 08:59:00","2026-08-29","2026-08-29 11:28:00","2026-08-29","Blue","Normal Operations","A04","2026-08-29 09:25:00","26","26","149","Departed","Departed","","1"
"SYN-00024","2026-08-29 09:09:00","2026-08-29","2026-08-29 11:42:00","2026-08-29","Yellow","Normal Operations","A04","2026-08-29 09:38:00","29","29","153","Departed","Departed","","1"
"SYN-00025","2026-08-29 09:11:00","2026-08-29","2026-08-29 11:23:00","2026-08-29","Yellow","Normal Operations","A04","2026-08-29 09:47:00","36","36","132","Departed","Departed","","1"
"SYN-00026","2026-08-29 09:26:00","2026-08-29","2026-08-29 11:37:00","2026-08-29","Green","Normal Operations","A05","2026-08-29 09:45:00","19","19","131","Departed","Departed","","1"
"SYN-00027","2026-08-29 09:37:00","2026-08-29","2026-08-29 12:39:00","2026-08-29","Yellow","Normal Operations","A04","2026-08-29 10:07:00","30","30","182","Departed","Departed","","1"
"SYN-00028","2026-08-29 09:49:00","2026-08-29","2026-08-29 12:08:00","2026-08-29","Yellow","Normal Operations","A04","2026-08-29 10:19:00","30","30","139","Departed","Departed","","1"
"SYN-00029","2026-08-29 09:55:00","2026-08-29","2026-08-29 12:55:00","2026-08-29","Yellow","Normal Operations","A04","2026-08-29 10:14:00","19","19","180","Departed","Departed","","1"
"SYN-00030","2026-08-29 10:32:00","2026-08-29","2026-08-29 13:35:00","2026-08-29","Blue","Normal Operations","A04","2026-08-29 10:54:00","22","22","183","Departed","Departed","","1"
"SYN-00031","2026-08-29 10:33:00","2026-08-29","2026-08-29 12:26:00","2026-08-29","Yellow","Normal Operations","A04","2026-08-29 11:11:00","38","38","113","Departed","Departed","","1"
"SYN-00032","2026-08-29 10:39:00","2026-08-29","2026-08-29 12:55:00","2026-08-29","Yellow","Normal Operations","A05","2026-08-29 11:17:00","38","38","136","Departed","Departed","","1"
"SYN-00033","2026-08-29 10:42:00","2026-08-29","2026-08-29 12:47:00","2026-08-29","Blue","Normal Operations","A04","2026-08-29 11:08:00","26","26","125","Departed","Departed","","1"
"SYN-00034","2026-08-29 10:44:00","2026-08-29","2026-08-29 12:45:00","2026-08-29","Green","Normal Operations","A04","2026-08-29 11:16:00","32","32","121","Departed","Departed","","1"
"SYN-00035","2026-08-29 10:59:00","2026-08-29","2026-08-29 14:34:00","2026-08-29","Yellow","Normal Operations","A05","2026-08-29 11:19:00","20","20","215","Departed","Departed","","1"
"SYN-00036","2026-08-29 11:12:00","2026-08-29","2026-08-29 13:23:00","2026-08-29","Green","Normal Operations","A04","2026-08-29 11:38:00","26","26","131","Departed","Departed","","1"
"SYN-00037","2026-08-29 11:18:00","2026-08-29","2026-08-29 14:06:00","2026-08-29","Yellow","Normal Operations","A04","2026-08-29 11:39:00","21","21","168","Departed","Departed","","1"
"SYN-00038","2026-08-29 11:30:00","2026-08-29","2026-08-29 13:20:00","2026-08-29","Orange","Normal Operations","A04","2026-08-29 11:51:00","21","21","110","Departed","Departed","","1"
"SYN-00039","2026-08-29 11:32:00","2026-08-29","2026-08-29 15:53:00","2026-08-29","Green","Normal Operations","A04","2026-08-29 11:54:00","22","22","261","Departed","Departed","","1"
"SYN-00040","2026-08-29 11:39:00","2026-08-29","2026-08-29 14:45:00","2026-08-29","Yellow","Normal Operations","A04","2026-08-29 12:13:00","34","34","186","Departed","Departed","","1"
"SYN-00041","2026-08-29 11:45:00","2026-08-29","2026-08-29 14:55:00","2026-08-29","Yellow","Normal Operations","A04","2026-08-29 12:12:00","27","27","190","Departed","Departed","","1"
"SYN-00042","2026-08-29 12:24:00","2026-08-29","2026-08-29 15:11:00","2026-08-29","Yellow","Normal Operations","A04","2026-08-29 12:47:00","23","23","167","Departed","Departed","","1"
"SYN-00043","2026-08-29 12:43:00","2026-08-29","2026-08-29 14:53:00","2026-08-29","Green","Normal Operations","A05","2026-08-29 13:11:00","28","28","130","Departed","Departed","","1"
"SYN-00044","2026-08-29 12:55:00","2026-08-29","2026-08-29 14:54:00","2026-08-29","Blue","Normal Operations","A04","2026-08-29 13:20:00","25","25","119","Departed","Departed","","1"
"SYN-00045","2026-08-29 13:01:00","2026-08-29","2026-08-29 16:40:00","2026-08-29","Yellow","Normal Operations","A04","2026-08-29 13:23:00","22","22","219","Departed","Departed","","1"
"SYN-00046","2026-08-29 13:30:00","2026-08-29","2026-08-29 15:48:00","2026-08-29","Blue","Normal Operations","A04","2026-08-29 13:52:00","22","22","138","Departed","Departed","","1"
"SYN-00047","2026-08-29 13:43:00","2026-08-29","2026-08-29 16:22:00","2026-08-29","Green","Normal Operations","A04","2026-08-29 13:59:00","16","16","159","Departed","Departed","","1"
"SYN-00048","2026-08-29 13:44:00","2026-08-29","2026-08-29 15:51:00","2026-08-29","Yellow","Normal Operations","A04","2026-08-29 14:13:00","29","29","127","Departed","Departed","","1"
"SYN-00049","2026-08-29 13:46:00","2026-08-29","2026-08-29 15:38:00","2026-08-29","Yellow","Normal Operations","A04","2026-08-29 14:06:00","20","20","112","Departed","Departed","","1"
"SYN-00050","2026-08-29 13:58:00","2026-08-29","2026-08-29 15:36:00","2026-08-29","Yellow","Normal Operations","A04","2026-08-29 14:15:00","17","17","98","Departed","Departed","","1"
"SYN-00051","2026-08-29 14:05:00","2026-08-29","2026-08-29 16:44:00","2026-08-29","Yellow","Normal Operations","A04","2026-08-29 14:25:00","20","20","159","Departed","Departed","","1"
"SYN-00052","2026-08-29 14:13:00","2026-08-29","2026-08-29 15:43:00","2026-08-29","Orange","Normal Operations","A05","2026-08-29 14:30:00","17","17","90","Departed","Departed","","1"
"SYN-00053","2026-08-29 14:25:00","2026-08-29","2026-08-29 16:28:00","2026-08-29","Green","Normal Operations","A04","2026-08-29 14:59:00","34","34","123","Departed","Departed","","1"
"SYN-00054","2026-08-29 14:42:00","2026-08-29","2026-08-29 17:28:00","2026-08-29","Yellow","Normal Operations","A04","2026-08-29 15:16:00","34","34","166","Departed","Departed","","1"
"SYN-00055","2026-08-29 14:54:00","2026-08-29","2026-08-29 16:30:00","2026-08-29","Orange","Normal Operations","A04","2026-08-29 15:05:00","11","11","96","Departed","Departed","","1"
"SYN-00056","2026-08-29 14:58:00","2026-08-29","2026-08-29 18:21:00","2026-08-29","Green","Normal Operations","A05","2026-08-29 15:29:00","31","31","203","Departed","Departed","","1"
"SYN-00057","2026-08-29 15:23:00","2026-08-29","2026-08-29 17:21:00","2026-08-29","Yellow","Normal Operations","A04","2026-08-29 16:01:00","38","38","118","Departed","Departed","","1"
"SYN-00058","2026-08-29 15:29:00","2026-08-29","2026-08-29 20:33:00","2026-08-29","Green","Normal Operations","A04","2026-08-29 15:55:00","26","26","304","Departed","Departed","","1"
"SYN-00059","2026-08-29 15:36:00","2026-08-29","2026-08-29 18:18:00","2026-08-29","Blue","Normal Operations","A05","2026-08-29 16:07:00","31","31","162","Departed","Departed","","1"
"SYN-00060","2026-08-29 15:36:00","2026-08-29","2026-08-29 17:48:00","2026-08-29","Green","Normal Operations","A04","2026-08-29 15:53:00","17","17","132","Departed","Departed","","1"
"SYN-00061","2026-08-29 15:52:00","2026-08-29","2026-08-29 18:49:00","2026-08-29","Yellow","Normal Operations","A04","2026-08-29 16:18:00","26","26","177","Departed","Departed","","1"
"SYN-00062","2026-08-29 16:27:00","2026-08-29","2026-08-29 18:56:00","2026-08-29","Yellow","Normal Operations","A04","2026-08-29 16:48:00","21","21","149","Departed","Departed","","1"
"SYN-00063","2026-08-29 16:39:00","2026-08-29","2026-08-29 18:54:00","2026-08-29","Yellow","Normal Operations","A05","2026-08-29 17:13:00","34","34","135","Departed","Departed","","1"
"SYN-00064","2026-08-29 16:44:00","2026-08-29","2026-08-29 19:31:00","2026-08-29","Yellow","Normal Operations","A05","2026-08-29 17:05:00","21","21","167","Departed","Departed","","1"
"SYN-00065","2026-08-29 16:55:00","2026-08-29","2026-08-29 21:11:00","2026-08-29","Yellow","Normal Operations","A04","2026-08-29 17:13:00","18","18","256","Departed","Departed","","1"
"SYN-00066","2026-08-29 16:56:00","2026-08-29","2026-08-29 20:15:00","2026-08-29","Green","Normal Operations","A05","2026-08-29 17:30:00","34","34","199","Departed","Departed","","1"
"SYN-00067","2026-08-29 17:06:00","2026-08-29","2026-08-29 18:37:00","2026-08-29","Yellow","Normal Operations","A05","2026-08-29 17:24:00","18","18","91","Departed","Departed","","1"
"SYN-00068","2026-08-29 17:24:00","2026-08-29","2026-08-29 20:57:00","2026-08-29","Yellow","Normal Operations","A04","2026-08-29 17:41:00","17","17","213","Departed","Departed","","1"
"SYN-00069","2026-08-29 17:33:00","2026-08-29","2026-08-29 20:23:00","2026-08-29","Orange","Normal Operations","A04","2026-08-29 17:51:00","18","18","170","Departed","Departed","","1"
"SYN-00070","2026-08-29 17:55:00","2026-08-29","2026-08-29 19:42:00","2026-08-29","Yellow","Normal Operations","A05","2026-08-29 18:30:00","35","35","107","Departed","Departed","","1"
"SYN-00071","2026-08-29 18:14:00","2026-08-29","2026-08-29 20:16:00","2026-08-29","Orange","Normal Operations","A04","2026-08-29 18:29:00","15","15","122","Departed","Departed","","1"
"SYN-00072","2026-08-29 18:30:00","2026-08-29","2026-08-29 22:58:00","2026-08-29","Green","Normal Operations","A05","2026-08-29 19:06:00","36","36","268","Departed","Departed","","1"
"SYN-00073","2026-08-29 18:36:00","2026-08-29","2026-08-29 21:25:00","2026-08-29","Green","Normal Operations","A05","2026-08-29 18:58:00","22","22","169","Departed","Departed","","1"
"SYN-00074","2026-08-29 18:43:00","2026-08-29","2026-08-29 20:25:00","2026-08-29","Orange","Normal Operations","A04","2026-08-29 19:00:00","17","17","102","Departed","Departed","","1"
"SYN-00075","2026-08-29 19:06:00","2026-08-29","2026-08-29 21:30:00","2026-08-29","Yellow","Normal Operations","A04","2026-08-29 19:33:00","27","27","144","Departed","Departed","","1"
"SYN-00076","2026-08-29 19:08:00","2026-08-29","2026-08-29 21:48:00","2026-08-29","Orange","Normal Operations","A04","2026-08-29 19:22:00","14","14","160","Departed","Departed","","1"
"SYN-00077","2026-08-29 19:43:00","2026-08-29","2026-08-29 22:48:00","2026-08-29","Yellow","Normal Operations","A04","2026-08-29 20:12:00","29","29","185","Departed","Departed","","1"
"SYN-00078","2026-08-29 19:47:00","2026-08-29","2026-08-29 22:55:00","2026-08-29","Green","Normal Operations","A04","2026-08-29 20:11:00","24","24","188","Departed","Departed","","1"
"SYN-00079","2026-08-29 20:14:00","2026-08-29","2026-08-29 23:17:00","2026-08-29","Yellow","Normal Operations","A05","2026-08-29 20:40:00","26","26","183","Departed","Departed","","1"
"SYN-00080","2026-08-29 20:26:00","2026-08-29","2026-08-29 22:26:00","2026-08-29","Green","Normal Operations","A04","2026-08-29 20:48:00","22","22","120","Departed","Departed","","1"
"SYN-00081","2026-08-29 20:31:00","2026-08-29","2026-08-29 22:01:00","2026-08-29","Red","Normal Operations","A03","2026-08-29 20:33:00","2","2","90","Departed","Departed","","1"
"SYN-00082","2026-08-29 20:39:00","2026-08-29","2026-08-29 23:04:00","2026-08-29","Yellow","Normal Operations","A04","2026-08-29 21:15:00","36","36","145","Departed","Departed","","1"
"SYN-00083","2026-08-29 20:40:00","2026-08-29","2026-08-29 22:32:00","2026-08-29","Yellow","Normal Operations","A05","2026-08-29 21:10:00","30","30","112","Departed","Departed","","1"
"SYN-00084","2026-08-29 20:50:00","2026-08-29","2026-08-29 22:33:00","2026-08-29","Orange","Normal Operations","A04","2026-08-29 21:06:00","16","16","103","Departed","Departed","","1"
"SYN-00085","2026-08-29 21:13:00","2026-08-29","2026-08-29 23:20:00","2026-08-29","Yellow","Normal Operations","A05","2026-08-29 21:47:00","34","34","127","Departed","Departed","","1"
"SYN-00086","2026-08-29 21:28:00","2026-08-29","2026-08-30 00:02:00","2026-08-30","Orange","Normal Operations","A04","2026-08-29 21:43:00","15","15","154","Departed","Departed","","1"
"SYN-00087","2026-08-29 21:53:00","2026-08-29","2026-08-29 23:58:00","2026-08-29","Green","Normal Operations","A05","2026-08-29 22:12:00","19","19","125","Departed","Departed","","1"
"SYN-00088","2026-08-29 22:02:00","2026-08-29","2026-08-30 01:05:00","2026-08-30","Green","Normal Operations","A05","2026-08-29 22:40:00","38","38","183","Departed","Departed","","1"
"SYN-00089","2026-08-29 22:29:00","2026-08-29","2026-08-30 01:10:00","2026-08-30","Green","Normal Operations","A05","2026-08-29 23:02:00","33","33","161","Departed","Departed","","1"
"SYN-00090","2026-08-29 22:54:00","2026-08-29","2026-08-30 04:12:00","2026-08-30","Orange","Normal Operations","A05","2026-08-29 23:09:00","15","15","318","Departed","Departed","","1"
"SYN-00091","2026-08-29 23:18:00","2026-08-29","2026-08-30 01:11:00","2026-08-30","Green","Normal Operations","A04","2026-08-29 23:47:00","29","29","113","Departed","Departed","","1"
"SYN-00092","2026-08-29 23:26:00","2026-08-29","2026-08-30 02:22:00","2026-08-30","Green","Normal Operations","A05","2026-08-29 23:53:00","27","27","176","Departed","Departed","","1"
"SYN-00093","2026-08-29 23:32:00","2026-08-29","2026-08-30 01:37:00","2026-08-30","Blue","Normal Operations","A04","2026-08-29 23:55:00","23","23","125","Departed","Departed","","1"
"SYN-00094","2026-08-29 23:45:00","2026-08-29","2026-08-30 02:39:00","2026-08-30","Yellow","Normal Operations","A05","2026-08-30 00:17:00","32","32","174","Departed","Departed","","1"
"SYN-00095","2026-08-30 00:29:00","2026-08-30","2026-08-30 02:56:00","2026-08-30","Green","Normal Operations","A04","2026-08-30 01:02:00","33","33","147","Departed","Departed","","1"
"SYN-00096","2026-08-30 01:16:00","2026-08-30","2026-08-30 03:37:00","2026-08-30","Yellow","Normal Operations","A04","2026-08-30 01:30:00","14","14","141","Departed","Departed","","1"
"SYN-00097","2026-08-30 02:40:00","2026-08-30","2026-08-30 05:42:00","2026-08-30","Orange","Normal Operations","A04","2026-08-30 02:54:00","14","14","182","Departed","Departed","","1"
"SYN-00098","2026-08-30 02:49:00","2026-08-30","2026-08-30 05:18:00","2026-08-30","Yellow","Normal Operations","A04","2026-08-30 03:09:00","20","20","149","Departed","Departed","","1"
"SYN-00099","2026-08-30 02:56:00","2026-08-30","2026-08-30 05:52:00","2026-08-30","Orange","Normal Operations","A04","2026-08-30 03:08:00","12","12","176","Departed","Departed","","1"
"SYN-00100","2026-08-30 03:29:00","2026-08-30","2026-08-30 05:30:00","2026-08-30","Green","Normal Operations","A04","2026-08-30 03:50:00","21","21","121","Departed","Departed","","1"
"SYN-00101","2026-08-30 03:34:00","2026-08-30","2026-08-30 05:28:00","2026-08-30","Green","Normal Operations","A04","2026-08-30 04:08:00","34","34","114","Departed","Departed","","1"
"SYN-00102","2026-08-30 03:43:00","2026-08-30","2026-08-30 05:40:00","2026-08-30","Yellow","Normal Operations","A05","2026-08-30 04:04:00","21","21","117","Departed","Departed","","1"
"SYN-00103","2026-08-30 04:14:00","2026-08-30","2026-08-30 06:10:00","2026-08-30","Green","Normal Operations","A04","2026-08-30 04:48:00","34","34","116","Departed","Departed","","1"
"SYN-00104","2026-08-30 04:50:00","2026-08-30","2026-08-30 07:17:00","2026-08-30","Yellow","Normal Operations","A05","2026-08-30 05:10:00","20","20","147","Departed","Departed","","1"
"SYN-00105","2026-08-30 05:24:00","2026-08-30","2026-08-30 07:58:00","2026-08-30","Orange","Normal Operations","A05","2026-08-30 05:36:00","12","12","154","Departed","Departed","","1"
"SYN-00106","2026-08-30 05:50:00","2026-08-30","2026-08-30 08:33:00","2026-08-30","Yellow","Normal Operations","A04","2026-08-30 06:19:00","29","29","163","Departed","Departed","","1"
"SYN-00107","2026-08-30 05:55:00","2026-08-30","2026-08-30 09:25:00","2026-08-30","Yellow","Normal Operations","A05","2026-08-30 06:17:00","22","22","210","Departed","Departed","","1"
"SYN-00108","2026-08-30 06:39:00","2026-08-30","2026-08-30 10:00:00","2026-08-30","Yellow","Normal Operations","A04","2026-08-30 07:06:00","27","27","201","Departed","Departed","","1"
"SYN-00109","2026-08-30 06:41:00","2026-08-30","2026-08-30 08:30:00","2026-08-30","Green","Normal Operations","A04","2026-08-30 07:09:00","28","28","109","Departed","Departed","","1"
"SYN-00110","2026-08-30 07:14:00","2026-08-30","2026-08-30 11:29:00","2026-08-30","Green","Normal Operations","A04","2026-08-30 07:41:00","27","27","255","Departed","Departed","","1"
"SYN-00111","2026-08-30 07:16:00","2026-08-30","2026-08-30 09:46:00","2026-08-30","Yellow","Normal Operations","A04","2026-08-30 07:32:00","16","16","150","Departed","Departed","","1"
"SYN-00112","2026-08-30 07:51:00","2026-08-30","2026-08-30 10:53:00","2026-08-30","Blue","Normal Operations","A05","2026-08-30 08:27:00","36","36","182","Departed","Departed","","1"
"SYN-00113","2026-08-30 07:59:00","2026-08-30","2026-08-30 11:02:00","2026-08-30","Green","Normal Operations","A04","2026-08-30 08:21:00","22","22","183","Departed","Departed","","1"
"SYN-00114","2026-08-30 08:02:00","2026-08-30","2026-08-30 09:39:00","2026-08-30","Orange","Normal Operations","A05","2026-08-30 08:21:00","19","19","97","Departed","Departed","","1"
"SYN-00115","2026-08-30 08:11:00","2026-08-30","2026-08-30 09:52:00","2026-08-30","Green","Normal Operations","A05","2026-08-30 08:35:00","24","24","101","Departed","Departed","","1"
"SYN-00116","2026-08-30 08:15:00","2026-08-30","2026-08-30 14:06:00","2026-08-30","Orange","Normal Operations","A05","2026-08-30 08:30:00","15","15","351","Departed","Departed","","1"
"SYN-00117","2026-08-30 08:29:00","2026-08-30","2026-08-30 12:51:00","2026-08-30","Blue","Normal Operations","A04","2026-08-30 08:59:00","30","30","262","Departed","Departed","","1"
"SYN-00118","2026-08-30 08:32:00","2026-08-30","2026-08-30 11:22:00","2026-08-30","Green","Normal Operations","A04","2026-08-30 08:50:00","18","18","170","Departed","Departed","","1"
"SYN-00119","2026-08-30 08:37:00","2026-08-30","2026-08-30 10:43:00","2026-08-30","Yellow","Normal Operations","A05","2026-08-30 08:50:00","13","13","126","Departed","Departed","","1"
"SYN-00120","2026-08-30 09:12:00","2026-08-30","2026-08-30 11:42:00","2026-08-30","Yellow","Normal Operations","A04","2026-08-30 09:52:00","40","40","150","Departed","Departed","","1"
"SYN-00121","2026-08-30 09:28:00","2026-08-30","2026-08-30 14:39:00","2026-08-30","Orange","Normal Operations","A05","2026-08-30 09:40:00","12","12","311","Departed","Departed","","1"
"SYN-00122","2026-08-30 09:35:00","2026-08-30","2026-08-30 12:05:00","2026-08-30","Yellow","Normal Operations","A05","2026-08-30 09:52:00","17","17","150","Departed","Departed","","1"
"SYN-00123","2026-08-30 10:41:00","2026-08-30","2026-08-30 13:13:00","2026-08-30","Yellow","Normal Operations","A04","2026-08-30 11:01:00","20","20","152","Departed","Departed","","1"
"SYN-00124","2026-08-30 10:42:00","2026-08-30","2026-08-30 12:38:00","2026-08-30","Blue","Normal Operations","A04","2026-08-30 10:59:00","17","17","116","Departed","Departed","","1"
"SYN-00125","2026-08-30 10:59:00","2026-08-30","2026-08-30 15:25:00","2026-08-30","Green","Normal Operations","A05","2026-08-30 11:28:00","29","29","266","Departed","Departed","","1"
"SYN-00126","2026-08-30 11:01:00","2026-08-30","2026-08-30 15:35:00","2026-08-30","Orange","Normal Operations","A05","2026-08-30 11:22:00","21","21","274","Departed","Departed","","1"
"SYN-00127","2026-08-30 11:26:00","2026-08-30","2026-08-30 14:30:00","2026-08-30","Yellow","Normal Operations","A04","2026-08-30 11:55:00","29","29","184","Departed","Departed","","1"
"SYN-00128","2026-08-30 11:36:00","2026-08-30","2026-08-30 13:22:00","2026-08-30","Red","Normal Operations","A03","2026-08-30 11:38:00","2","2","106","Departed","Departed","","1"
"SYN-00129","2026-08-30 11:54:00","2026-08-30","2026-08-30 16:32:00","2026-08-30","Yellow","Normal Operations","A05","2026-08-30 12:14:00","20","20","278","Departed","Departed","","1"
"SYN-00130","2026-08-30 12:10:00","2026-08-30","2026-08-30 14:01:00","2026-08-30","Yellow","Normal Operations","A05","2026-08-30 12:30:00","20","20","111","Departed","Departed","","1"
"SYN-00131","2026-08-30 12:12:00","2026-08-30","2026-08-30 15:07:00","2026-08-30","Orange","Normal Operations","A04","2026-08-30 12:30:00","18","18","175","Departed","Departed","","1"
"SYN-00132","2026-08-30 12:20:00","2026-08-30","2026-08-30 14:26:00","2026-08-30","Yellow","Normal Operations","A05","2026-08-30 12:57:00","37","37","126","Departed","Departed","","1"
"SYN-00133","2026-08-30 12:43:00","2026-08-30","2026-08-30 15:44:00","2026-08-30","Blue","Normal Operations","A05","2026-08-30 13:17:00","34","34","181","Departed","Departed","","1"
"SYN-00134","2026-08-30 12:46:00","2026-08-30","2026-08-30 15:26:00","2026-08-30","Yellow","Normal Operations","A04","2026-08-30 13:24:00","38","38","160","Departed","Departed","","1"
"SYN-00135","2026-08-30 12:54:00","2026-08-30","2026-08-30 15:35:00","2026-08-30","Green","Normal Operations","A04","2026-08-30 13:11:00","17","17","161","Departed","Departed","","1"
"SYN-00136","2026-08-30 13:05:00","2026-08-30","2026-08-30 15:38:00","2026-08-30","Yellow","Normal Operations","A04","2026-08-30 13:27:00","22","22","153","Departed","Departed","","1"
"SYN-00137","2026-08-30 13:22:00","2026-08-30","2026-08-30 15:19:00","2026-08-30","Yellow","Normal Operations","A04","2026-08-30 13:47:00","25","25","117","Departed","Departed","","1"
"SYN-00138","2026-08-30 13:28:00","2026-08-30","2026-08-30 17:35:00","2026-08-30","Red","Normal Operations","A03","2026-08-30 13:30:00","2","2","247","Departed","Departed","","1"
"SYN-00139","2026-08-30 13:32:00","2026-08-30","2026-08-30 18:26:00","2026-08-30","Yellow","Normal Operations","A04","2026-08-30 14:08:00","36","36","294","Departed","Departed","","1"
"SYN-00140","2026-08-30 14:03:00","2026-08-30","2026-08-30 19:44:00","2026-08-30","Green","Normal Operations","A04","2026-08-30 14:24:00","21","21","341","Departed","Departed","","1"
"SYN-00141","2026-08-30 14:07:00","2026-08-30","2026-08-30 16:16:00","2026-08-30","Red","Normal Operations","A03","2026-08-30 14:09:00","2","2","129","Departed","Departed","","1"
"SYN-00142","2026-08-30 14:08:00","2026-08-30","2026-08-30 17:14:00","2026-08-30","Blue","Normal Operations","A04","2026-08-30 14:44:00","36","36","186","Departed","Departed","","1"
"SYN-00143","2026-08-30 14:28:00","2026-08-30","2026-08-30 16:57:00","2026-08-30","Green","Normal Operations","A04","2026-08-30 14:48:00","20","20","149","Departed","Departed","","1"
"SYN-00144","2026-08-30 14:46:00","2026-08-30","2026-08-30 18:42:00","2026-08-30","Green","Normal Operations","A05","2026-08-30 15:23:00","37","37","236","Departed","Departed","","1"
"SYN-00145","2026-08-30 15:09:00","2026-08-30","2026-08-30 17:27:00","2026-08-30","Yellow","Normal Operations","A05","2026-08-30 15:29:00","20","20","138","Departed","Departed","","1"
"SYN-00146","2026-08-30 15:48:00","2026-08-30","2026-08-30 17:49:00","2026-08-30","Orange","Normal Operations","A04","2026-08-30 16:02:00","14","14","121","Departed","Departed","","1"
"SYN-00147","2026-08-30 15:50:00","2026-08-30","2026-08-30 17:41:00","2026-08-30","Green","Normal Operations","A05","2026-08-30 16:27:00","37","37","111","Departed","Departed","","1"
"SYN-00148","2026-08-30 15:57:00","2026-08-30","2026-08-30 19:00:00","2026-08-30","Yellow","Normal Operations","A04","2026-08-30 16:29:00","32","32","183","Departed","Departed","","1"
"SYN-00149","2026-08-30 16:02:00","2026-08-30","2026-08-30 18:20:00","2026-08-30","Green","Normal Operations","A04","2026-08-30 16:38:00","36","36","138","Departed","Departed","","1"
"SYN-00150","2026-08-30 16:10:00","2026-08-30","2026-08-30 18:13:00","2026-08-30","Yellow","Normal Operations","A05","2026-08-30 16:39:00","29","29","123","Departed","Departed","","1"
"SYN-00151","2026-08-30 16:30:00","2026-08-30","2026-08-30 18:29:00","2026-08-30","Green","Normal Operations","A04","2026-08-30 16:50:00","20","20","119","Departed","Departed","","1"
"SYN-00152","2026-08-30 16:45:00","2026-08-30","2026-08-30 19:33:00","2026-08-30","Green","Normal Operations","A05","2026-08-30 17:05:00","20","20","168","Departed","Departed","","1"
"SYN-00153","2026-08-30 16:56:00","2026-08-30","2026-08-30 21:38:00","2026-08-30","Yellow","Normal Operations","A04","2026-08-30 17:15:00","19","19","282","Departed","Departed","","1"
"SYN-00154","2026-08-30 17:17:00","2026-08-30","2026-08-30 20:15:00","2026-08-30","Yellow","Normal Operations","A04","2026-08-30 17:37:00","20","20","178","Departed","Departed","","1"
"SYN-00155","2026-08-30 17:36:00","2026-08-30","2026-08-30 22:24:00","2026-08-30","Green","Normal Operations","A04","2026-08-30 18:07:00","31","31","288","Departed","Departed","","1"
"SYN-00156","2026-08-30 17:59:00","2026-08-30","2026-08-30 19:36:00","2026-08-30","Orange","Normal Operations","A04","2026-08-30 18:12:00","13","13","97","Departed","Departed","","1"
"SYN-00157","2026-08-30 18:06:00","2026-08-30","2026-08-30 19:48:00","2026-08-30","Orange","Normal Operations","A05","2026-08-30 18:23:00","17","17","102","Departed","Departed","","1"
"SYN-00158","2026-08-30 18:12:00","2026-08-30","2026-08-30 20:58:00","2026-08-30","Yellow","Normal Operations","A04","2026-08-30 18:42:00","30","30","166","Departed","Departed","","1"
"SYN-00159","2026-08-30 18:36:00","2026-08-30","2026-08-30 20:36:00","2026-08-30","Yellow","Normal Operations","A04","2026-08-30 18:54:00","18","18","120","Departed","Departed","","1"
"SYN-00160","2026-08-30 18:46:00","2026-08-30","2026-08-30 21:42:00","2026-08-30","Orange","Normal Operations","A04","2026-08-30 19:00:00","14","14","176","Departed","Departed","","1"
"SYN-00161","2026-08-30 19:16:00","2026-08-30","2026-08-30 21:45:00","2026-08-30","Yellow","Normal Operations","A04","2026-08-30 19:44:00","28","28","149","Departed","Departed","","1"
"SYN-00162","2026-08-30 19:24:00","2026-08-30","2026-08-31 01:34:00","2026-08-31","Green","Normal Operations","A05","2026-08-30 19:49:00","25","25","370","Departed","Departed","","1"
"SYN-00163","2026-08-30 19:34:00","2026-08-30","2026-08-30 22:09:00","2026-08-30","Yellow","Normal Operations","A04","2026-08-30 20:06:00","32","32","155","Departed","Departed","","1"
"SYN-00164","2026-08-30 20:19:00","2026-08-30","2026-08-30 22:56:00","2026-08-30","Green","Normal Operations","A04","2026-08-30 20:48:00","29","29","157","Departed","Departed","","1"
"SYN-00165","2026-08-30 20:44:00","2026-08-30","2026-08-30 22:21:00","2026-08-30","Green","Normal Operations","A04","2026-08-30 21:02:00","18","18","97","Departed","Departed","","1"
"SYN-00166","2026-08-30 20:59:00","2026-08-30","2026-08-30 23:37:00","2026-08-30","Orange","Normal Operations","A04","2026-08-30 21:18:00","19","19","158","Departed","Departed","","1"
"SYN-00167","2026-08-30 21:14:00","2026-08-30","2026-08-31 02:05:00","2026-08-31","Green","Normal Operations","A04","2026-08-30 21:45:00","31","31","291","Departed","Departed","","1"
"SYN-00168","2026-08-30 21:19:00","2026-08-30","2026-08-31 00:03:00","2026-08-31","Blue","Normal Operations","A04","2026-08-30 21:42:00","23","23","164","Departed","Departed","","1"
"SYN-00169","2026-08-30 21:42:00","2026-08-30","2026-08-30 23:48:00","2026-08-30","Blue","Normal Operations","A05","2026-08-30 22:15:00","33","33","126","Departed","Departed","","1"
"SYN-00170","2026-08-30 21:46:00","2026-08-30","2026-08-31 00:49:00","2026-08-31","Green","Normal Operations","A04","2026-08-30 22:14:00","28","28","183","Departed","Departed","","1"
"SYN-00171","2026-08-30 21:56:00","2026-08-30","2026-08-31 00:24:00","2026-08-31","Yellow","Normal Operations","A05","2026-08-30 22:21:00","25","25","148","Departed","Departed","","1"
"SYN-00172","2026-08-30 22:10:00","2026-08-30","2026-08-31 03:14:00","2026-08-31","Yellow","Normal Operations","A05","2026-08-30 22:36:00","26","26","304","Departed","Departed","","1"
"SYN-00173","2026-08-30 22:16:00","2026-08-30","2026-08-31 00:22:00","2026-08-31","Blue","Normal Operations","A04","2026-08-30 22:33:00","17","17","126","Departed","Departed","","1"
"SYN-00174","2026-08-30 22:33:00","2026-08-30","2026-08-31 01:08:00","2026-08-31","Blue","Normal Operations","A04","2026-08-30 23:03:00","30","30","155","Departed","Departed","","1"
"SYN-00175","2026-08-30 22:40:00","2026-08-30","2026-08-31 00:07:00","2026-08-31","Yellow","Normal Operations","A04","2026-08-30 22:55:00","15","15","87","Departed","Departed","","1"
"SYN-00176","2026-08-30 22:42:00","2026-08-30","2026-08-31 00:24:00","2026-08-31","Yellow","Normal Operations","A04","2026-08-30 23:12:00","30","30","102","Departed","Departed","","1"
"SYN-00177","2026-08-30 22:53:00","2026-08-30","2026-08-31 01:15:00","2026-08-31","Orange","Normal Operations","A04","2026-08-30 23:10:00","17","17","142","Departed","Departed","","1"
"SYN-00178","2026-08-30 23:20:00","2026-08-30","2026-08-31 01:09:00","2026-08-31","Yellow","Normal Operations","A04","2026-08-30 23:55:00","35","35","109","Departed","Departed","","1"
"SYN-00179","2026-08-30 23:28:00","2026-08-30","2026-08-31 01:11:00","2026-08-31","Yellow","Normal Operations","A04","2026-08-30 23:46:00","18","18","103","Departed","Departed","","1"
"SYN-00180","2026-08-30 23:32:00","2026-08-30","2026-08-31 01:33:00","2026-08-31","Yellow","Normal Operations","A05","2026-08-30 23:58:00","26","26","121","Departed","Departed","","1"
"SYN-00181","2026-08-30 23:33:00","2026-08-30","2026-08-31 01:29:00","2026-08-31","Red","Normal Operations","A03","2026-08-30 23:35:00","2","2","116","Departed","Departed","","1"
"SYN-00182","2026-08-30 23:47:00","2026-08-30","2026-08-31 03:29:00","2026-08-31","Yellow","Normal Operations","A04","2026-08-31 00:22:00","35","35","222","Departed","Departed","","1"
"SYN-00183","2026-08-30 23:58:00","2026-08-30","2026-08-31 02:54:00","2026-08-31","Orange","Normal Operations","A04","2026-08-31 00:15:00","17","17","176","Departed","Departed","","1"
"SYN-00184","2026-08-31 00:08:00","2026-08-31","2026-08-31 03:07:00","2026-08-31","Green","Normal Operations","A04","2026-08-31 00:36:00","28","28","179","Departed","Departed","","1"
"SYN-00185","2026-08-31 00:43:00","2026-08-31","2026-08-31 02:35:00","2026-08-31","Orange","Normal Operations","A04","2026-08-31 01:00:00","17","17","112","Departed","Departed","","1"
"SYN-00186","2026-08-31 00:57:00","2026-08-31","2026-08-31 04:11:00","2026-08-31","Green","Normal Operations","A05","2026-08-31 01:33:00","36","36","194","Departed","Departed","","1"
"SYN-00187","2026-08-31 01:57:00","2026-08-31","2026-08-31 04:29:00","2026-08-31","Orange","Normal Operations","A04","2026-08-31 02:11:00","14","14","152","Departed","Departed","","1"
"SYN-00188","2026-08-31 01:58:00","2026-08-31","2026-08-31 04:04:00","2026-08-31","Blue","Normal Operations","A04","2026-08-31 02:26:00","28","28","126","Departed","Departed","","1"
"SYN-00189","2026-08-31 02:08:00","2026-08-31","2026-08-31 04:38:00","2026-08-31","Blue","Normal Operations","A04","2026-08-31 02:35:00","27","27","150","Departed","Departed","","1"
"SYN-00190","2026-08-31 02:17:00","2026-08-31","2026-08-31 04:17:00","2026-08-31","Green","Normal Operations","A04","2026-08-31 02:40:00","23","23","120","Departed","Departed","","1"
"SYN-00191","2026-08-31 02:22:00","2026-08-31","2026-08-31 05:17:00","2026-08-31","Yellow","Normal Operations","A05","2026-08-31 02:43:00","21","21","175","Departed","Departed","","1"
"SYN-00192","2026-08-31 03:01:00","2026-08-31","2026-08-31 04:33:00","2026-08-31","Yellow","Normal Operations","A05","2026-08-31 03:18:00","17","17","92","Departed","Departed","","1"
"SYN-00193","2026-08-31 04:09:00","2026-08-31","2026-08-31 06:59:00","2026-08-31","Yellow","Normal Operations","A04","2026-08-31 04:45:00","36","36","170","Departed","Departed","","1"
"SYN-00194","2026-08-31 04:53:00","2026-08-31","2026-08-31 09:52:00","2026-08-31","Green","Normal Operations","A05","2026-08-31 05:17:00","24","24","299","Departed","Departed","","1"
"SYN-00195","2026-08-31 05:22:00","2026-08-31","2026-08-31 07:19:00","2026-08-31","Yellow","Normal Operations","A04","2026-08-31 05:59:00","37","37","117","Departed","Departed","","1"
"SYN-00196","2026-08-31 05:44:00","2026-08-31","2026-08-31 08:49:00","2026-08-31","Yellow","Normal Operations","A04","2026-08-31 06:14:00","30","30","185","Departed","Departed","","1"
"SYN-00197","2026-08-31 05:47:00","2026-08-31","2026-08-31 07:32:00","2026-08-31","Yellow","Normal Operations","A04","2026-08-31 06:18:00","31","31","105","Departed","Departed","","1"
"SYN-00198","2026-08-31 06:08:00","2026-08-31","2026-08-31 07:54:00","2026-08-31","Blue","Normal Operations","A04","2026-08-31 06:33:00","25","25","106","Departed","Departed","","1"
"SYN-00199","2026-08-31 06:22:00","2026-08-31","2026-08-31 09:16:00","2026-08-31","Green","Normal Operations","A05","2026-08-31 06:45:00","23","23","174","Departed","Departed","","1"
"SYN-00200","2026-08-31 06:54:00","2026-08-31","2026-08-31 11:26:00","2026-08-31","Yellow","Normal Operations","A04","2026-08-31 07:29:00","35","35","272","Departed","Departed","","1"
"SYN-00201","2026-08-31 07:01:00","2026-08-31","2026-08-31 09:27:00","2026-08-31","Yellow","Normal Operations","A04","2026-08-31 07:27:00","26","26","146","Departed","Departed","","1"
"SYN-00202","2026-08-31 07:26:00","2026-08-31","2026-08-31 11:25:00","2026-08-31","Orange","Normal Operations","A05","2026-08-31 07:43:00","17","17","239","Departed","Departed","","1"
"SYN-00203","2026-08-31 07:28:00","2026-08-31","2026-08-31 10:04:00","2026-08-31","Orange","Normal Operations","A04","2026-08-31 07:47:00","19","19","156","Departed","Departed","","1"
"SYN-00204","2026-08-31 07:45:00","2026-08-31","2026-08-31 11:34:00","2026-08-31","Yellow","Normal Operations","A05","2026-08-31 08:09:00","24","24","229","Departed","Departed","","1"
"SYN-00205","2026-08-31 08:04:00","2026-08-31","2026-08-31 10:26:00","2026-08-31","Yellow","Normal Operations","A04","2026-08-31 08:28:00","24","24","142","Departed","Departed","","1"
"SYN-00206","2026-08-31 08:08:00","2026-08-31","2026-08-31 10:15:00","2026-08-31","Green","Normal Operations","A04","2026-08-31 08:45:00","37","37","127","Departed","Departed","","1"
"SYN-00207","2026-08-31 08:32:00","2026-08-31","2026-08-31 10:47:00","2026-08-31","Yellow","Normal Operations","A04","2026-08-31 08:58:00","26","26","135","Departed","Departed","","1"
"SYN-00208","2026-08-31 08:55:00","2026-08-31","2026-08-31 10:17:00","2026-08-31","Red","Normal Operations","A03","2026-08-31 08:57:00","2","2","82","Departed","Departed","","1"
"SYN-00209","2026-08-31 09:09:00","2026-08-31","2026-08-31 11:55:00","2026-08-31","Yellow","Normal Operations","A04","2026-08-31 09:39:00","30","30","166","Departed","Departed","","1"
"SYN-00210","2026-08-31 09:13:00","2026-08-31","2026-08-31 12:01:00","2026-08-31","Orange","Normal Operations","A04","2026-08-31 09:27:00","14","14","168","Departed","Departed","","1"
"SYN-00211","2026-08-31 09:15:00","2026-08-31","2026-08-31 12:08:00","2026-08-31","Blue","Normal Operations","A04","2026-08-31 09:41:00","26","26","173","Departed","Departed","","1"
"SYN-00212","2026-08-31 09:30:00","2026-08-31","2026-08-31 11:20:00","2026-08-31","Green","Normal Operations","A04","2026-08-31 09:58:00","28","28","110","Departed","Departed","","1"
"SYN-00213","2026-08-31 09:47:00","2026-08-31","2026-08-31 11:18:00","2026-08-31","Orange","Normal Operations","A04","2026-08-31 10:05:00","18","18","91","Departed","Departed","","1"
"SYN-00214","2026-08-31 09:52:00","2026-08-31","2026-08-31 12:01:00","2026-08-31","Orange","Normal Operations","A04","2026-08-31 10:11:00","19","19","129","Departed","Departed","","1"
"SYN-00215","2026-08-31 10:02:00","2026-08-31","2026-08-31 11:52:00","2026-08-31","Yellow","Normal Operations","A04","2026-08-31 10:34:00","32","32","110","Departed","Departed","","1"
"SYN-00216","2026-08-31 10:17:00","2026-08-31","2026-08-31 13:35:00","2026-08-31","Yellow","Normal Operations","A04","2026-08-31 10:55:00","38","38","198","Departed","Departed","","1"
"SYN-00217","2026-08-31 10:20:00","2026-08-31","2026-08-31 12:19:00","2026-08-31","Blue","Normal Operations","A04","2026-08-31 10:37:00","17","17","119","Departed","Departed","","1"
"SYN-00218","2026-08-31 10:49:00","2026-08-31","2026-08-31 13:17:00","2026-08-31","Yellow","Normal Operations","A04","2026-08-31 11:21:00","32","32","148","Departed","Departed","","1"
"SYN-00219","2026-08-31 11:27:00","2026-08-31","2026-08-31 14:19:00","2026-08-31","Blue","Normal Operations","A04","2026-08-31 11:50:00","23","23","172","Departed","Departed","","1"
"SYN-00220","2026-08-31 11:29:00","2026-08-31","2026-08-31 13:52:00","2026-08-31","Orange","Normal Operations","A04","2026-08-31 11:44:00","15","15","143","Departed","Departed","","1"
"SYN-00221","2026-08-31 11:56:00","2026-08-31","2026-08-31 14:09:00","2026-08-31","Yellow","Normal Operations","A04","2026-08-31 12:25:00","29","29","133","Departed","Departed","","1"
"SYN-00222","2026-08-31 12:07:00","2026-08-31","2026-08-31 14:53:00","2026-08-31","Yellow","Normal Operations","A04","2026-08-31 12:44:00","37","37","166","Departed","Departed","","1"
"SYN-00223","2026-08-31 12:10:00","2026-08-31","2026-08-31 14:41:00","2026-08-31","Yellow","Normal Operations","A05","2026-08-31 12:40:00","30","30","151","Departed","Departed","","1"
"SYN-00224","2026-08-31 12:21:00","2026-08-31","2026-08-31 15:07:00","2026-08-31","Yellow","Normal Operations","A05","2026-08-31 12:51:00","30","30","166","Departed","Departed","","1"
"SYN-00225","2026-08-31 12:25:00","2026-08-31","2026-08-31 15:03:00","2026-08-31","Red","Normal Operations","A03","2026-08-31 12:27:00","2","2","158","Departed","Departed","","1"
"SYN-00226","2026-08-31 12:30:00","2026-08-31","2026-08-31 14:19:00","2026-08-31","Yellow","Normal Operations","A04","2026-08-31 12:46:00","16","16","109","Departed","Departed","","1"
"SYN-00227","2026-08-31 12:55:00","2026-08-31","2026-08-31 15:25:00","2026-08-31","Yellow","Normal Operations","A04","2026-08-31 13:14:00","19","19","150","Departed","Departed","","1"
"SYN-00228","2026-08-31 13:12:00","2026-08-31","2026-08-31 15:51:00","2026-08-31","Yellow","Normal Operations","A04","2026-08-31 13:35:00","23","23","159","Departed","Departed","","1"
"SYN-00229","2026-08-31 13:29:00","2026-08-31","2026-08-31 16:22:00","2026-08-31","Orange","Normal Operations","A04","2026-08-31 13:46:00","17","17","173","Departed","Departed","","1"
"SYN-00230","2026-08-31 13:35:00","2026-08-31","2026-08-31 16:05:00","2026-08-31","Yellow","Normal Operations","A04","2026-08-31 14:00:00","25","25","150","Departed","Departed","","1"
"SYN-00231","2026-08-31 13:36:00","2026-08-31","2026-08-31 16:25:00","2026-08-31","Blue","Normal Operations","A04","2026-08-31 14:08:00","32","32","169","Departed","Departed","","1"
"SYN-00232","2026-08-31 14:13:00","2026-08-31","2026-08-31 18:55:00","2026-08-31","Yellow","Normal Operations","A04","2026-08-31 14:44:00","31","31","282","Departed","Departed","","1"
"SYN-00233","2026-08-31 14:19:00","2026-08-31","2026-08-31 17:11:00","2026-08-31","Blue","Normal Operations","A04","2026-08-31 14:40:00","21","21","172","Departed","Departed","","1"
"SYN-00234","2026-08-31 14:50:00","2026-08-31","2026-08-31 16:27:00","2026-08-31","Yellow","Normal Operations","A04","2026-08-31 15:16:00","26","26","97","Departed","Departed","","1"
"SYN-00235","2026-08-31 15:06:00","2026-08-31","2026-08-31 17:20:00","2026-08-31","Green","Normal Operations","A04","2026-08-31 15:27:00","21","21","134","Departed","Departed","","1"
"SYN-00236","2026-08-31 15:17:00","2026-08-31","2026-08-31 17:04:00","2026-08-31","Green","Normal Operations","A04","2026-08-31 15:47:00","30","30","107","Departed","Departed","","1"
"SYN-00237","2026-08-31 15:58:00","2026-08-31","2026-08-31 18:53:00","2026-08-31","Blue","Normal Operations","A05","2026-08-31 16:35:00","37","37","175","Departed","Departed","","1"
"SYN-00238","2026-08-31 16:03:00","2026-08-31","2026-08-31 18:48:00","2026-08-31","Red","Normal Operations","A03","2026-08-31 16:05:00","2","2","165","Departed","Departed","","1"
"SYN-00239","2026-08-31 16:19:00","2026-08-31","2026-08-31 18:19:00","2026-08-31","Yellow","Normal Operations","A04","2026-08-31 16:38:00","19","19","120","Departed","Departed","","1"
"SYN-00240","2026-08-31 16:28:00","2026-08-31","2026-08-31 19:15:00","2026-08-31","Yellow","Normal Operations","A04","2026-08-31 17:06:00","38","38","167","Departed","Departed","","1"
"SYN-00241","2026-08-31 16:50:00","2026-08-31","2026-08-31 19:44:00","2026-08-31","Orange","Normal Operations","A04","2026-08-31 17:03:00","13","13","174","Departed","Departed","","1"
"SYN-00242","2026-08-31 16:51:00","2026-08-31","2026-08-31 22:06:00","2026-08-31","Yellow","Normal Operations","A04","2026-08-31 17:15:00","24","24","315","Departed","Departed","","1"
"SYN-00243","2026-08-31 17:05:00","2026-08-31","2026-08-31 18:51:00","2026-08-31","Yellow","Normal Operations","A04","2026-08-31 17:33:00","28","28","106","Departed","Departed","","1"
"SYN-00244","2026-08-31 17:08:00","2026-08-31","2026-08-31 18:43:00","2026-08-31","Orange","Normal Operations","A04","2026-08-31 17:18:00","10","10","95","Departed","Departed","","1"
"SYN-00245","2026-08-31 17:46:00","2026-08-31","2026-08-31 19:34:00","2026-08-31","Yellow","Normal Operations","A04","2026-08-31 18:20:00","34","34","108","Departed","Departed","","1"
"SYN-00246","2026-08-31 17:46:00","2026-08-31","2026-08-31 20:08:00","2026-08-31","Yellow","Normal Operations","A04","2026-08-31 18:09:00","23","23","142","Departed","Departed","","1"
"SYN-00247","2026-08-31 17:58:00","2026-08-31","2026-08-31 20:33:00","2026-08-31","Green","Normal Operations","A04","2026-08-31 18:30:00","32","32","155","Departed","Departed","","1"
"SYN-00248","2026-08-31 18:19:00","2026-08-31","2026-08-31 20:37:00","2026-08-31","Yellow","Normal Operations","A04","2026-08-31 18:54:00","35","35","138","Departed","Departed","","1"
"SYN-00249","2026-08-31 18:34:00","2026-08-31","2026-08-31 21:33:00","2026-08-31","Yellow","Normal Operations","A04","2026-08-31 19:03:00","29","29","179","Departed","Departed","","1"
"SYN-00250","2026-08-31 18:39:00","2026-08-31","2026-08-31 23:37:00","2026-08-31","Green","Normal Operations","A04","2026-08-31 19:16:00","37","37","298","Departed","Departed","","1"
"SYN-00251","2026-08-31 18:55:00","2026-08-31","2026-08-31 22:53:00","2026-08-31","Green","Normal Operations","A04","2026-08-31 19:33:00","38","38","238","Departed","Departed","","1"
"SYN-00252","2026-08-31 18:56:00","2026-08-31","2026-08-31 21:14:00","2026-08-31","Blue","Normal Operations","A04","2026-08-31 19:19:00","23","23","138","Departed","Departed","","1"
"SYN-00253","2026-08-31 19:04:00","2026-08-31","2026-08-31 23:18:00","2026-08-31","Green","Normal Operations","A05","2026-08-31 19:37:00","33","33","254","Departed","Departed","","1"
"SYN-00254","2026-08-31 19:15:00","2026-08-31","2026-08-31 21:02:00","2026-08-31","Green","Normal Operations","A05","2026-08-31 19:47:00","32","32","107","Departed","Departed","","1"
"SYN-00255","2026-08-31 19:26:00","2026-08-31","2026-09-01 00:16:00","2026-09-01","Green","Normal Operations","A04","2026-08-31 19:54:00","28","28","290","Departed","Departed","","1"
"SYN-00256","2026-08-31 19:28:00","2026-08-31","2026-08-31 21:09:00","2026-08-31","Yellow","Normal Operations","A04","2026-08-31 19:53:00","25","25","101","Departed","Departed","","1"
"SYN-00257","2026-08-31 19:37:00","2026-08-31","2026-09-01 01:30:00","2026-09-01","Green","Normal Operations","A04","2026-08-31 20:10:00","33","33","353","Departed","Departed","","1"
"SYN-00258","2026-08-31 20:19:00","2026-08-31","2026-08-31 23:14:00","2026-08-31","Yellow","Normal Operations","A04","2026-08-31 20:53:00","34","34","175","Departed","Departed","","1"
"SYN-00259","2026-08-31 20:28:00","2026-08-31","2026-08-31 23:37:00","2026-08-31","Green","Normal Operations","A05","2026-08-31 21:00:00","32","32","189","Departed","Departed","","1"
"SYN-00260","2026-08-31 20:29:00","2026-08-31","2026-08-31 22:55:00","2026-08-31","Yellow","Normal Operations","A05","2026-08-31 20:59:00","30","30","146","Departed","Departed","","1"
"SYN-00261","2026-08-31 20:45:00","2026-08-31","2026-09-01 01:27:00","2026-09-01","Green","Normal Operations","A05","2026-08-31 21:10:00","25","25","282","Departed","Departed","","1"
"SYN-00262","2026-08-31 20:57:00","2026-08-31","2026-08-31 23:50:00","2026-08-31","Yellow","Normal Operations","A04","2026-08-31 21:16:00","19","19","173","Departed","Departed","","1"
"SYN-00263","2026-08-31 21:12:00","2026-08-31","2026-08-31 23:46:00","2026-08-31","Yellow","Normal Operations","A04","2026-08-31 21:30:00","18","18","154","Departed","Departed","","1"
"SYN-00264","2026-08-31 21:15:00","2026-08-31","2026-09-01 00:08:00","2026-09-01","Blue","Normal Operations","A04","2026-08-31 21:51:00","36","36","173","Departed","Departed","","1"
"SYN-00265","2026-08-31 21:34:00","2026-08-31","2026-08-31 23:19:00","2026-08-31","Yellow","Normal Operations","A04","2026-08-31 21:52:00","18","18","105","Departed","Departed","","1"
"SYN-00266","2026-08-31 21:34:00","2026-08-31","2026-09-01 00:02:00","2026-09-01","Green","Normal Operations","A05","2026-08-31 22:04:00","30","30","148","Departed","Departed","","1"
"SYN-00267","2026-08-31 21:45:00","2026-08-31","2026-09-01 03:23:00","2026-09-01","Green","Normal Operations","A04","2026-08-31 22:16:00","31","31","338","Departed","Departed","","1"
"SYN-00268","2026-08-31 21:58:00","2026-08-31","2026-09-01 01:11:00","2026-09-01","Yellow","Normal Operations","A04","2026-08-31 22:26:00","28","28","193","Departed","Departed","","1"
"SYN-00269","2026-08-31 22:26:00","2026-08-31","2026-09-01 03:11:00","2026-09-01","Green","Normal Operations","A04","2026-08-31 22:43:00","17","17","285","Departed","Departed","","1"
"SYN-00270","2026-08-31 22:30:00","2026-08-31","2026-09-01 01:50:00","2026-09-01","Green","Normal Operations","A05","2026-08-31 23:06:00","36","36","200","Departed","Departed","","1"
"SYN-00271","2026-08-31 22:44:00","2026-08-31","2026-09-01 00:35:00","2026-09-01","Yellow","Normal Operations","A04","2026-08-31 23:08:00","24","24","111","Departed","Departed","","1"
"SYN-00272","2026-08-31 22:46:00","2026-08-31","2026-09-01 01:51:00","2026-09-01","Green","Normal Operations","A04","2026-08-31 23:12:00","26","26","185","Departed","Departed","","1"
"SYN-00273","2026-08-31 23:12:00","2026-08-31","2026-09-01 01:10:00","2026-09-01","Green","Normal Operations","A04","2026-08-31 23:41:00","29","29","118","Departed","Departed","","1"
"SYN-00274","2026-08-31 23:30:00","2026-08-31","2026-09-01 04:17:00","2026-09-01","Green","Normal Operations","A04","2026-08-31 23:59:00","29","29","287","Departed","Departed","","1"
"SYN-00275","2026-08-31 23:38:00","2026-08-31","2026-09-01 04:00:00","2026-09-01","Yellow","Normal Operations","A04","2026-09-01 00:04:00","26","26","262","Departed","Departed","","1"
"SYN-00276","2026-08-31 23:41:00","2026-08-31","2026-09-01 03:40:00","2026-09-01","Yellow","Normal Operations","A05","2026-09-01 00:01:00","20","20","239","Departed","Departed","","1"
"SYN-00277","2026-09-01 00:37:00","2026-09-01","2026-09-01 02:21:00","2026-09-01","Yellow","Normal Operations","A04","2026-09-01 01:01:00","24","24","104","Departed","Departed","","1"
"SYN-00278","2026-09-01 01:08:00","2026-09-01","2026-09-01 05:22:00","2026-09-01","Yellow","Normal Operations","A04","2026-09-01 01:33:00","25","25","254","Departed","Departed","","1"
"SYN-00279","2026-09-01 01:24:00","2026-09-01","2026-09-01 04:07:00","2026-09-01","Green","Normal Operations","A05","2026-09-01 01:58:00","34","34","163","Departed","Departed","","1"
"SYN-00280","2026-09-01 01:57:00","2026-09-01","2026-09-01 04:51:00","2026-09-01","Yellow","Normal Operations","A04","2026-09-01 02:34:00","37","37","174","Departed","Departed","","1"
"SYN-00281","2026-09-01 02:39:00","2026-09-01","2026-09-01 06:44:00","2026-09-01","Yellow","Normal Operations","A04","2026-09-01 03:00:00","21","21","245","Departed","Departed","","1"
"SYN-00282","2026-09-01 02:53:00","2026-09-01","2026-09-01 04:53:00","2026-09-01","Yellow","Normal Operations","A04","2026-09-01 03:21:00","28","28","120","Departed","Departed","","1"
"SYN-00283","2026-09-01 03:37:00","2026-09-01","2026-09-01 08:10:00","2026-09-01","Green","Normal Operations","A05","2026-09-01 04:14:00","37","37","273","Departed","Departed","","1"
"SYN-00284","2026-09-01 03:56:00","2026-09-01","2026-09-01 08:42:00","2026-09-01","Green","Normal Operations","A05","2026-09-01 04:26:00","30","30","286","Departed","Departed","","1"
"SYN-00285","2026-09-01 04:29:00","2026-09-01","2026-09-01 06:32:00","2026-09-01","Green","Normal Operations","A04","2026-09-01 04:46:00","17","17","123","Departed","Departed","","1"
"SYN-00286","2026-09-01 05:18:00","2026-09-01","2026-09-01 07:25:00","2026-09-01","Green","Normal Operations","A04","2026-09-01 05:42:00","24","24","127","Departed","Departed","","1"
"SYN-00287","2026-09-01 05:50:00","2026-09-01","2026-09-01 07:50:00","2026-09-01","Blue","Normal Operations","A05","2026-09-01 06:18:00","28","28","120","Departed","Departed","","1"
"SYN-00288","2026-09-01 06:21:00","2026-09-01","2026-09-01 08:44:00","2026-09-01","Yellow","Normal Operations","A04","2026-09-01 06:50:00","29","29","143","Departed","Departed","","1"
"SYN-00289","2026-09-01 06:49:00","2026-09-01","2026-09-01 09:06:00","2026-09-01","Orange","Normal Operations","A04","2026-09-01 07:02:00","13","13","137","Departed","Departed","","1"
"SYN-00290","2026-09-01 06:54:00","2026-09-01","2026-09-01 09:57:00","2026-09-01","Yellow","Normal Operations","A04","2026-09-01 07:20:00","26","26","183","Departed","Departed","","1"
"SYN-00291","2026-09-01 07:19:00","2026-09-01","2026-09-01 09:06:00","2026-09-01","Yellow","Normal Operations","A04","2026-09-01 07:51:00","32","32","107","Departed","Departed","","1"
"SYN-00292","2026-09-01 07:37:00","2026-09-01","2026-09-01 12:21:00","2026-09-01","Blue","Normal Operations","A04","2026-09-01 07:59:00","22","22","284","Departed","Departed","","1"
"SYN-00293","2026-09-01 07:38:00","2026-09-01","2026-09-01 09:35:00","2026-09-01","Yellow","Normal Operations","A05","2026-09-01 08:12:00","34","34","117","Departed","Departed","","1"
"SYN-00294","2026-09-01 07:38:00","2026-09-01","2026-09-01 12:53:00","2026-09-01","Yellow","Normal Operations","A05","2026-09-01 08:01:00","23","23","315","Departed","Departed","","1"
"SYN-00295","2026-09-01 07:47:00","2026-09-01","2026-09-01 10:02:00","2026-09-01","Orange","Normal Operations","A04","2026-09-01 07:58:00","11","11","135","Departed","Departed","","1"
"SYN-00296","2026-09-01 07:55:00","2026-09-01","2026-09-01 10:30:00","2026-09-01","Green","Normal Operations","A04","2026-09-01 08:12:00","17","17","155","Departed","Departed","","1"
"SYN-00297","2026-09-01 08:02:00","2026-09-01","2026-09-01 10:07:00","2026-09-01","Green","Normal Operations","A04","2026-09-01 08:31:00","29","29","125","Departed","Departed","","1"
"SYN-00298","2026-09-01 08:19:00","2026-09-01","2026-09-01 10:14:00","2026-09-01","Yellow","Normal Operations","A04","2026-09-01 08:55:00","36","36","115","Departed","Departed","","1"
"SYN-00299","2026-09-01 08:27:00","2026-09-01","2026-09-01 12:29:00","2026-09-01","Yellow","Normal Operations","A04","2026-09-01 09:00:00","33","33","242","Departed","Departed","","1"
"SYN-00300","2026-09-01 08:51:00","2026-09-01","2026-09-01 11:08:00","2026-09-01","Blue","Normal Operations","A04","2026-09-01 09:15:00","24","24","137","Departed","Departed","","1"
"SYN-00301","2026-09-01 08:54:00","2026-09-01","2026-09-01 11:41:00","2026-09-01","Green","Normal Operations","A04","2026-09-01 09:13:00","19","19","167","Departed","Departed","","1"
"SYN-00302","2026-09-01 09:21:00","2026-09-01","2026-09-01 13:04:00","2026-09-01","Red","Normal Operations","A03","2026-09-01 09:23:00","2","2","223","Departed","Departed","","1"
"SYN-00303","2026-09-01 09:24:00","2026-09-01","2026-09-01 12:03:00","2026-09-01","Blue","Normal Operations","A04","2026-09-01 09:50:00","26","26","159","Departed","Departed","","1"
"SYN-00304","2026-09-01 09:36:00","2026-09-01","2026-09-01 12:11:00","2026-09-01","Green","Normal Operations","A04","2026-09-01 10:01:00","25","25","155","Departed","Departed","","1"
"SYN-00305","2026-09-01 09:45:00","2026-09-01","2026-09-01 13:31:00","2026-09-01","Yellow","Normal Operations","A04","2026-09-01 10:22:00","37","37","226","Departed","Departed","","1"
"SYN-00306","2026-09-01 09:48:00","2026-09-01","2026-09-01 12:24:00","2026-09-01","Green","Normal Operations","A04","2026-09-01 10:19:00","31","31","156","Departed","Departed","","1"
"SYN-00307","2026-09-01 10:31:00","2026-09-01","2026-09-01 15:35:00","2026-09-01","Orange","Normal Operations","A04","2026-09-01 10:49:00","18","18","304","Departed","Departed","","1"
"SYN-00308","2026-09-01 10:33:00","2026-09-01","2026-09-01 16:10:00","2026-09-01","Green","Normal Operations","A05","2026-09-01 11:06:00","33","33","337","Departed","Departed","","1"
"SYN-00309","2026-09-01 10:41:00","2026-09-01","2026-09-01 12:56:00","2026-09-01","Yellow","Normal Operations","A04","2026-09-01 11:07:00","26","26","135","Departed","Departed","","1"
"SYN-00310","2026-09-01 10:59:00","2026-09-01","2026-09-01 13:19:00","2026-09-01","Yellow","Normal Operations","A05","2026-09-01 11:26:00","27","27","140","Departed","Departed","","1"
"SYN-00311","2026-09-01 11:03:00","2026-09-01","2026-09-01 16:20:00","2026-09-01","Yellow","Normal Operations","A04","2026-09-01 11:29:00","26","26","317","Departed","Departed","","1"
"SYN-00312","2026-09-01 11:27:00","2026-09-01","2026-09-01 13:18:00","2026-09-01","Green","Normal Operations","A04","2026-09-01 11:51:00","24","24","111","Departed","Departed","","1"
"SYN-00313","2026-09-01 11:51:00","2026-09-01","2026-09-01 13:38:00","2026-09-01","Orange","Normal Operations","A04","2026-09-01 12:05:00","14","14","107","Departed","Departed","","1"
"SYN-00314","2026-09-01 12:21:00","2026-09-01","2026-09-01 16:52:00","2026-09-01","Green","Normal Operations","A04","2026-09-01 12:40:00","19","19","271","Departed","Departed","","1"
"SYN-00315","2026-09-01 12:27:00","2026-09-01","2026-09-01 15:21:00","2026-09-01","Blue","Normal Operations","A05","2026-09-01 12:51:00","24","24","174","Departed","Departed","","1"
"SYN-00316","2026-09-01 12:43:00","2026-09-01","2026-09-01 14:25:00","2026-09-01","Yellow","Normal Operations","A04","2026-09-01 13:02:00","19","19","102","Departed","Departed","","1"
"SYN-00317","2026-09-01 13:13:00","2026-09-01","2026-09-01 16:13:00","2026-09-01","Green","Normal Operations","A05","2026-09-01 13:37:00","24","24","180","Departed","Departed","","1"
"SYN-00318","2026-09-01 13:30:00","2026-09-01","2026-09-01 17:48:00","2026-09-01","Yellow","Normal Operations","A04","2026-09-01 13:54:00","24","24","258","Departed","Departed","","1"
"SYN-00319","2026-09-01 13:37:00","2026-09-01","2026-09-01 15:47:00","2026-09-01","Yellow","Normal Operations","A04","2026-09-01 14:06:00","29","29","130","Departed","Departed","","1"
"SYN-00320","2026-09-01 13:43:00","2026-09-01","2026-09-01 18:07:00","2026-09-01","Green","Normal Operations","A04","2026-09-01 14:15:00","32","32","264","Departed","Departed","","1"
"SYN-00321","2026-09-01 13:54:00","2026-09-01","2026-09-01 16:23:00","2026-09-01","Green","Normal Operations","A04","2026-09-01 14:15:00","21","21","149","Departed","Departed","","1"
"SYN-00322","2026-09-01 14:10:00","2026-09-01","2026-09-01 17:25:00","2026-09-01","Yellow","Normal Operations","A05","2026-09-01 14:46:00","36","36","195","Departed","Departed","","1"
"SYN-00323","2026-09-01 14:35:00","2026-09-01","2026-09-01 16:49:00","2026-09-01","Yellow","Normal Operations","A04","2026-09-01 14:53:00","18","18","134","Departed","Departed","","1"
"SYN-00324","2026-09-01 14:52:00","2026-09-01","2026-09-01 16:48:00","2026-09-01","Orange","Normal Operations","A04","2026-09-01 15:09:00","17","17","116","Departed","Departed","","1"
"SYN-00325","2026-09-01 14:54:00","2026-09-01","2026-09-01 17:47:00","2026-09-01","Yellow","Normal Operations","A04","2026-09-01 15:19:00","25","25","173","Departed","Departed","","1"
"SYN-00326","2026-09-01 14:55:00","2026-09-01","2026-09-01 19:10:00","2026-09-01","Blue","Normal Operations","A04","2026-09-01 15:19:00","24","24","255","Departed","Departed","","1"
"SYN-00327","2026-09-01 15:07:00","2026-09-01","2026-09-01 17:12:00","2026-09-01","Green","Normal Operations","A04","2026-09-01 15:45:00","38","38","125","Departed","Departed","","1"
"SYN-00328","2026-09-01 15:13:00","2026-09-01","2026-09-01 17:57:00","2026-09-01","Orange","Normal Operations","A04","2026-09-01 15:32:00","19","19","164","Departed","Departed","","1"
"SYN-00329","2026-09-01 15:30:00","2026-09-01","2026-09-01 18:40:00","2026-09-01","Green","Normal Operations","A04","2026-09-01 15:58:00","28","28","190","Departed","Departed","","1"
"SYN-00330","2026-09-01 15:46:00","2026-09-01","2026-09-01 18:31:00","2026-09-01","Yellow","Normal Operations","A04","2026-09-01 16:04:00","18","18","165","Departed","Departed","","1"
"SYN-00331","2026-09-01 16:06:00","2026-09-01","2026-09-01 21:14:00","2026-09-01","Yellow","Normal Operations","A04","2026-09-01 16:26:00","20","20","308","Departed","Departed","","1"
"SYN-00332","2026-09-01 16:07:00","2026-09-01","2026-09-01 18:37:00","2026-09-01","Orange","Normal Operations","A05","2026-09-01 16:24:00","17","17","150","Departed","Departed","","1"
"SYN-00333","2026-09-01 16:13:00","2026-09-01","2026-09-01 18:09:00","2026-09-01","Yellow","Normal Operations","A04","2026-09-01 16:41:00","28","28","116","Departed","Departed","","1"
"SYN-00334","2026-09-01 16:22:00","2026-09-01","2026-09-01 19:38:00","2026-09-01","Blue","Normal Operations","A04","2026-09-01 16:50:00","28","28","196","Departed","Departed","","1"
"SYN-00335","2026-09-01 16:49:00","2026-09-01","2026-09-01 19:41:00","2026-09-01","Yellow","Normal Operations","A05","2026-09-01 17:08:00","19","19","172","Departed","Departed","","1"
"SYN-00336","2026-09-01 17:13:00","2026-09-01","2026-09-01 19:21:00","2026-09-01","Yellow","Normal Operations","A05","2026-09-01 17:38:00","25","25","128","Departed","Departed","","1"
"SYN-00337","2026-09-01 17:14:00","2026-09-01","2026-09-01 18:56:00","2026-09-01","Green","Normal Operations","A04","2026-09-01 17:37:00","23","23","102","Departed","Departed","","1"
"SYN-00338","2026-09-01 17:16:00","2026-09-01","2026-09-01 21:41:00","2026-09-01","Yellow","Normal Operations","A04","2026-09-01 17:56:00","40","40","265","Departed","Departed","","1"
"SYN-00339","2026-09-01 17:26:00","2026-09-01","2026-09-01 21:48:00","2026-09-01","Yellow","Normal Operations","A04","2026-09-01 17:50:00","24","24","262","Departed","Departed","","1"
"SYN-00340","2026-09-01 17:27:00","2026-09-01","2026-09-01 19:38:00","2026-09-01","Red","Normal Operations","A03","2026-09-01 17:29:00","2","2","131","Departed","Departed","","1"
"SYN-00341","2026-09-01 17:35:00","2026-09-01","2026-09-01 19:13:00","2026-09-01","Orange","Normal Operations","A04","2026-09-01 17:51:00","16","16","98","Departed","Departed","","1"
"SYN-00342","2026-09-01 18:01:00","2026-09-01","2026-09-01 22:13:00","2026-09-01","Yellow","Normal Operations","A05","2026-09-01 18:30:00","29","29","252","Departed","Departed","","1"
"SYN-00343","2026-09-01 18:02:00","2026-09-01","2026-09-01 22:12:00","2026-09-01","Yellow","Normal Operations","A04","2026-09-01 18:32:00","30","30","250","Departed","Departed","","1"
"SYN-00344","2026-09-01 18:12:00","2026-09-01","2026-09-01 20:14:00","2026-09-01","Green","Normal Operations","A04","2026-09-01 18:30:00","18","18","122","Departed","Departed","","1"
"SYN-00345","2026-09-01 18:21:00","2026-09-01","2026-09-01 20:40:00","2026-09-01","Yellow","Normal Operations","A04","2026-09-01 18:46:00","25","25","139","Departed","Departed","","1"
"SYN-00346","2026-09-01 18:29:00","2026-09-01","2026-09-01 21:08:00","2026-09-01","Yellow","Normal Operations","A04","2026-09-01 18:53:00","24","24","159","Departed","Departed","","1"
"SYN-00347","2026-09-01 18:47:00","2026-09-01","2026-09-01 20:19:00","2026-09-01","Yellow","Normal Operations","A04","2026-09-01 19:05:00","18","18","92","Departed","Departed","","1"
"SYN-00348","2026-09-01 19:08:00","2026-09-01","2026-09-01 22:18:00","2026-09-01","Green","Normal Operations","A04","2026-09-01 19:35:00","27","27","190","Departed","Departed","","1"
"SYN-00349","2026-09-01 19:11:00","2026-09-01","2026-09-01 22:08:00","2026-09-01","Yellow","Normal Operations","A04","2026-09-01 19:43:00","32","32","177","Departed","Departed","","1"
"SYN-00350","2026-09-01 19:42:00","2026-09-01","2026-09-01 21:29:00","2026-09-01","Orange","Normal Operations","A04","2026-09-01 19:56:00","14","14","107","Departed","Departed","","1"
"SYN-00351","2026-09-01 19:48:00","2026-09-01","2026-09-01 21:29:00","2026-09-01","Yellow","Normal Operations","A04","2026-09-01 20:11:00","23","23","101","Departed","Departed","","1"
"SYN-00352","2026-09-01 20:38:00","2026-09-01","2026-09-01 23:21:00","2026-09-01","Yellow","Normal Operations","A04","2026-09-01 20:56:00","18","18","163","Departed","Departed","","1"
"SYN-00353","2026-09-01 20:45:00","2026-09-01","2026-09-01 22:49:00","2026-09-01","Yellow","Normal Operations","A04","2026-09-01 21:22:00","37","37","124","Departed","Departed","","1"
"SYN-00354","2026-09-01 20:49:00","2026-09-01","2026-09-01 23:02:00","2026-09-01","Yellow","Normal Operations","A04","2026-09-01 21:24:00","35","35","133","Departed","Departed","","1"
"SYN-00355","2026-09-01 21:03:00","2026-09-01","2026-09-01 23:07:00","2026-09-01","Yellow","Normal Operations","A04","2026-09-01 21:40:00","37","37","124","Departed","Departed","","1"
"SYN-00356","2026-09-01 21:25:00","2026-09-01","2026-09-02 01:59:00","2026-09-02","Green","Normal Operations","A05","2026-09-01 21:45:00","20","20","274","Departed","Departed","","1"
"SYN-00357","2026-09-01 21:37:00","2026-09-01","2026-09-02 00:51:00","2026-09-02","Green","Normal Operations","A04","2026-09-01 22:09:00","32","32","194","Departed","Departed","","1"
"SYN-00358","2026-09-01 21:43:00","2026-09-01","2026-09-01 23:56:00","2026-09-01","Green","Normal Operations","A04","2026-09-01 22:16:00","33","33","133","Departed","Departed","","1"
"SYN-00359","2026-09-01 22:20:00","2026-09-01","2026-09-02 02:30:00","2026-09-02","Yellow","Normal Operations","A04","2026-09-01 22:34:00","14","14","250","Departed","Departed","","1"
"SYN-00360","2026-09-01 22:21:00","2026-09-01","2026-09-02 02:28:00","2026-09-02","Yellow","Normal Operations","A04","2026-09-01 22:40:00","19","19","247","Departed","Departed","","1"
"SYN-00361","2026-09-01 22:26:00","2026-09-01","2026-09-02 01:10:00","2026-09-02","Yellow","Normal Operations","A05","2026-09-01 22:54:00","28","28","164","Departed","Departed","","1"
"SYN-00362","2026-09-01 22:29:00","2026-09-01","2026-09-02 00:41:00","2026-09-02","Green","Normal Operations","A04","2026-09-01 22:52:00","23","23","132","Departed","Departed","","1"
"SYN-00363","2026-09-01 22:35:00","2026-09-01","2026-09-02 01:09:00","2026-09-02","Yellow","Normal Operations","A05","2026-09-01 23:03:00","28","28","154","Departed","Departed","","1"
"SYN-00364","2026-09-01 23:02:00","2026-09-01","2026-09-02 01:51:00","2026-09-02","Green","Normal Operations","A04","2026-09-01 23:35:00","33","33","169","Departed","Departed","","1"
"SYN-00365","2026-09-01 23:18:00","2026-09-01","2026-09-02 03:37:00","2026-09-02","Orange","Normal Operations","A04","2026-09-01 23:37:00","19","19","259","Departed","Departed","","1"
"SYN-00366","2026-09-01 23:53:00","2026-09-01","2026-09-02 05:16:00","2026-09-02","Green","Normal Operations","A05","2026-09-02 00:12:00","19","19","323","Departed","Departed","","1"
"SYN-00367","2026-09-01 23:54:00","2026-09-01","2026-09-02 02:59:00","2026-09-02","Yellow","Normal Operations","A05","2026-09-02 00:32:00","38","38","185","Departed","Departed","","1"
"SYN-00368","2026-09-02 00:42:00","2026-09-02","2026-09-02 02:52:00","2026-09-02","Yellow","Normal Operations","A04","2026-09-02 01:13:00","31","31","130","Departed","Departed","","1"
"SYN-00369","2026-09-02 00:58:00","2026-09-02","2026-09-02 05:53:00","2026-09-02","Yellow","Normal Operations","A05","2026-09-02 01:28:00","30","30","295","Departed","Departed","","1"
"SYN-00370","2026-09-02 01:41:00","2026-09-02","2026-09-02 04:32:00","2026-09-02","Green","Normal Operations","A04","2026-09-02 02:03:00","22","22","171","Departed","Departed","","1"
"SYN-00371","2026-09-02 02:06:00","2026-09-02","2026-09-02 03:59:00","2026-09-02","Yellow","Normal Operations","A04","2026-09-02 02:31:00","25","25","113","Departed","Departed","","1"
"SYN-00372","2026-09-02 02:27:00","2026-09-02","2026-09-02 04:39:00","2026-09-02","Green","Normal Operations","A04","2026-09-02 02:55:00","28","28","132","Departed","Departed","","1"
"SYN-00373","2026-09-02 03:59:00","2026-09-02","2026-09-02 09:24:00","2026-09-02","Orange","Normal Operations","A05","2026-09-02 04:14:00","15","15","325","Departed","Departed","","1"
"SYN-00374","2026-09-02 04:06:00","2026-09-02","2026-09-02 05:48:00","2026-09-02","Orange","Normal Operations","A04","2026-09-02 04:25:00","19","19","102","Departed","Departed","","1"
"SYN-00375","2026-09-02 04:42:00","2026-09-02","2026-09-02 07:15:00","2026-09-02","Red","Normal Operations","A03","2026-09-02 04:44:00","2","2","153","Departed","Departed","","1"
"SYN-00376","2026-09-02 04:50:00","2026-09-02","2026-09-02 09:41:00","2026-09-02","Green","Normal Operations","A04","2026-09-02 05:05:00","15","15","291","Departed","Departed","","1"
"SYN-00377","2026-09-02 05:05:00","2026-09-02","2026-09-02 09:40:00","2026-09-02","Green","Normal Operations","A05","2026-09-02 05:42:00","37","37","275","Departed","Departed","","1"
"SYN-00378","2026-09-02 05:21:00","2026-09-02","2026-09-02 08:20:00","2026-09-02","Green","Normal Operations","A04","2026-09-02 05:51:00","30","30","179","Departed","Departed","","1"
"SYN-00379","2026-09-02 05:37:00","2026-09-02","2026-09-02 08:25:00","2026-09-02","Green","Normal Operations","A05","2026-09-02 06:09:00","32","32","168","Departed","Departed","","1"
"SYN-00380","2026-09-02 06:10:00","2026-09-02","2026-09-02 08:56:00","2026-09-02","Yellow","Normal Operations","A04","2026-09-02 06:29:00","19","19","166","Departed","Departed","","1"
"SYN-00381","2026-09-02 06:24:00","2026-09-02","2026-09-02 09:32:00","2026-09-02","Yellow","Normal Operations","A04","2026-09-02 06:48:00","24","24","188","Departed","Departed","","1"
"SYN-00382","2026-09-02 06:32:00","2026-09-02","2026-09-02 09:01:00","2026-09-02","Yellow","Normal Operations","A04","2026-09-02 07:05:00","33","33","149","Departed","Departed","","1"
"SYN-00383","2026-09-02 07:42:00","2026-09-02","2026-09-02 10:07:00","2026-09-02","Yellow","Normal Operations","A04","2026-09-02 08:19:00","37","37","145","Departed","Departed","","1"
"SYN-00384","2026-09-02 07:54:00","2026-09-02","2026-09-02 12:31:00","2026-09-02","Green","Normal Operations","A04","2026-09-02 08:17:00","23","23","277","Departed","Departed","","1"
"SYN-00385","2026-09-02 07:54:00","2026-09-02","2026-09-02 11:45:00","2026-09-02","Green","Normal Operations","A04","2026-09-02 08:12:00","18","18","231","Departed","Departed","","1"
"SYN-00386","2026-09-02 08:03:00","2026-09-02","2026-09-02 12:36:00","2026-09-02","Yellow","Normal Operations","A05","2026-09-02 08:34:00","31","31","273","Departed","Departed","","1"
"SYN-00387","2026-09-02 08:20:00","2026-09-02","2026-09-02 10:43:00","2026-09-02","Yellow","Normal Operations","A04","2026-09-02 08:56:00","36","36","143","Departed","Departed","","1"
"SYN-00388","2026-09-02 08:27:00","2026-09-02","2026-09-02 11:35:00","2026-09-02","Yellow","Normal Operations","A04","2026-09-02 09:00:00","33","33","188","Departed","Departed","","1"
"SYN-00389","2026-09-02 08:39:00","2026-09-02","2026-09-02 11:07:00","2026-09-02","Green","Normal Operations","A04","2026-09-02 09:01:00","22","22","148","Departed","Departed","","1"
"SYN-00390","2026-09-02 08:40:00","2026-09-02","2026-09-02 10:10:00","2026-09-02","Yellow","Normal Operations","A05","2026-09-02 08:56:00","16","16","90","Departed","Departed","","1"
"SYN-00391","2026-09-02 08:54:00","2026-09-02","2026-09-02 11:37:00","2026-09-02","Orange","Normal Operations","A04","2026-09-02 09:14:00","20","20","163","Departed","Departed","","1"
"SYN-00392","2026-09-02 09:10:00","2026-09-02","2026-09-02 12:14:00","2026-09-02","Yellow","Normal Operations","A04","2026-09-02 09:34:00","24","24","184","Departed","Departed","","1"
"SYN-00393","2026-09-02 09:14:00","2026-09-02","2026-09-02 11:30:00","2026-09-02","Green","Normal Operations","A04","2026-09-02 09:52:00","38","38","136","Departed","Departed","","1"
"SYN-00394","2026-09-02 09:15:00","2026-09-02","2026-09-02 11:12:00","2026-09-02","Yellow","Normal Operations","A04","2026-09-02 09:48:00","33","33","117","Departed","Departed","","1"
"SYN-00395","2026-09-02 09:36:00","2026-09-02","2026-09-02 11:53:00","2026-09-02","Green","Normal Operations","A04","2026-09-02 10:16:00","40","40","137","Departed","Departed","","1"
"SYN-00396","2026-09-02 09:43:00","2026-09-02","2026-09-02 11:57:00","2026-09-02","Yellow","Normal Operations","A04","2026-09-02 10:10:00","27","27","134","Departed","Departed","","1"
"SYN-00397","2026-09-02 10:09:00","2026-09-02","2026-09-02 14:33:00","2026-09-02","Yellow","Normal Operations","A05","2026-09-02 10:40:00","31","31","264","Departed","Departed","","1"
"SYN-00398","2026-09-02 10:13:00","2026-09-02","2026-09-02 12:19:00","2026-09-02","Orange","Normal Operations","A04","2026-09-02 10:27:00","14","14","126","Departed","Departed","","1"
"SYN-00399","2026-09-02 10:16:00","2026-09-02","2026-09-02 12:11:00","2026-09-02","Yellow","Normal Operations","A05","2026-09-02 10:40:00","24","24","115","Departed","Departed","","1"
"SYN-00400","2026-09-02 10:26:00","2026-09-02","2026-09-02 14:22:00","2026-09-02","Yellow","Normal Operations","A04","2026-09-02 11:01:00","35","35","236","Departed","Departed","","1"
"SYN-00401","2026-09-02 10:33:00","2026-09-02","2026-09-02 13:26:00","2026-09-02","Green","Normal Operations","A04","2026-09-02 10:59:00","26","26","173","Departed","Departed","","1"
"SYN-00402","2026-09-02 10:56:00","2026-09-02","2026-09-02 12:57:00","2026-09-02","Yellow","Normal Operations","A05","2026-09-02 11:15:00","19","19","121","Departed","Departed","","1"
"SYN-00403","2026-09-02 11:33:00","2026-09-02","2026-09-02 13:19:00","2026-09-02","Green","Normal Operations","A04","2026-09-02 11:50:00","17","17","106","Departed","Departed","","1"
"SYN-00404","2026-09-02 11:34:00","2026-09-02","2026-09-02 13:55:00","2026-09-02","Yellow","Normal Operations","A04","2026-09-02 12:08:00","34","34","141","Departed","Departed","","1"
"SYN-00405","2026-09-02 11:48:00","2026-09-02","2026-09-02 14:20:00","2026-09-02","Orange","Normal Operations","A04","2026-09-02 12:02:00","14","14","152","Departed","Departed","","1"
"SYN-00406","2026-09-02 11:53:00","2026-09-02","2026-09-02 13:55:00","2026-09-02","Yellow","Normal Operations","A04","2026-09-02 12:26:00","33","33","122","Departed","Departed","","1"
"SYN-00407","2026-09-02 11:58:00","2026-09-02","2026-09-02 14:15:00","2026-09-02","Yellow","Normal Operations","A04","2026-09-02 12:18:00","20","20","137","Departed","Departed","","1"
"SYN-00408","2026-09-02 12:07:00","2026-09-02","2026-09-02 14:27:00","2026-09-02","Green","Normal Operations","A04","2026-09-02 12:38:00","31","31","140","Departed","Departed","","1"
"SYN-00409","2026-09-02 12:29:00","2026-09-02","2026-09-02 14:42:00","2026-09-02","Green","Normal Operations","A04","2026-09-02 12:51:00","22","22","133","Departed","Departed","","1"
"SYN-00410","2026-09-02 12:34:00","2026-09-02","2026-09-02 16:25:00","2026-09-02","Blue","Normal Operations","A05","2026-09-02 13:06:00","32","32","231","Departed","Departed","","1"
"SYN-00411","2026-09-02 12:37:00","2026-09-02","2026-09-02 15:26:00","2026-09-02","Green","Normal Operations","A04","2026-09-02 12:57:00","20","20","169","Departed","Departed","","1"
"SYN-00412","2026-09-02 12:53:00","2026-09-02","2026-09-02 15:18:00","2026-09-02","Blue","Normal Operations","A05","2026-09-02 13:27:00","34","34","145","Departed","Departed","","1"
"SYN-00413","2026-09-02 12:55:00","2026-09-02","2026-09-02 18:19:00","2026-09-02","Yellow","Normal Operations","A05","2026-09-02 13:29:00","34","34","324","Departed","Departed","","1"
"SYN-00414","2026-09-02 13:05:00","2026-09-02","2026-09-02 15:29:00","2026-09-02","Green","Normal Operations","A04","2026-09-02 13:42:00","37","37","144","Departed","Departed","","1"
"SYN-00415","2026-09-02 13:32:00","2026-09-02","2026-09-02 15:31:00","2026-09-02","Green","Normal Operations","A04","2026-09-02 13:51:00","19","19","119","Departed","Departed","","1"
"SYN-00416","2026-09-02 13:42:00","2026-09-02","2026-09-02 16:39:00","2026-09-02","Blue","Normal Operations","A05","2026-09-02 14:05:00","23","23","177","Departed","Departed","","1"
"SYN-00417","2026-09-02 13:57:00","2026-09-02","2026-09-02 16:41:00","2026-09-02","Green","Normal Operations","A04","2026-09-02 14:26:00","29","29","164","Departed","Departed","","1"
"SYN-00418","2026-09-02 14:25:00","2026-09-02","2026-09-02 16:02:00","2026-09-02","Green","Normal Operations","A05","2026-09-02 14:45:00","20","20","97","Departed","Departed","","1"
"SYN-00419","2026-09-02 14:42:00","2026-09-02","2026-09-02 18:19:00","2026-09-02","Yellow","Normal Operations","A04","2026-09-02 15:03:00","21","21","217","Departed","Departed","","1"
"SYN-00420","2026-09-02 14:48:00","2026-09-02","2026-09-02 17:38:00","2026-09-02","Orange","Normal Operations","A04","2026-09-02 15:07:00","19","19","170","Departed","Departed","","1"
"SYN-00421","2026-09-02 14:53:00","2026-09-02","2026-09-02 16:53:00","2026-09-02","Orange","Normal Operations","A05","2026-09-02 15:10:00","17","17","120","Departed","Departed","","1"
"SYN-00422","2026-09-02 15:09:00","2026-09-02","2026-09-02 17:17:00","2026-09-02","Orange","Normal Operations","A04","2026-09-02 15:20:00","11","11","128","Departed","Departed","","1"
"SYN-00423","2026-09-02 15:19:00","2026-09-02","2026-09-02 18:09:00","2026-09-02","Blue","Normal Operations","A05","2026-09-02 15:55:00","36","36","170","Departed","Departed","","1"
"SYN-00424","2026-09-02 15:35:00","2026-09-02","2026-09-02 19:38:00","2026-09-02","Green","Normal Operations","A04","2026-09-02 15:56:00","21","21","243","Departed","Departed","","1"
"SYN-00425","2026-09-02 16:03:00","2026-09-02","2026-09-02 19:16:00","2026-09-02","Blue","Normal Operations","A04","2026-09-02 16:32:00","29","29","193","Departed","Departed","","1"
"SYN-00426","2026-09-02 16:04:00","2026-09-02","2026-09-02 18:17:00","2026-09-02","Yellow","Normal Operations","A05","2026-09-02 16:26:00","22","22","133","Departed","Departed","","1"
"SYN-00427","2026-09-02 16:33:00","2026-09-02","2026-09-02 18:22:00","2026-09-02","Blue","Normal Operations","A05","2026-09-02 16:51:00","18","18","109","Departed","Departed","","1"
"SYN-00428","2026-09-02 17:16:00","2026-09-02","2026-09-02 20:06:00","2026-09-02","Green","Normal Operations","A05","2026-09-02 17:52:00","36","36","170","Departed","Departed","","1"
"SYN-00429","2026-09-02 17:31:00","2026-09-02","2026-09-02 19:42:00","2026-09-02","Red","Normal Operations","A03","2026-09-02 17:33:00","2","2","131","Departed","Departed","","1"
"SYN-00430","2026-09-02 17:36:00","2026-09-02","2026-09-02 20:47:00","2026-09-02","Green","Normal Operations","A05","2026-09-02 18:10:00","34","34","191","Departed","Departed","","1"
"SYN-00431","2026-09-02 18:04:00","2026-09-02","2026-09-02 20:24:00","2026-09-02","Green","Normal Operations","A04","2026-09-02 18:31:00","27","27","140","Departed","Departed","","1"
"SYN-00432","2026-09-02 18:10:00","2026-09-02","2026-09-02 23:43:00","2026-09-02","Green","Normal Operations","A04","2026-09-02 18:44:00","34","34","333","Departed","Departed","","1"
"SYN-00433","2026-09-02 18:32:00","2026-09-02","2026-09-02 23:35:00","2026-09-02","Green","Normal Operations","A04","2026-09-02 18:52:00","20","20","303","Departed","Departed","","1"
"SYN-00434","2026-09-02 18:34:00","2026-09-02","2026-09-02 21:58:00","2026-09-02","Orange","Normal Operations","A04","2026-09-02 18:53:00","19","19","204","Departed","Departed","","1"
"SYN-00435","2026-09-02 18:42:00","2026-09-02","2026-09-02 20:44:00","2026-09-02","Green","Normal Operations","A04","2026-09-02 19:21:00","39","39","122","Departed","Departed","","1"
"SYN-00436","2026-09-02 18:45:00","2026-09-02","2026-09-02 21:47:00","2026-09-02","Green","Normal Operations","A04","2026-09-02 19:20:00","35","35","182","Departed","Departed","","1"
"SYN-00437","2026-09-02 19:01:00","2026-09-02","2026-09-02 23:54:00","2026-09-02","Yellow","Normal Operations","A05","2026-09-02 19:16:00","15","15","293","Departed","Departed","","1"
"SYN-00438","2026-09-02 19:10:00","2026-09-02","2026-09-02 20:57:00","2026-09-02","Yellow","Normal Operations","A04","2026-09-02 19:32:00","22","22","107","Departed","Departed","","1"
"SYN-00439","2026-09-02 19:11:00","2026-09-02","2026-09-02 20:59:00","2026-09-02","Blue","Normal Operations","A05","2026-09-02 19:31:00","20","20","108","Departed","Departed","","1"
"SYN-00440","2026-09-02 20:17:00","2026-09-02","2026-09-02 22:27:00","2026-09-02","Green","Normal Operations","A04","2026-09-02 20:42:00","25","25","130","Departed","Departed","","1"
"SYN-00441","2026-09-02 20:25:00","2026-09-02","2026-09-02 22:55:00","2026-09-02","Yellow","Normal Operations","A04","2026-09-02 20:55:00","30","30","150","Departed","Departed","","1"
"SYN-00442","2026-09-02 20:37:00","2026-09-02","2026-09-02 22:28:00","2026-09-02","Green","Normal Operations","A04","2026-09-02 21:09:00","32","32","111","Departed","Departed","","1"
"SYN-00443","2026-09-02 21:02:00","2026-09-02","2026-09-02 23:40:00","2026-09-02","Yellow","Normal Operations","A04","2026-09-02 21:33:00","31","31","158","Departed","Departed","","1"
"SYN-00444","2026-09-02 21:04:00","2026-09-02","2026-09-02 22:54:00","2026-09-02","Yellow","Normal Operations","A04","2026-09-02 21:29:00","25","25","110","Departed","Departed","","1"
"SYN-00445","2026-09-02 21:04:00","2026-09-02","2026-09-03 00:04:00","2026-09-03","Blue","Normal Operations","A04","2026-09-02 21:35:00","31","31","180","Departed","Departed","","1"
"SYN-00446","2026-09-02 21:55:00","2026-09-02","2026-09-02 23:58:00","2026-09-02","Orange","Normal Operations","A05","2026-09-02 22:13:00","18","18","123","Departed","Departed","","1"
"SYN-00447","2026-09-02 22:16:00","2026-09-02","2026-09-03 00:24:00","2026-09-03","Red","Normal Operations","A03","2026-09-02 22:18:00","2","2","128","Departed","Departed","","1"
"SYN-00448","2026-09-02 22:33:00","2026-09-02","2026-09-03 01:44:00","2026-09-03","Green","Normal Operations","A04","2026-09-02 23:12:00","39","39","191","Departed","Departed","","1"
"SYN-00449","2026-09-02 22:34:00","2026-09-02","2026-09-03 00:25:00","2026-09-03","Orange","Normal Operations","A04","2026-09-02 22:54:00","20","20","111","Departed","Departed","","1"
"SYN-00450","2026-09-02 22:39:00","2026-09-02","2026-09-03 00:32:00","2026-09-03","Yellow","Normal Operations","A04","2026-09-02 23:05:00","26","26","113","Departed","Departed","","1"
"SYN-00451","2026-09-02 22:46:00","2026-09-02","2026-09-03 01:49:00","2026-09-03","Yellow","Normal Operations","A04","2026-09-02 23:13:00","27","27","183","Departed","Departed","","1"
"SYN-00452","2026-09-02 23:40:00","2026-09-02","2026-09-03 01:56:00","2026-09-03","Orange","Normal Operations","A04","2026-09-02 23:59:00","19","19","136","Departed","Departed","","1"
"SYN-00453","2026-09-02 23:42:00","2026-09-02","2026-09-03 01:29:00","2026-09-03","Green","Normal Operations","A04","2026-09-03 00:11:00","29","29","107","Departed","Departed","","1"
"SYN-00454","2026-09-02 23:46:00","2026-09-02","2026-09-03 02:47:00","2026-09-03","Blue","Normal Operations","A05","2026-09-03 00:25:00","39","39","181","Departed","Departed","","1"
"SYN-00455","2026-09-03 00:10:00","2026-09-03","2026-09-03 02:07:00","2026-09-03","Yellow","Normal Operations","A05","2026-09-03 00:40:00","30","30","117","Departed","Departed","","1"
"SYN-00456","2026-09-03 00:39:00","2026-09-03","2026-09-03 02:32:00","2026-09-03","Yellow","Normal Operations","A04","2026-09-03 00:57:00","18","18","113","Departed","Departed","","1"
"SYN-00457","2026-09-03 01:26:00","2026-09-03","2026-09-03 03:37:00","2026-09-03","Yellow","Normal Operations","A04","2026-09-03 01:54:00","28","28","131","Departed","Departed","","1"
"SYN-00458","2026-09-03 02:13:00","2026-09-03","2026-09-03 04:23:00","2026-09-03","Orange","Normal Operations","A04","2026-09-03 02:26:00","13","13","130","Departed","Departed","","1"
"SYN-00459","2026-09-03 03:02:00","2026-09-03","2026-09-03 05:07:00","2026-09-03","Yellow","Normal Operations","A05","2026-09-03 03:25:00","23","23","125","Departed","Departed","","1"
"SYN-00460","2026-09-03 03:31:00","2026-09-03","2026-09-03 06:36:00","2026-09-03","Green","Normal Operations","A04","2026-09-03 03:59:00","28","28","185","Departed","Departed","","1"
"SYN-00461","2026-09-03 03:43:00","2026-09-03","2026-09-03 06:24:00","2026-09-03","Red","Normal Operations","A03","2026-09-03 03:45:00","2","2","161","Departed","Departed","","1"
"SYN-00462","2026-09-03 04:15:00","2026-09-03","2026-09-03 05:58:00","2026-09-03","Orange","Normal Operations","A05","2026-09-03 04:29:00","14","14","103","Departed","Departed","","1"
"SYN-00463","2026-09-03 04:59:00","2026-09-03","2026-09-03 08:05:00","2026-09-03","Blue","Normal Operations","A04","2026-09-03 05:29:00","30","30","186","Departed","Departed","","1"
"SYN-00464","2026-09-03 05:14:00","2026-09-03","2026-09-03 08:18:00","2026-09-03","Red","Normal Operations","A03","2026-09-03 05:16:00","2","2","184","Departed","Departed","","1"
"SYN-00465","2026-09-03 06:14:00","2026-09-03","2026-09-03 08:42:00","2026-09-03","Yellow","Normal Operations","A05","2026-09-03 06:43:00","29","29","148","Departed","Departed","","1"
"SYN-00466","2026-09-03 07:15:00","2026-09-03","2026-09-03 08:56:00","2026-09-03","Green","Normal Operations","A04","2026-09-03 07:38:00","23","23","101","Departed","Departed","","1"
"SYN-00467","2026-09-03 07:16:00","2026-09-03","2026-09-03 09:48:00","2026-09-03","Yellow","Normal Operations","A04","2026-09-03 07:54:00","38","38","152","Departed","Departed","","1"
"SYN-00468","2026-09-03 07:34:00","2026-09-03","2026-09-03 10:28:00","2026-09-03","Yellow","Normal Operations","A04","2026-09-03 08:00:00","26","26","174","Departed","Departed","","1"
"SYN-00469","2026-09-03 07:54:00","2026-09-03","2026-09-03 09:40:00","2026-09-03","Green","Normal Operations","A04","2026-09-03 08:21:00","27","27","106","Departed","Departed","","1"
"SYN-00470","2026-09-03 07:58:00","2026-09-03","2026-09-03 12:30:00","2026-09-03","Blue","Normal Operations","A04","2026-09-03 08:17:00","19","19","272","Departed","Departed","","1"
"SYN-00471","2026-09-03 08:06:00","2026-09-03","2026-09-03 10:52:00","2026-09-03","Green","Normal Operations","A05","2026-09-03 08:23:00","17","17","166","Departed","Departed","","1"
"SYN-00472","2026-09-03 08:32:00","2026-09-03","2026-09-03 13:41:00","2026-09-03","Blue","Normal Operations","A04","2026-09-03 08:55:00","23","23","309","Departed","Departed","","1"
"SYN-00473","2026-09-03 08:37:00","2026-09-03","2026-09-03 11:47:00","2026-09-03","Green","Normal Operations","A04","2026-09-03 09:02:00","25","25","190","Departed","Departed","","1"
"SYN-00474","2026-09-03 08:40:00","2026-09-03","2026-09-03 11:33:00","2026-09-03","Yellow","Normal Operations","A04","2026-09-03 09:05:00","25","25","173","Departed","Departed","","1"
"SYN-00475","2026-09-03 09:01:00","2026-09-03","2026-09-03 12:21:00","2026-09-03","Green","Normal Operations","A05","2026-09-03 09:15:00","14","14","200","Departed","Departed","","1"
"SYN-00476","2026-09-03 09:02:00","2026-09-03","2026-09-03 12:13:00","2026-09-03","Yellow","Normal Operations","A04","2026-09-03 09:32:00","30","30","191","Departed","Departed","","1"
"SYN-00477","2026-09-03 09:05:00","2026-09-03","2026-09-03 14:22:00","2026-09-03","Blue","Normal Operations","A04","2026-09-03 09:29:00","24","24","317","Departed","Departed","","1"
"SYN-00478","2026-09-03 09:30:00","2026-09-03","2026-09-03 11:32:00","2026-09-03","Yellow","Normal Operations","A05","2026-09-03 10:02:00","32","32","122","Departed","Departed","","1"
"SYN-00479","2026-09-03 09:36:00","2026-09-03","2026-09-03 14:27:00","2026-09-03","Yellow","Normal Operations","A04","2026-09-03 10:16:00","40","40","291","Departed","Departed","","1"
"SYN-00480","2026-09-03 09:41:00","2026-09-03","2026-09-03 11:51:00","2026-09-03","Yellow","Normal Operations","A04","2026-09-03 10:20:00","39","39","130","Departed","Departed","","1"
"SYN-00481","2026-09-03 10:02:00","2026-09-03","2026-09-03 11:36:00","2026-09-03","Orange","High Demand","A04","2026-09-03 10:14:00","12","12","94","Departed","Departed","","1"
"SYN-00482","2026-09-03 10:03:00","2026-09-03","2026-09-03 13:04:00","2026-09-03","Yellow","High Demand","A05","2026-09-03 10:24:00","21","21","181","Departed","Departed","","1"
"SYN-00483","2026-09-03 10:04:00","2026-09-03","2026-09-03 13:45:00","2026-09-03","Yellow","High Demand","A04","2026-09-03 11:07:00","63","63","221","Departed","Departed","","1"
"SYN-00484","2026-09-03 10:22:00","2026-09-03","2026-09-03 12:37:00","2026-09-03","Yellow","High Demand","A04","2026-09-03 11:27:00","65","65","135","Departed","Departed","","1"
"SYN-00485","2026-09-03 10:31:00","2026-09-03","2026-09-03 14:33:00","2026-09-03","Yellow","High Demand","A04","2026-09-03 11:08:00","37","37","242","Departed","Departed","","1"
"SYN-00486","2026-09-03 10:43:00","2026-09-03","2026-09-03 13:14:00","2026-09-03","Orange","High Demand","A04","2026-09-03 10:53:00","10","10","151","Departed","Departed","","1"
"SYN-00487","2026-09-03 10:48:00","2026-09-03","2026-09-03 12:29:00","2026-09-03","Red","High Demand","A03","2026-09-03 10:50:00","2","2","101","Departed","Departed","","1"
"SYN-00488","2026-09-03 10:57:00","2026-09-03","2026-09-03 12:54:00","2026-09-03","Orange","High Demand","A04","2026-09-03 11:09:00","12","12","117","Departed","Departed","","1"
"SYN-00489","2026-09-03 11:05:00","2026-09-03","2026-09-03 19:44:00","2026-09-03","Yellow","High Demand","A05","2026-09-03 12:05:00","60","60","519","Departed","Departed","","1"
"SYN-00490","2026-09-03 11:15:00","2026-09-03","2026-09-03 12:51:00","2026-09-03","Orange","High Demand","A04","2026-09-03 11:29:00","14","14","96","Departed","Departed","","1"
"SYN-00491","2026-09-03 11:17:00","2026-09-03","2026-09-03 13:03:00","2026-09-03","Orange","High Demand","A04","2026-09-03 11:26:00","9","9","106","Departed","Departed","","1"
"SYN-00492","2026-09-03 11:24:00","2026-09-03","2026-09-03 15:13:00","2026-09-03","Green","High Demand","A04","2026-09-03 12:36:00","72","72","229","Departed","Departed","","1"
"SYN-00493","2026-09-03 11:44:00","2026-09-03","2026-09-03 16:13:00","2026-09-03","Green","High Demand","A04","2026-09-03 12:59:00","75","75","269","Departed","Departed","","1"
"SYN-00494","2026-09-03 11:45:00","2026-09-03","2026-09-03 15:12:00","2026-09-03","Green","High Demand","A04","2026-09-03 12:03:00","18","18","207","Departed","Departed","","1"
"SYN-00495","2026-09-03 11:51:00","2026-09-03","2026-09-03 14:19:00","2026-09-03","Yellow","High Demand","A04","2026-09-03 12:25:00","34","34","148","Departed","Departed","","1"
"SYN-00496","2026-09-03 12:03:00","2026-09-03","2026-09-03 16:42:00","2026-09-03","Green","High Demand","A04","2026-09-03 13:16:00","73","73","279","Departed","Departed","","1"
"SYN-00497","2026-09-03 12:04:00","2026-09-03","2026-09-03 16:54:00","2026-09-03","Green","High Demand","A05","2026-09-03 12:29:00","25","25","290","Departed","Departed","","1"
"SYN-00498","2026-09-03 12:06:00","2026-09-03","2026-09-03 15:35:00","2026-09-03","Green","High Demand","A04","2026-09-03 13:17:00","71","71","209","Departed","Departed","","1"
"SYN-00499","2026-09-03 12:18:00","2026-09-03","2026-09-03 16:31:00","2026-09-03","Green","High Demand","A04","2026-09-03 13:26:00","68","68","253","Departed","Departed","","1"
"SYN-00500","2026-09-03 12:23:00","2026-09-03","2026-09-03 15:34:00","2026-09-03","Green","High Demand","A05","2026-09-03 13:22:00","59","59","191","Departed","Departed","","1"
"SYN-00501","2026-09-03 12:39:00","2026-09-03","2026-09-03 15:59:00","2026-09-03","Yellow","High Demand","A04","2026-09-03 13:41:00","62","62","200","Departed","Departed","","1"
"SYN-00502","2026-09-03 12:44:00","2026-09-03","2026-09-03 16:29:00","2026-09-03","Yellow","High Demand","A04","2026-09-03 13:50:00","66","66","225","Departed","Departed","","1"
"SYN-00503","2026-09-03 12:59:00","2026-09-03","2026-09-03 18:00:00","2026-09-03","Yellow","High Demand","A04","2026-09-03 14:10:00","71","71","301","Departed","Departed","","1"
"SYN-00504","2026-09-03 13:07:00","2026-09-03","2026-09-03 17:41:00","2026-09-03","Green","High Demand","A04","2026-09-03 14:17:00","70","70","274","Departed","Departed","","1"
"SYN-00505","2026-09-03 13:13:00","2026-09-03","2026-09-03 16:15:00","2026-09-03","Green","High Demand","A04","2026-09-03 14:01:00","48","48","182","Departed","Departed","","1"
"SYN-00506","2026-09-03 13:14:00","2026-09-03","2026-09-03 16:07:00","2026-09-03","Green","High Demand","A05","2026-09-03 13:37:00","23","23","173","Departed","Departed","","1"
"SYN-00507","2026-09-03 13:28:00","2026-09-03","2026-09-03 15:29:00","2026-09-03","Orange","High Demand","A05","2026-09-03 13:52:00","24","24","121","Departed","Departed","","1"
"SYN-00508","2026-09-03 13:35:00","2026-09-03","2026-09-03 16:16:00","2026-09-03","Orange","High Demand","A04","2026-09-03 13:50:00","15","15","161","Departed","Departed","","1"
"SYN-00509","2026-09-03 13:39:00","2026-09-03","2026-09-03 16:01:00","2026-09-03","Green","High Demand","A04","2026-09-03 14:41:00","62","62","142","Departed","Departed","","1"
"SYN-00510","2026-09-03 13:39:00","2026-09-03","2026-09-03 22:27:00","2026-09-03","Green","High Demand","A04","2026-09-03 14:45:00","66","66","528","Departed","Departed","","1"
"SYN-00511","2026-09-03 13:40:00","2026-09-03","2026-09-03 18:08:00","2026-09-03","Yellow","High Demand","A04","2026-09-03 14:28:00","48","48","268","Departed","Departed","","1"
"SYN-00512","2026-09-03 13:44:00","2026-09-03","2026-09-03 15:50:00","2026-09-03","Orange","High Demand","A04","2026-09-03 13:58:00","14","14","126","Departed","Departed","","1"
"SYN-00513","2026-09-03 13:45:00","2026-09-03","2026-09-03 18:22:00","2026-09-03","Blue","High Demand","A04","2026-09-03 14:49:00","64","64","277","Departed","Departed","","1"
"SYN-00514","2026-09-03 14:05:00","2026-09-03","2026-09-03 20:22:00","2026-09-03","Yellow","High Demand","A05","2026-09-03 14:49:00","44","44","377","Departed","Departed","","1"
"SYN-00515","2026-09-03 14:07:00","2026-09-03","2026-09-03 17:49:00","2026-09-03","Blue","High Demand","A04","2026-09-03 14:59:00","52","52","222","Departed","Departed","","1"
"SYN-00516","2026-09-03 14:11:00","2026-09-03","2026-09-03 17:34:00","2026-09-03","Yellow","High Demand","A04","2026-09-03 15:12:00","61","61","203","Departed","Departed","","1"
"SYN-00517","2026-09-03 14:17:00","2026-09-03","2026-09-03 17:59:00","2026-09-03","Green","High Demand","A04","2026-09-03 15:13:00","56","56","222","Departed","Departed","","1"
"SYN-00518","2026-09-03 14:31:00","2026-09-03","2026-09-03 17:34:00","2026-09-03","Red","High Demand","A03","2026-09-03 14:33:00","2","2","183","Departed","Departed","","1"
"SYN-00519","2026-09-03 14:38:00","2026-09-03","2026-09-03 17:34:00","2026-09-03","Green","High Demand","A05","2026-09-03 14:59:00","21","21","176","Departed","Departed","","1"
"SYN-00520","2026-09-03 14:49:00","2026-09-03","2026-09-03 17:57:00","2026-09-03","Yellow","High Demand","A04","2026-09-03 15:56:00","67","67","188","Departed","Departed","","1"
"SYN-00521","2026-09-03 15:03:00","2026-09-03","2026-09-03 19:04:00","2026-09-03","Yellow","High Demand","A05","2026-09-03 15:59:00","56","56","241","Departed","Departed","","1"
"SYN-00522","2026-09-03 15:11:00","2026-09-03","2026-09-03 17:14:00","2026-09-03","Blue","High Demand","A04","2026-09-03 15:44:00","33","33","123","Departed","Departed","","1"
"SYN-00523","2026-09-03 15:24:00","2026-09-03","2026-09-03 18:12:00","2026-09-03","Orange","High Demand","A04","2026-09-03 15:38:00","14","14","168","Departed","Departed","","1"
"SYN-00524","2026-09-03 15:32:00","2026-09-03","2026-09-03 17:42:00","2026-09-03","Green","High Demand","A05","2026-09-03 15:56:00","24","24","130","Departed","Departed","","1"
"SYN-00525","2026-09-03 15:41:00","2026-09-03","2026-09-03 21:54:00","2026-09-03","Blue","High Demand","A04","2026-09-03 16:11:00","30","30","373","Departed","Departed","","1"
"SYN-00526","2026-09-03 15:45:00","2026-09-03","2026-09-03 18:16:00","2026-09-03","Blue","High Demand","A04","2026-09-03 16:42:00","57","57","151","Departed","Departed","","1"
"SYN-00527","2026-09-03 15:53:00","2026-09-03","2026-09-03 19:59:00","2026-09-03","Yellow","High Demand","A04","2026-09-03 16:33:00","40","40","246","Departed","Departed","","1"
"SYN-00528","2026-09-03 15:54:00","2026-09-03","2026-09-03 22:20:00","2026-09-03","Yellow","High Demand","A04","2026-09-03 16:24:00","30","30","386","Departed","Departed","","1"
"SYN-00529","2026-09-03 15:57:00","2026-09-03","2026-09-03 19:13:00","2026-09-03","Yellow","High Demand","A04","2026-09-03 16:33:00","36","36","196","Departed","Departed","","1"
"SYN-00530","2026-09-03 16:10:00","2026-09-03","2026-09-03 20:18:00","2026-09-03","Yellow","High Demand","A04","2026-09-03 17:00:00","50","50","248","Departed","Departed","","1"
"SYN-00531","2026-09-03 16:12:00","2026-09-03","2026-09-03 21:03:00","2026-09-03","Blue","High Demand","A04","2026-09-03 16:39:00","27","27","291","Departed","Departed","","1"
"SYN-00532","2026-09-03 16:17:00","2026-09-03","2026-09-03 19:01:00","2026-09-03","Green","High Demand","A04","2026-09-03 17:14:00","57","57","164","Departed","Departed","","1"
"SYN-00533","2026-09-03 16:22:00","2026-09-03","2026-09-03 19:07:00","2026-09-03","Yellow","High Demand","A04","2026-09-03 17:21:00","59","59","165","Departed","Departed","","1"
"SYN-00534","2026-09-03 16:30:00","2026-09-03","2026-09-03 20:12:00","2026-09-03","Green","High Demand","A04","2026-09-03 17:28:00","58","58","222","Departed","Departed","","1"
"SYN-00535","2026-09-03 16:47:00","2026-09-03","2026-09-03 19:04:00","2026-09-03","Yellow","High Demand","A05","2026-09-03 17:31:00","44","44","137","Departed","Departed","","1"
"SYN-00536","2026-09-03 16:53:00","2026-09-03","2026-09-03 19:43:00","2026-09-03","Yellow","High Demand","A04","2026-09-03 17:41:00","48","48","170","Departed","Departed","","1"
"SYN-00537","2026-09-03 17:06:00","2026-09-03","2026-09-03 21:09:00","2026-09-03","Yellow","High Demand","A04","2026-09-03 18:13:00","67","67","243","Departed","Departed","","1"
"SYN-00538","2026-09-03 17:07:00","2026-09-03","2026-09-03 21:27:00","2026-09-03","Yellow","High Demand","A04","2026-09-03 17:57:00","50","50","260","Departed","Departed","","1"
"SYN-00539","2026-09-03 17:11:00","2026-09-03","2026-09-03 22:57:00","2026-09-03","Yellow","High Demand","A04","2026-09-03 17:57:00","46","46","346","Departed","Departed","","1"
"SYN-00540","2026-09-03 17:31:00","2026-09-03","2026-09-03 21:06:00","2026-09-03","Yellow","High Demand","A05","2026-09-03 18:37:00","66","66","215","Departed","Departed","","1"
"SYN-00541","2026-09-03 17:36:00","2026-09-03","2026-09-03 20:23:00","2026-09-03","Blue","High Demand","A04","2026-09-03 18:00:00","24","24","167","Departed","Departed","","1"
"SYN-00542","2026-09-03 17:37:00","2026-09-03","2026-09-03 20:59:00","2026-09-03","Green","High Demand","A04","2026-09-03 18:00:00","23","23","202","Departed","Departed","","1"
"SYN-00543","2026-09-03 17:47:00","2026-09-03","2026-09-03 21:49:00","2026-09-03","Green","High Demand","A04","2026-09-03 18:12:00","25","25","242","Departed","Departed","","1"
"SYN-00544","2026-09-03 17:56:00","2026-09-03","2026-09-03 20:24:00","2026-09-03","Red","High Demand","A03","2026-09-03 17:58:00","2","2","148","Departed","Departed","","1"
"SYN-00545","2026-09-03 17:58:00","2026-09-03","2026-09-03 22:10:00","2026-09-03","Green","High Demand","A04","2026-09-03 18:25:00","27","27","252","Departed","Departed","","1"
"SYN-00546","2026-09-03 18:02:00","2026-09-03","2026-09-03 22:00:00","2026-09-03","Green","High Demand","A04","2026-09-03 18:38:00","36","36","238","Departed","Departed","","1"
"SYN-00547","2026-09-03 18:03:00","2026-09-03","2026-09-03 22:07:00","2026-09-03","Green","High Demand","A05","2026-09-03 18:28:00","25","25","244","Departed","Departed","","1"
"SYN-00548","2026-09-03 18:12:00","2026-09-03","2026-09-03 20:44:00","2026-09-03","Orange","High Demand","A04","2026-09-03 19:01:00","49","49","152","Departed","Departed","","1"
"SYN-00549","2026-09-03 18:18:00","2026-09-03","2026-09-03 20:39:00","2026-09-03","Yellow","High Demand","A05","2026-09-03 19:24:00","66","66","141","Departed","Departed","","1"
"SYN-00550","2026-09-03 18:34:00","2026-09-03","2026-09-04 01:56:00","2026-09-04","Green","High Demand","A04","2026-09-03 19:12:00","38","38","442","Departed","Departed","","1"
"SYN-00551","2026-09-03 18:40:00","2026-09-03","2026-09-04 03:39:00","2026-09-04","Blue","High Demand","A04","2026-09-03 19:31:00","51","51","539","Departed","Departed","","1"
"SYN-00552","2026-09-03 18:45:00","2026-09-03","2026-09-03 20:57:00","2026-09-03","Yellow","High Demand","A04","2026-09-03 19:23:00","38","38","132","Departed","Departed","","1"
"SYN-00553","2026-09-03 18:46:00","2026-09-03","2026-09-03 23:03:00","2026-09-03","Yellow","High Demand","A04","2026-09-03 19:38:00","52","52","257","Departed","Departed","","1"
"SYN-00554","2026-09-03 18:46:00","2026-09-03","2026-09-03 20:56:00","2026-09-03","Yellow","High Demand","A04","2026-09-03 19:43:00","57","57","130","Departed","Departed","","1"
"SYN-00555","2026-09-03 19:09:00","2026-09-03","2026-09-04 01:44:00","2026-09-04","Yellow","High Demand","A04","2026-09-03 19:54:00","45","45","395","Departed","Departed","","1"
"SYN-00556","2026-09-03 19:09:00","2026-09-03","2026-09-03 22:55:00","2026-09-03","Green","High Demand","A04","2026-09-03 19:59:00","50","50","226","Departed","Departed","","1"
"SYN-00557","2026-09-03 19:11:00","2026-09-03","2026-09-03 22:48:00","2026-09-03","Green","High Demand","A05","2026-09-03 19:30:00","19","19","217","Departed","Departed","","1"
"SYN-00558","2026-09-03 19:35:00","2026-09-03","2026-09-03 22:30:00","2026-09-03","Blue","High Demand","A04","2026-09-03 20:43:00","68","68","175","Departed","Departed","","1"
"SYN-00559","2026-09-03 19:42:00","2026-09-03","2026-09-03 21:48:00","2026-09-03","Green","High Demand","A04","2026-09-03 20:36:00","54","54","126","Departed","Departed","","1"
"SYN-00560","2026-09-03 19:43:00","2026-09-03","2026-09-03 21:54:00","2026-09-03","Red","High Demand","A03","2026-09-03 19:45:00","2","2","131","Departed","Departed","","1"
"SYN-00561","2026-09-03 19:47:00","2026-09-03","2026-09-03 22:36:00","2026-09-03","Red","High Demand","A03","2026-09-03 19:49:00","2","2","169","Departed","Departed","","1"
"SYN-00562","2026-09-03 19:53:00","2026-09-03","2026-09-03 22:59:00","2026-09-03","Blue","High Demand","A04","2026-09-03 20:23:00","30","30","186","Departed","Departed","","1"
"SYN-00563","2026-09-03 19:59:00","2026-09-03","2026-09-03 22:23:00","2026-09-03","Yellow","High Demand","A04","2026-09-03 20:43:00","44","44","144","Departed","Departed","","1"
"SYN-00564","2026-09-03 20:20:00","2026-09-03","2026-09-04 00:15:00","2026-09-04","Green","High Demand","A04","2026-09-03 20:48:00","28","28","235","Departed","Departed","","1"
"SYN-00565","2026-09-03 20:22:00","2026-09-03","2026-09-04 04:42:00","2026-09-04","Green","High Demand","A04","2026-09-03 21:20:00","58","58","500","Departed","Departed","","1"
"SYN-00566","2026-09-03 20:39:00","2026-09-03","2026-09-04 02:44:00","2026-09-04","Green","High Demand","A04","2026-09-03 21:06:00","27","27","365","Departed","Departed","","1"
"SYN-00567","2026-09-03 20:41:00","2026-09-03","2026-09-04 00:27:00","2026-09-04","Yellow","High Demand","A04","2026-09-03 21:07:00","26","26","226","Departed","Departed","","1"
"SYN-00568","2026-09-03 20:43:00","2026-09-03","2026-09-04 00:18:00","2026-09-04","Orange","High Demand","A04","2026-09-03 21:05:00","22","22","215","Departed","Departed","","1"
"SYN-00569","2026-09-03 20:47:00","2026-09-03","2026-09-03 22:34:00","2026-09-03","Blue","High Demand","A05","2026-09-03 21:13:00","26","26","107","Departed","Departed","","1"
"SYN-00570","2026-09-03 20:49:00","2026-09-03","2026-09-03 23:34:00","2026-09-03","Green","High Demand","A05","2026-09-03 21:16:00","27","27","165","Departed","Departed","","1"
"SYN-00571","2026-09-03 20:50:00","2026-09-03","2026-09-03 23:32:00","2026-09-03","Blue","High Demand","A04","2026-09-03 21:56:00","66","66","162","Departed","Departed","","1"
"SYN-00572","2026-09-03 20:50:00","2026-09-03","2026-09-04 00:40:00","2026-09-04","Yellow","High Demand","A04","2026-09-03 21:55:00","65","65","230","Departed","Departed","","1"
"SYN-00573","2026-09-03 20:56:00","2026-09-03","2026-09-03 23:44:00","2026-09-03","Green","High Demand","A04","2026-09-03 21:49:00","53","53","168","Departed","Departed","","1"
"SYN-00574","2026-09-03 21:09:00","2026-09-03","2026-09-04 04:59:00","2026-09-04","Yellow","High Demand","A05","2026-09-03 21:54:00","45","45","470","Departed","Departed","","1"
"SYN-00575","2026-09-03 21:14:00","2026-09-03","2026-09-04 02:17:00","2026-09-04","Green","High Demand","A04","2026-09-03 21:58:00","44","44","303","Departed","Departed","","1"
"SYN-00576","2026-09-03 21:16:00","2026-09-03","2026-09-04 01:01:00","2026-09-04","Green","High Demand","A05","2026-09-03 21:52:00","36","36","225","Departed","Departed","","1"
"SYN-00577","2026-09-03 21:18:00","2026-09-03","2026-09-03 23:18:00","2026-09-03","Green","High Demand","A04","2026-09-03 22:00:00","42","42","120","Departed","Departed","","1"
"SYN-00578","2026-09-03 21:23:00","2026-09-03","2026-09-04 04:53:00","2026-09-04","Green","High Demand","A05","2026-09-03 21:42:00","19","19","450","Departed","Departed","","1"
"SYN-00579","2026-09-03 21:34:00","2026-09-03","2026-09-04 00:01:00","2026-09-04","Yellow","High Demand","A04","2026-09-03 22:37:00","63","63","147","Departed","Departed","","1"
"SYN-00580","2026-09-03 21:51:00","2026-09-03","2026-09-04 01:03:00","2026-09-04","Green","High Demand","A05","2026-09-03 23:01:00","70","70","192","Departed","Departed","","1"
"SYN-00581","2026-09-03 21:55:00","2026-09-03","2026-09-04 02:21:00","2026-09-04","Green","High Demand","A05","2026-09-03 23:00:00","65","65","266","Departed","Departed","","1"
"SYN-00582","2026-09-03 22:03:00","2026-09-03","2026-09-03 23:52:00","2026-09-03","Green","Normal Operations","A04","2026-09-03 22:27:00","24","24","109","Departed","Departed","","1"
"SYN-00583","2026-09-03 22:25:00","2026-09-03","2026-09-04 01:18:00","2026-09-04","Green","Normal Operations","A04","2026-09-03 23:00:00","35","35","173","Departed","Departed","","1"
"SYN-00584","2026-09-03 22:30:00","2026-09-03","2026-09-04 03:31:00","2026-09-04","Yellow","Normal Operations","A05","2026-09-03 22:49:00","19","19","301","Departed","Departed","","1"
"SYN-00585","2026-09-03 23:09:00","2026-09-03","2026-09-04 02:11:00","2026-09-04","Yellow","Normal Operations","A04","2026-09-03 23:36:00","27","27","182","Departed","Departed","","1"
"SYN-00586","2026-09-03 23:18:00","2026-09-03","2026-09-04 02:24:00","2026-09-04","Yellow","Normal Operations","A05","2026-09-03 23:39:00","21","21","186","Departed","Departed","","1"
"SYN-00587","2026-09-03 23:27:00","2026-09-03","2026-09-04 01:05:00","2026-09-04","Green","Normal Operations","A04","2026-09-03 23:48:00","21","21","98","Departed","Departed","","1"
"SYN-00588","2026-09-03 23:39:00","2026-09-03","2026-09-04 02:33:00","2026-09-04","Yellow","Normal Operations","A04","2026-09-04 00:14:00","35","35","174","Departed","Departed","","1"
"SYN-00589","2026-09-03 23:40:00","2026-09-03","2026-09-04 02:31:00","2026-09-04","Orange","Normal Operations","A04","2026-09-03 23:59:00","19","19","171","Departed","Departed","","1"
"SYN-00590","2026-09-03 23:57:00","2026-09-03","2026-09-04 02:05:00","2026-09-04","Yellow","Normal Operations","A04","2026-09-04 00:36:00","39","39","128","Departed","Departed","","1"
"SYN-00591","2026-09-04 00:10:00","2026-09-04","2026-09-04 02:50:00","2026-09-04","Red","Normal Operations","A03","2026-09-04 00:12:00","2","2","160","Departed","Departed","","1"
"SYN-00592","2026-09-04 00:27:00","2026-09-04","2026-09-04 03:03:00","2026-09-04","Yellow","Normal Operations","A04","2026-09-04 01:00:00","33","33","156","Departed","Departed","","1"
"SYN-00593","2026-09-04 01:25:00","2026-09-04","2026-09-04 03:15:00","2026-09-04","Yellow","Normal Operations","A05","2026-09-04 01:50:00","25","25","110","Departed","Departed","","1"
"SYN-00594","2026-09-04 02:03:00","2026-09-04","2026-09-04 03:57:00","2026-09-04","Green","Normal Operations","A04","2026-09-04 02:40:00","37","37","114","Departed","Departed","","1"
"SYN-00595","2026-09-04 02:38:00","2026-09-04","2026-09-04 07:53:00","2026-09-04","Yellow","Normal Operations","A05","2026-09-04 02:52:00","14","14","315","Departed","Departed","","1"
"SYN-00596","2026-09-04 03:21:00","2026-09-04","2026-09-04 06:08:00","2026-09-04","Yellow","Normal Operations","A04","2026-09-04 03:50:00","29","29","167","Departed","Departed","","1"
"SYN-00597","2026-09-04 03:43:00","2026-09-04","2026-09-04 05:31:00","2026-09-04","Green","Normal Operations","A04","2026-09-04 04:18:00","35","35","108","Departed","Departed","","1"
"SYN-00598","2026-09-04 03:44:00","2026-09-04","2026-09-04 05:37:00","2026-09-04","Yellow","Normal Operations","A04","2026-09-04 04:10:00","26","26","113","Departed","Departed","","1"
"SYN-00599","2026-09-04 04:36:00","2026-09-04","2026-09-04 06:12:00","2026-09-04","Blue","Normal Operations","A04","2026-09-04 05:02:00","26","26","96","Departed","Departed","","1"
"SYN-00600","2026-09-04 04:44:00","2026-09-04","2026-09-04 07:42:00","2026-09-04","Green","Normal Operations","A04","2026-09-04 05:09:00","25","25","178","Departed","Departed","","1"
"SYN-00601","2026-09-04 04:46:00","2026-09-04","2026-09-04 06:57:00","2026-09-04","Yellow","Normal Operations","A04","2026-09-04 05:24:00","38","38","131","Departed","Departed","","1"
"SYN-00602","2026-09-04 05:45:00","2026-09-04","2026-09-04 07:49:00","2026-09-04","Green","Normal Operations","A04","2026-09-04 06:13:00","28","28","124","Departed","Departed","","1"
"SYN-00603","2026-09-04 06:03:00","2026-09-04","2026-09-04 08:39:00","2026-09-04","Yellow","Normal Operations","A04","2026-09-04 06:36:00","33","33","156","Departed","Departed","","1"
"SYN-00604","2026-09-04 06:22:00","2026-09-04","2026-09-04 09:06:00","2026-09-04","Green","Normal Operations","A04","2026-09-04 06:42:00","20","20","164","Departed","Departed","","1"
"SYN-00605","2026-09-04 07:03:00","2026-09-04","2026-09-04 09:37:00","2026-09-04","Yellow","Normal Operations","A04","2026-09-04 07:29:00","26","26","154","Departed","Departed","","1"
"SYN-00606","2026-09-04 07:24:00","2026-09-04","2026-09-04 10:06:00","2026-09-04","Green","Normal Operations","A04","2026-09-04 07:59:00","35","35","162","Departed","Departed","","1"
"SYN-00607","2026-09-04 07:27:00","2026-09-04","2026-09-04 09:00:00","2026-09-04","Orange","Normal Operations","A05","2026-09-04 07:47:00","20","20","93","Departed","Departed","","1"
"SYN-00608","2026-09-04 07:37:00","2026-09-04","2026-09-04 09:23:00","2026-09-04","Green","Normal Operations","A04","2026-09-04 08:13:00","36","36","106","Departed","Departed","","1"
"SYN-00609","2026-09-04 08:04:00","2026-09-04","2026-09-04 10:19:00","2026-09-04","Blue","Normal Operations","A04","2026-09-04 08:28:00","24","24","135","Departed","Departed","","1"
"SYN-00610","2026-09-04 08:14:00","2026-09-04","2026-09-04 09:58:00","2026-09-04","Orange","Normal Operations","A04","2026-09-04 08:26:00","12","12","104","Departed","Departed","","1"
"SYN-00611","2026-09-04 08:28:00","2026-09-04","2026-09-04 12:14:00","2026-09-04","Yellow","Normal Operations","A04","2026-09-04 08:46:00","18","18","226","Departed","Departed","","1"
"SYN-00612","2026-09-04 08:37:00","2026-09-04","2026-09-04 11:02:00","2026-09-04","Green","Normal Operations","A04","2026-09-04 09:01:00","24","24","145","Departed","Departed","","1"
"SYN-00613","2026-09-04 08:39:00","2026-09-04","2026-09-04 11:23:00","2026-09-04","Green","Normal Operations","A04","2026-09-04 09:18:00","39","39","164","Departed","Departed","","1"
"SYN-00614","2026-09-04 08:39:00","2026-09-04","2026-09-04 11:01:00","2026-09-04","Yellow","Normal Operations","A04","2026-09-04 09:12:00","33","33","142","Departed","Departed","","1"
"SYN-00615","2026-09-04 09:08:00","2026-09-04","2026-09-04 14:15:00","2026-09-04","Green","Normal Operations","A04","2026-09-04 09:48:00","40","40","307","Departed","Departed","","1"
"SYN-00616","2026-09-04 09:17:00","2026-09-04","2026-09-04 10:50:00","2026-09-04","Orange","Normal Operations","A04","2026-09-04 09:31:00","14","14","93","Departed","Departed","","1"
"SYN-00617","2026-09-04 09:29:00","2026-09-04","2026-09-04 13:32:00","2026-09-04","Green","Normal Operations","A04","2026-09-04 10:06:00","37","37","243","Departed","Departed","","1"
"SYN-00618","2026-09-04 09:35:00","2026-09-04","2026-09-04 11:28:00","2026-09-04","Green","Normal Operations","A04","2026-09-04 10:01:00","26","26","113","Departed","Departed","","1"
"SYN-00619","2026-09-04 09:59:00","2026-09-04","2026-09-04 12:53:00","2026-09-04","Orange","Normal Operations","A04","2026-09-04 10:15:00","16","16","174","Departed","Departed","","1"
"SYN-00620","2026-09-04 10:05:00","2026-09-04","2026-09-04 13:20:00","2026-09-04","Yellow","High Demand","A04","2026-09-04 10:34:00","29","29","195","Departed","Departed","","1"
"SYN-00621","2026-09-04 10:16:00","2026-09-04","2026-09-04 14:14:00","2026-09-04","Blue","High Demand","A05","2026-09-04 11:05:00","49","49","238","Departed","Departed","","1"
"SYN-00622","2026-09-04 10:18:00","2026-09-04","2026-09-04 13:59:00","2026-09-04","Blue","High Demand","A05","2026-09-04 11:13:00","55","55","221","Departed","Departed","","1"
"SYN-00623","2026-09-04 10:25:00","2026-09-04","2026-09-04 12:29:00","2026-09-04","Green","High Demand","A04","2026-09-04 10:54:00","29","29","124","Departed","Departed","","1"
"SYN-00624","2026-09-04 10:26:00","2026-09-04","2026-09-04 16:11:00","2026-09-04","Green","High Demand","A04","2026-09-04 11:39:00","73","73","345","Departed","Departed","","1"
"SYN-00625","2026-09-04 10:32:00","2026-09-04","2026-09-04 14:55:00","2026-09-04","Yellow","High Demand","A05","2026-09-04 11:14:00","42","42","263","Departed","Departed","","1"
"SYN-00626","2026-09-04 10:33:00","2026-09-04","2026-09-04 14:04:00","2026-09-04","Blue","High Demand","A04","2026-09-04 11:30:00","57","57","211","Departed","Departed","","1"
"SYN-00627","2026-09-04 10:35:00","2026-09-04","2026-09-04 17:48:00","2026-09-04","Blue","High Demand","A05","2026-09-04 11:40:00","65","65","433","Departed","Departed","","1"
"SYN-00628","2026-09-04 10:58:00","2026-09-04","2026-09-04 14:38:00","2026-09-04","Green","High Demand","A05","2026-09-04 11:31:00","33","33","220","Departed","Departed","","1"
"SYN-00629","2026-09-04 11:19:00","2026-09-04","2026-09-04 15:15:00","2026-09-04","Blue","High Demand","A04","2026-09-04 12:16:00","57","57","236","Departed","Departed","","1"
"SYN-00630","2026-09-04 11:26:00","2026-09-04","2026-09-04 15:56:00","2026-09-04","Yellow","High Demand","A04","2026-09-04 12:31:00","65","65","270","Departed","Departed","","1"
"SYN-00631","2026-09-04 11:27:00","2026-09-04","2026-09-04 14:07:00","2026-09-04","Yellow","High Demand","A04","2026-09-04 12:19:00","52","52","160","Departed","Departed","","1"
"SYN-00632","2026-09-04 11:33:00","2026-09-04","2026-09-04 15:38:00","2026-09-04","Blue","High Demand","A05","2026-09-04 12:01:00","28","28","245","Departed","Departed","","1"
"SYN-00633","2026-09-04 11:34:00","2026-09-04","2026-09-04 14:37:00","2026-09-04","Orange","High Demand","A05","2026-09-04 11:51:00","17","17","183","Departed","Departed","","1"
"SYN-00634","2026-09-04 11:36:00","2026-09-04","2026-09-04 15:57:00","2026-09-04","Green","High Demand","A04","2026-09-04 12:41:00","65","65","261","Departed","Departed","","1"
"SYN-00635","2026-09-04 11:42:00","2026-09-04","2026-09-04 13:33:00","2026-09-04","Yellow","High Demand","A04","2026-09-04 12:14:00","32","32","111","Departed","Departed","","1"
"SYN-00636","2026-09-04 11:42:00","2026-09-04","2026-09-04 15:54:00","2026-09-04","Yellow","High Demand","A05","2026-09-04 12:32:00","50","50","252","Departed","Departed","","1"
"SYN-00637","2026-09-04 11:49:00","2026-09-04","2026-09-04 14:03:00","2026-09-04","Orange","High Demand","A04","2026-09-04 12:06:00","17","17","134","Departed","Departed","","1"
"SYN-00638","2026-09-04 11:51:00","2026-09-04","2026-09-04 15:33:00","2026-09-04","Yellow","High Demand","A04","2026-09-04 12:16:00","25","25","222","Departed","Departed","","1"
"SYN-00639","2026-09-04 12:01:00","2026-09-04","2026-09-04 14:54:00","2026-09-04","Green","High Demand","A04","2026-09-04 12:50:00","49","49","173","Departed","Departed","","1"
"SYN-00640","2026-09-04 12:07:00","2026-09-04","2026-09-04 15:31:00","2026-09-04","Blue","High Demand","A04","2026-09-04 12:39:00","32","32","204","Departed","Departed","","1"
"SYN-00641","2026-09-04 12:07:00","2026-09-04","2026-09-04 14:16:00","2026-09-04","Yellow","High Demand","A04","2026-09-04 12:23:00","16","16","129","Departed","Departed","","1"
"SYN-00642","2026-09-04 12:29:00","2026-09-04","2026-09-04 14:58:00","2026-09-04","Green","High Demand","A05","2026-09-04 12:59:00","30","30","149","Departed","Departed","","1"
"SYN-00643","2026-09-04 12:29:00","2026-09-04","2026-09-04 14:19:00","2026-09-04","Blue","High Demand","A05","2026-09-04 12:56:00","27","27","110","Departed","Departed","","1"
"SYN-00644","2026-09-04 12:52:00","2026-09-04","2026-09-04 15:49:00","2026-09-04","Yellow","High Demand","A04","2026-09-04 13:17:00","25","25","177","Departed","Departed","","1"
"SYN-00645","2026-09-04 12:59:00","2026-09-04","2026-09-04 18:53:00","2026-09-04","Orange","High Demand","A04","2026-09-04 13:16:00","17","17","354","Departed","Departed","","1"
"SYN-00646","2026-09-04 13:01:00","2026-09-04","2026-09-04 19:25:00","2026-09-04","Green","High Demand","A04","2026-09-04 13:20:00","19","19","384","Departed","Departed","","1"
"SYN-00647","2026-09-04 13:25:00","2026-09-04","2026-09-04 17:14:00","2026-09-04","Yellow","High Demand","A05","2026-09-04 14:25:00","60","60","229","Departed","Departed","","1"
"SYN-00648","2026-09-04 13:26:00","2026-09-04","2026-09-04 18:32:00","2026-09-04","Yellow","High Demand","A04","2026-09-04 13:56:00","30","30","306","Departed","Departed","","1"
"SYN-00649","2026-09-04 13:28:00","2026-09-04","2026-09-04 17:20:00","2026-09-04","Green","High Demand","A05","2026-09-04 14:00:00","32","32","232","Departed","Departed","","1"
"SYN-00650","2026-09-04 13:33:00","2026-09-04","2026-09-04 16:45:00","2026-09-04","Green","High Demand","A04","2026-09-04 14:03:00","30","30","192","Departed","Departed","","1"
"SYN-00651","2026-09-04 13:40:00","2026-09-04","2026-09-04 16:29:00","2026-09-04","Blue","High Demand","A05","2026-09-04 13:59:00","19","19","169","Departed","Departed","","1"
"SYN-00652","2026-09-04 13:42:00","2026-09-04","2026-09-04 16:55:00","2026-09-04","Green","High Demand","A04","2026-09-04 14:43:00","61","61","193","Departed","Departed","","1"
"SYN-00653","2026-09-04 13:51:00","2026-09-04","2026-09-04 16:34:00","2026-09-04","Orange","High Demand","A04","2026-09-04 14:11:00","20","20","163","Departed","Departed","","1"
"SYN-00654","2026-09-04 13:53:00","2026-09-04","2026-09-04 20:50:00","2026-09-04","Green","High Demand","A04","2026-09-04 14:25:00","32","32","417","Departed","Departed","","1"
"SYN-00655","2026-09-04 13:59:00","2026-09-04","2026-09-04 17:31:00","2026-09-04","Yellow","High Demand","A04","2026-09-04 14:33:00","34","34","212","Departed","Departed","","1"
"SYN-00656","2026-09-04 14:07:00","2026-09-04","2026-09-04 16:54:00","2026-09-04","Yellow","High Demand","A04","2026-09-04 14:53:00","46","46","167","Departed","Departed","","1"
"SYN-00657","2026-09-04 14:11:00","2026-09-04","2026-09-04 20:03:00","2026-09-04","Blue","High Demand","A04","2026-09-04 15:13:00","62","62","352","Departed","Departed","","1"
"SYN-00658","2026-09-04 14:18:00","2026-09-04","2026-09-04 17:41:00","2026-09-04","Red","High Demand","A03","2026-09-04 14:20:00","2","2","203","Departed","Departed","","1"
"SYN-00659","2026-09-04 14:28:00","2026-09-04","2026-09-04 17:46:00","2026-09-04","Yellow","High Demand","A04","2026-09-04 15:02:00","34","34","198","Departed","Departed","","1"
"SYN-00660","2026-09-04 14:32:00","2026-09-04","2026-09-04 17:46:00","2026-09-04","Yellow","High Demand","A05","2026-09-04 14:58:00","26","26","194","Departed","Departed","","1"
"SYN-00661","2026-09-04 14:33:00","2026-09-04","2026-09-04 17:58:00","2026-09-04","Green","High Demand","A05","2026-09-04 15:43:00","70","70","205","Departed","Departed","","1"
"SYN-00662","2026-09-04 14:58:00","2026-09-04","2026-09-04 16:36:00","2026-09-04","Orange","High Demand","A04","2026-09-04 15:14:00","16","16","98","Departed","Departed","","1"
"SYN-00663","2026-09-04 14:59:00","2026-09-04","2026-09-04 22:33:00","2026-09-04","Yellow","High Demand","A04","2026-09-04 15:59:00","60","60","454","Departed","Departed","","1"
"SYN-00664","2026-09-04 15:09:00","2026-09-04","2026-09-04 18:24:00","2026-09-04","Yellow","High Demand","A04","2026-09-04 15:41:00","32","32","195","Departed","Departed","","1"
"SYN-00665","2026-09-04 15:10:00","2026-09-04","2026-09-04 19:03:00","2026-09-04","Orange","High Demand","A04","2026-09-04 15:31:00","21","21","233","Departed","Departed","","1"
"SYN-00666","2026-09-04 15:14:00","2026-09-04","2026-09-04 17:05:00","2026-09-04","Yellow","High Demand","A04","2026-09-04 15:53:00","39","39","111","Departed","Departed","","1"
"SYN-00667","2026-09-04 15:17:00","2026-09-04","2026-09-04 21:21:00","2026-09-04","Orange","High Demand","A04","2026-09-04 15:40:00","23","23","364","Departed","Departed","","1"
"SYN-00668","2026-09-04 15:19:00","2026-09-04","2026-09-04 17:13:00","2026-09-04","Green","High Demand","A04","2026-09-04 15:55:00","36","36","114","Departed","Departed","","1"
"SYN-00669","2026-09-04 15:25:00","2026-09-04","2026-09-04 18:08:00","2026-09-04","Yellow","High Demand","A04","2026-09-04 15:57:00","32","32","163","Departed","Departed","","1"
"SYN-00670","2026-09-04 15:33:00","2026-09-04","2026-09-04 18:57:00","2026-09-04","Green","High Demand","A05","2026-09-04 16:35:00","62","62","204","Departed","Departed","","1"
"SYN-00671","2026-09-04 15:38:00","2026-09-04","2026-09-04 22:38:00","2026-09-04","Green","High Demand","A04","2026-09-04 16:36:00","58","58","420","Departed","Departed","","1"
"SYN-00672","2026-09-04 15:40:00","2026-09-04","2026-09-04 18:59:00","2026-09-04","Red","High Demand","A03","2026-09-04 15:42:00","2","2","199","Departed","Departed","","1"
"SYN-00673","2026-09-04 16:03:00","2026-09-04","2026-09-04 19:36:00","2026-09-04","Green","High Demand","A04","2026-09-04 16:52:00","49","49","213","Departed","Departed","","1"
"SYN-00674","2026-09-04 16:05:00","2026-09-04","2026-09-04 18:22:00","2026-09-04","Yellow","High Demand","A04","2026-09-04 17:12:00","67","67","137","Departed","Departed","","1"
"SYN-00675","2026-09-04 16:20:00","2026-09-04","2026-09-04 19:16:00","2026-09-04","Yellow","High Demand","A04","2026-09-04 17:16:00","56","56","176","Departed","Departed","","1"
"SYN-00676","2026-09-04 16:27:00","2026-09-04","2026-09-04 20:23:00","2026-09-04","Yellow","High Demand","A04","2026-09-04 16:56:00","29","29","236","Departed","Departed","","1"
"SYN-00677","2026-09-04 16:41:00","2026-09-04","2026-09-04 18:56:00","2026-09-04","Green","High Demand","A04","2026-09-04 17:19:00","38","38","135","Departed","Departed","","1"
"SYN-00678","2026-09-04 16:42:00","2026-09-04","2026-09-04 20:24:00","2026-09-04","Blue","High Demand","A05","2026-09-04 17:40:00","58","58","222","Departed","Departed","","1"
"SYN-00679","2026-09-04 16:44:00","2026-09-04","2026-09-04 20:37:00","2026-09-04","Green","High Demand","A04","2026-09-04 17:22:00","38","38","233","Departed","Departed","","1"
"SYN-00680","2026-09-04 16:48:00","2026-09-04","2026-09-04 19:32:00","2026-09-04","Green","High Demand","A05","2026-09-04 17:11:00","23","23","164","Departed","Departed","","1"
"SYN-00681","2026-09-04 16:51:00","2026-09-04","2026-09-04 20:42:00","2026-09-04","Green","High Demand","A04","2026-09-04 17:30:00","39","39","231","Departed","Departed","","1"
"SYN-00682","2026-09-04 17:10:00","2026-09-04","2026-09-04 20:15:00","2026-09-04","Red","High Demand","A03","2026-09-04 17:12:00","2","2","185","Departed","Departed","","1"
"SYN-00683","2026-09-04 17:32:00","2026-09-04","2026-09-04 19:30:00","2026-09-04","Green","High Demand","A04","2026-09-04 18:06:00","34","34","118","Departed","Departed","","1"
"SYN-00684","2026-09-04 17:33:00","2026-09-04","2026-09-04 20:30:00","2026-09-04","Yellow","High Demand","A05","2026-09-04 18:22:00","49","49","177","Departed","Departed","","1"
"SYN-00685","2026-09-04 17:35:00","2026-09-04","2026-09-04 20:51:00","2026-09-04","Blue","High Demand","A04","2026-09-04 18:48:00","73","73","196","Departed","Departed","","1"
"SYN-00686","2026-09-04 17:36:00","2026-09-04","2026-09-04 20:17:00","2026-09-04","Yellow","High Demand","A05","2026-09-04 18:08:00","32","32","161","Departed","Departed","","1"
"SYN-00687","2026-09-04 17:37:00","2026-09-04","2026-09-04 19:49:00","2026-09-04","Yellow","High Demand","A04","2026-09-04 18:00:00","23","23","132","Departed","Departed","","1"
"SYN-00688","2026-09-04 17:42:00","2026-09-04","2026-09-05 01:54:00","2026-09-05","Green","High Demand","A04","2026-09-04 18:53:00","71","71","492","Departed","Departed","","1"
"SYN-00689","2026-09-04 17:46:00","2026-09-04","2026-09-04 19:46:00","2026-09-04","Green","High Demand","A04","2026-09-04 18:20:00","34","34","120","Departed","Departed","","1"
"SYN-00690","2026-09-04 17:49:00","2026-09-04","2026-09-04 22:07:00","2026-09-04","Green","High Demand","A04","2026-09-04 18:37:00","48","48","258","Departed","Departed","","1"
"SYN-00691","2026-09-04 18:03:00","2026-09-04","2026-09-04 21:42:00","2026-09-04","Yellow","High Demand","A04","2026-09-04 19:14:00","71","71","219","Departed","Departed","","1"
"SYN-00692","2026-09-04 18:07:00","2026-09-04","2026-09-04 21:44:00","2026-09-04","Orange","High Demand","A04","2026-09-04 18:27:00","20","20","217","Departed","Departed","","1"
"SYN-00693","2026-09-04 18:14:00","2026-09-04","2026-09-04 20:39:00","2026-09-04","Yellow","High Demand","A04","2026-09-04 19:29:00","75","75","145","Departed","Departed","","1"
"SYN-00694","2026-09-04 18:26:00","2026-09-04","2026-09-04 20:16:00","2026-09-04","Red","High Demand","A03","2026-09-04 18:28:00","2","2","110","Departed","Departed","","1"
"SYN-00695","2026-09-04 18:29:00","2026-09-04","2026-09-04 20:36:00","2026-09-04","Green","High Demand","A04","2026-09-04 19:21:00","52","52","127","Departed","Departed","","1"
"SYN-00696","2026-09-04 18:30:00","2026-09-04","2026-09-04 21:19:00","2026-09-04","Yellow","High Demand","A04","2026-09-04 19:01:00","31","31","169","Departed","Departed","","1"
"SYN-00697","2026-09-04 18:33:00","2026-09-04","2026-09-04 22:24:00","2026-09-04","Green","High Demand","A05","2026-09-04 18:56:00","23","23","231","Departed","Departed","","1"
"SYN-00698","2026-09-04 18:52:00","2026-09-04","2026-09-05 03:06:00","2026-09-05","Yellow","High Demand","A04","2026-09-04 19:20:00","28","28","494","Departed","Departed","","1"
"SYN-00699","2026-09-04 19:15:00","2026-09-04","2026-09-04 21:44:00","2026-09-04","Yellow","High Demand","A05","2026-09-04 20:21:00","66","66","149","Departed","Departed","","1"
"SYN-00700","2026-09-04 19:23:00","2026-09-04","2026-09-04 22:26:00","2026-09-04","Green","High Demand","A04","2026-09-04 19:42:00","19","19","183","Departed","Departed","","1"
"SYN-00701","2026-09-04 19:31:00","2026-09-04","2026-09-04 22:50:00","2026-09-04","Yellow","High Demand","A05","2026-09-04 19:51:00","20","20","199","Departed","Departed","","1"
"SYN-00702","2026-09-04 19:31:00","2026-09-04","2026-09-04 22:54:00","2026-09-04","Green","High Demand","A05","2026-09-04 20:00:00","29","29","203","Departed","Departed","","1"
"SYN-00703","2026-09-04 19:35:00","2026-09-04","2026-09-04 23:52:00","2026-09-04","Blue","High Demand","A04","2026-09-04 20:08:00","33","33","257","Departed","Departed","","1"
"SYN-00704","2026-09-04 19:35:00","2026-09-04","2026-09-04 22:14:00","2026-09-04","Blue","High Demand","A04","2026-09-04 20:05:00","30","30","159","Departed","Departed","","1"
"SYN-00705","2026-09-04 19:43:00","2026-09-04","2026-09-04 22:40:00","2026-09-04","Orange","High Demand","A05","2026-09-04 20:01:00","18","18","177","Departed","Departed","","1"
"SYN-00706","2026-09-04 19:45:00","2026-09-04","2026-09-04 23:26:00","2026-09-04","Yellow","High Demand","A05","2026-09-04 20:54:00","69","69","221","Departed","Departed","","1"
"SYN-00707","2026-09-04 19:51:00","2026-09-04","2026-09-04 23:58:00","2026-09-04","Green","High Demand","A05","2026-09-04 20:38:00","47","47","247","Departed","Departed","","1"
"SYN-00708","2026-09-04 20:13:00","2026-09-04","2026-09-04 22:51:00","2026-09-04","Blue","High Demand","A05","2026-09-04 21:25:00","72","72","158","Departed","Departed","","1"
"SYN-00709","2026-09-04 20:15:00","2026-09-04","2026-09-05 04:31:00","2026-09-05","Orange","High Demand","A04","2026-09-04 20:26:00","11","11","496","Departed","Departed","","1"
"SYN-00710","2026-09-04 20:19:00","2026-09-04","2026-09-05 00:29:00","2026-09-05","Yellow","High Demand","A04","2026-09-04 21:26:00","67","67","250","Departed","Departed","","1"
"SYN-00711","2026-09-04 20:26:00","2026-09-04","2026-09-05 00:28:00","2026-09-05","Yellow","High Demand","A04","2026-09-04 21:41:00","75","75","242","Departed","Departed","","1"
"SYN-00712","2026-09-04 20:28:00","2026-09-04","2026-09-05 01:16:00","2026-09-05","Green","High Demand","A04","2026-09-04 21:39:00","71","71","288","Departed","Departed","","1"
"SYN-00713","2026-09-04 20:34:00","2026-09-04","2026-09-05 00:50:00","2026-09-05","Blue","High Demand","A04","2026-09-04 21:12:00","38","38","256","Departed","Departed","","1"
"SYN-00714","2026-09-04 20:35:00","2026-09-04","2026-09-05 03:17:00","2026-09-05","Yellow","High Demand","A05","2026-09-04 21:03:00","28","28","402","Departed","Departed","","1"
"SYN-00715","2026-09-04 20:36:00","2026-09-04","2026-09-05 00:11:00","2026-09-05","Green","High Demand","A04","2026-09-04 21:29:00","53","53","215","Departed","Departed","","1"
"SYN-00716","2026-09-04 20:52:00","2026-09-04","2026-09-05 00:35:00","2026-09-05","Red","High Demand","A03","2026-09-04 20:54:00","2","2","223","Departed","Departed","","1"
"SYN-00717","2026-09-04 20:54:00","2026-09-04","2026-09-05 04:48:00","2026-09-05","Green","High Demand","A05","2026-09-04 21:43:00","49","49","474","Departed","Departed","","1"
"SYN-00718","2026-09-04 21:05:00","2026-09-04","2026-09-05 00:28:00","2026-09-05","Yellow","High Demand","A05","2026-09-04 22:15:00","70","70","203","Departed","Departed","","1"
"SYN-00719","2026-09-04 21:06:00","2026-09-04","2026-09-05 02:03:00","2026-09-05","Green","High Demand","A04","2026-09-04 21:32:00","26","26","297","Departed","Departed","","1"
"SYN-00720","2026-09-04 21:18:00","2026-09-04","2026-09-05 00:25:00","2026-09-05","Yellow","High Demand","A04","2026-09-04 22:19:00","61","61","187","Departed","Departed","","1"
"SYN-00721","2026-09-04 21:18:00","2026-09-04","2026-09-04 23:20:00","2026-09-04","Green","High Demand","A04","2026-09-04 21:47:00","29","29","122","Departed","Departed","","1"
"SYN-00722","2026-09-04 21:28:00","2026-09-04","2026-09-05 00:40:00","2026-09-05","Blue","High Demand","A04","2026-09-04 22:21:00","53","53","192","Departed","Departed","","1"
"SYN-00723","2026-09-04 21:31:00","2026-09-04","2026-09-05 00:17:00","2026-09-05","Blue","High Demand","A04","2026-09-04 22:16:00","45","45","166","Departed","Departed","","1"
"SYN-00724","2026-09-04 21:37:00","2026-09-04","2026-09-04 23:38:00","2026-09-04","Yellow","High Demand","A04","2026-09-04 22:07:00","30","30","121","Departed","Departed","","1"
"SYN-00725","2026-09-04 21:40:00","2026-09-04","2026-09-05 02:12:00","2026-09-05","Orange","High Demand","A05","2026-09-04 21:55:00","15","15","272","Departed","Departed","","1"
"SYN-00726","2026-09-04 21:50:00","2026-09-04","2026-09-04 23:25:00","2026-09-04","Red","High Demand","A03","2026-09-04 21:52:00","2","2","95","Departed","Departed","","1"
"SYN-00727","2026-09-04 21:52:00","2026-09-04","2026-09-05 02:40:00","2026-09-05","Yellow","High Demand","A04","2026-09-04 22:56:00","64","64","288","Departed","Departed","","1"
"SYN-00728","2026-09-04 22:05:00","2026-09-04","2026-09-05 02:49:00","2026-09-05","Yellow","Normal Operations","A04","2026-09-04 22:38:00","33","33","284","Departed","Departed","","1"
"SYN-00729","2026-09-04 22:17:00","2026-09-04","2026-09-05 01:24:00","2026-09-05","Yellow","Normal Operations","A05","2026-09-04 22:53:00","36","36","187","Departed","Departed","","1"
"SYN-00730","2026-09-04 22:36:00","2026-09-04","2026-09-05 00:28:00","2026-09-05","Green","Normal Operations","A04","2026-09-04 22:58:00","22","22","112","Departed","Departed","","1"
"SYN-00731","2026-09-04 22:55:00","2026-09-04","2026-09-05 01:22:00","2026-09-05","Yellow","Normal Operations","A05","2026-09-04 23:09:00","14","14","147","Departed","Departed","","1"
"SYN-00732","2026-09-04 23:48:00","2026-09-04","2026-09-05 01:38:00","2026-09-05","Orange","Normal Operations","A04","2026-09-05 00:00:00","12","12","110","Departed","Departed","","1"
"SYN-00733","2026-09-04 23:51:00","2026-09-04","2026-09-05 01:59:00","2026-09-05","Yellow","Normal Operations","A05","2026-09-05 00:08:00","17","17","128","Departed","Departed","","1"
"SYN-00734","2026-09-04 23:55:00","2026-09-04","2026-09-05 02:09:00","2026-09-05","Yellow","Normal Operations","A04","2026-09-05 00:15:00","20","20","134","Departed","Departed","","1"
"SYN-00735","2026-09-05 00:29:00","2026-09-05","2026-09-05 04:51:00","2026-09-05","Blue","Normal Operations","A04","2026-09-05 01:04:00","35","35","262","Departed","Departed","","1"
"SYN-00736","2026-09-05 01:31:00","2026-09-05","2026-09-05 04:05:00","2026-09-05","Orange","Normal Operations","A05","2026-09-05 01:46:00","15","15","154","Departed","Departed","","1"
"SYN-00737","2026-09-05 01:41:00","2026-09-05","2026-09-05 04:17:00","2026-09-05","Orange","Normal Operations","A04","2026-09-05 01:54:00","13","13","156","Departed","Departed","","1"
"SYN-00738","2026-09-05 02:40:00","2026-09-05","2026-09-05 05:19:00","2026-09-05","Green","Normal Operations","A04","2026-09-05 03:03:00","23","23","159","Departed","Departed","","1"
"SYN-00739","2026-09-05 02:47:00","2026-09-05","2026-09-05 05:31:00","2026-09-05","Yellow","Normal Operations","A05","2026-09-05 03:05:00","18","18","164","Departed","Departed","","1"
"SYN-00740","2026-09-05 03:14:00","2026-09-05","2026-09-05 05:45:00","2026-09-05","Orange","Normal Operations","A05","2026-09-05 03:34:00","20","20","151","Departed","Departed","","1"
"SYN-00741","2026-09-05 03:36:00","2026-09-05","2026-09-05 05:25:00","2026-09-05","Green","Normal Operations","A05","2026-09-05 04:05:00","29","29","109","Departed","Departed","","1"
"SYN-00742","2026-09-05 04:19:00","2026-09-05","2026-09-05 06:35:00","2026-09-05","Yellow","Normal Operations","A04","2026-09-05 04:52:00","33","33","136","Departed","Departed","","1"
"SYN-00743","2026-09-05 04:30:00","2026-09-05","2026-09-05 06:40:00","2026-09-05","Green","Normal Operations","A04","2026-09-05 04:48:00","18","18","130","Departed","Departed","","1"
"SYN-00744","2026-09-05 04:39:00","2026-09-05","2026-09-05 07:44:00","2026-09-05","Green","Normal Operations","A05","2026-09-05 05:03:00","24","24","185","Departed","Departed","","1"
"SYN-00745","2026-09-05 05:12:00","2026-09-05","2026-09-05 07:27:00","2026-09-05","Yellow","Normal Operations","A05","2026-09-05 05:50:00","38","38","135","Departed","Departed","","1"
"SYN-00746","2026-09-05 05:17:00","2026-09-05","2026-09-05 08:02:00","2026-09-05","Green","Normal Operations","A04","2026-09-05 05:38:00","21","21","165","Departed","Departed","","1"
"SYN-00747","2026-09-05 06:01:00","2026-09-05","2026-09-05 08:53:00","2026-09-05","Yellow","Normal Operations","A04","2026-09-05 06:36:00","35","35","172","Departed","Departed","","1"
"SYN-00748","2026-09-05 07:34:00","2026-09-05","2026-09-05 09:09:00","2026-09-05","Yellow","Normal Operations","A04","2026-09-05 07:52:00","18","18","95","Departed","Departed","","1"
"SYN-00749","2026-09-05 07:46:00","2026-09-05","2026-09-05 11:43:00","2026-09-05","Green","Normal Operations","A04","2026-09-05 08:25:00","39","39","237","Departed","Departed","","1"
"SYN-00750","2026-09-05 07:50:00","2026-09-05","2026-09-05 10:35:00","2026-09-05","Blue","Normal Operations","A05","2026-09-05 08:20:00","30","30","165","Departed","Departed","","1"
"SYN-00751","2026-09-05 08:11:00","2026-09-05","2026-09-05 13:07:00","2026-09-05","Yellow","Normal Operations","A05","2026-09-05 08:30:00","19","19","296","Departed","Departed","","1"
"SYN-00752","2026-09-05 08:46:00","2026-09-05","2026-09-05 10:46:00","2026-09-05","Yellow","Normal Operations","A04","2026-09-05 09:06:00","20","20","120","Departed","Departed","","1"
"SYN-00753","2026-09-05 08:47:00","2026-09-05","2026-09-05 11:12:00","2026-09-05","Green","Normal Operations","A05","2026-09-05 09:08:00","21","21","145","Departed","Departed","","1"
"SYN-00754","2026-09-05 08:52:00","2026-09-05","2026-09-05 13:43:00","2026-09-05","Green","Normal Operations","A04","2026-09-05 09:14:00","22","22","291","Departed","Departed","","1"
"SYN-00755","2026-09-05 08:54:00","2026-09-05","2026-09-05 10:14:00","2026-09-05","Red","Normal Operations","A03","2026-09-05 08:56:00","2","2","80","Departed","Departed","","1"
"SYN-00756","2026-09-05 09:10:00","2026-09-05","2026-09-05 11:57:00","2026-09-05","Red","Normal Operations","A03","2026-09-05 09:12:00","2","2","167","Departed","Departed","","1"
"SYN-00757","2026-09-05 09:12:00","2026-09-05","2026-09-05 13:12:00","2026-09-05","Yellow","Normal Operations","A04","2026-09-05 09:45:00","33","33","240","Departed","Departed","","1"
"SYN-00758","2026-09-05 09:24:00","2026-09-05","2026-09-05 12:22:00","2026-09-05","Blue","Normal Operations","A04","2026-09-05 09:55:00","31","31","178","Departed","Departed","","1"
"SYN-00759","2026-09-05 09:43:00","2026-09-05","2026-09-05 11:37:00","2026-09-05","Yellow","Normal Operations","A05","2026-09-05 10:03:00","20","20","114","Departed","Departed","","1"
"SYN-00760","2026-09-05 09:49:00","2026-09-05","2026-09-05 12:06:00","2026-09-05","Yellow","Normal Operations","A04","2026-09-05 10:24:00","35","35","137","Departed","Departed","","1"
"SYN-00761","2026-09-05 10:24:00","2026-09-05","2026-09-05 13:13:00","2026-09-05","Yellow","Normal Operations","A04","2026-09-05 10:50:00","26","26","169","Departed","Departed","","1"
"SYN-00762","2026-09-05 10:24:00","2026-09-05","2026-09-05 12:08:00","2026-09-05","Yellow","Normal Operations","A04","2026-09-05 10:54:00","30","30","104","Departed","Departed","","1"
"SYN-00763","2026-09-05 10:25:00","2026-09-05","2026-09-05 13:11:00","2026-09-05","Yellow","Normal Operations","A04","2026-09-05 10:42:00","17","17","166","Departed","Departed","","1"
"SYN-00764","2026-09-05 11:05:00","2026-09-05","2026-09-05 12:33:00","2026-09-05","Green","Normal Operations","A04","2026-09-05 11:23:00","18","18","88","Departed","Departed","","1"
"SYN-00765","2026-09-05 11:09:00","2026-09-05","2026-09-05 13:45:00","2026-09-05","Green","Normal Operations","A04","2026-09-05 11:34:00","25","25","156","Departed","Departed","","1"
"SYN-00766","2026-09-05 11:35:00","2026-09-05","2026-09-05 13:34:00","2026-09-05","Red","Normal Operations","A03","2026-09-05 11:37:00","2","2","119","Departed","Departed","","1"
"SYN-00767","2026-09-05 11:42:00","2026-09-05","2026-09-05 16:45:00","2026-09-05","Green","Normal Operations","A04","2026-09-05 12:10:00","28","28","303","Departed","Departed","","1"
"SYN-00768","2026-09-05 11:47:00","2026-09-05","2026-09-05 14:50:00","2026-09-05","Green","Normal Operations","A04","2026-09-05 12:08:00","21","21","183","Departed","Departed","","1"
"SYN-00769","2026-09-05 11:52:00","2026-09-05","2026-09-05 14:37:00","2026-09-05","Orange","Normal Operations","A04","2026-09-05 12:04:00","12","12","165","Departed","Departed","","1"
"SYN-00770","2026-09-05 12:17:00","2026-09-05","2026-09-05 14:26:00","2026-09-05","Blue","Normal Operations","A05","2026-09-05 12:45:00","28","28","129","Departed","Departed","","1"
"SYN-00771","2026-09-05 12:19:00","2026-09-05","2026-09-05 18:40:00","2026-09-05","Green","Normal Operations","A05","2026-09-05 12:55:00","36","36","381","Departed","Departed","","1"
"SYN-00772","2026-09-05 12:22:00","2026-09-05","2026-09-05 15:21:00","2026-09-05","Yellow","Normal Operations","A04","2026-09-05 12:41:00","19","19","179","Departed","Departed","","1"
"SYN-00773","2026-09-05 12:27:00","2026-09-05","2026-09-05 14:38:00","2026-09-05","Orange","Normal Operations","A04","2026-09-05 12:40:00","13","13","131","Departed","Departed","","1"
"SYN-00774","2026-09-05 12:49:00","2026-09-05","2026-09-05 14:32:00","2026-09-05","Yellow","Normal Operations","A05","2026-09-05 13:08:00","19","19","103","Departed","Departed","","1"
"SYN-00775","2026-09-05 12:50:00","2026-09-05","2026-09-05 16:01:00","2026-09-05","Green","Normal Operations","A04","2026-09-05 13:21:00","31","31","191","Departed","Departed","","1"
"SYN-00776","2026-09-05 13:04:00","2026-09-05","2026-09-05 15:05:00","2026-09-05","Yellow","Normal Operations","A04","2026-09-05 13:38:00","34","34","121","Departed","Departed","","1"
"SYN-00777","2026-09-05 13:19:00","2026-09-05","2026-09-05 14:57:00","2026-09-05","Orange","Normal Operations","A04","2026-09-05 13:32:00","13","13","98","Departed","Departed","","1"
"SYN-00778","2026-09-05 13:32:00","2026-09-05","2026-09-05 15:28:00","2026-09-05","Orange","Normal Operations","A04","2026-09-05 13:50:00","18","18","116","Departed","Departed","","1"
"SYN-00779","2026-09-05 13:38:00","2026-09-05","2026-09-05 16:03:00","2026-09-05","Green","Normal Operations","A04","2026-09-05 14:06:00","28","28","145","Departed","Departed","","1"
"SYN-00780","2026-09-05 14:34:00","2026-09-05","2026-09-05 17:48:00","2026-09-05","Yellow","Normal Operations","A04","2026-09-05 15:07:00","33","33","194","Departed","Departed","","1"
"SYN-00781","2026-09-05 14:42:00","2026-09-05","2026-09-05 16:38:00","2026-09-05","Yellow","Normal Operations","A04","2026-09-05 15:17:00","35","35","116","Departed","Departed","","1"
"SYN-00782","2026-09-05 14:45:00","2026-09-05","2026-09-05 16:45:00","2026-09-05","Green","Normal Operations","A05","2026-09-05 15:23:00","38","38","120","Departed","Departed","","1"
"SYN-00783","2026-09-05 14:52:00","2026-09-05","2026-09-05 17:07:00","2026-09-05","Green","Normal Operations","A04","2026-09-05 15:20:00","28","28","135","Departed","Departed","","1"
"SYN-00784","2026-09-05 15:02:00","2026-09-05","2026-09-05 17:51:00","2026-09-05","Yellow","Normal Operations","A04","2026-09-05 15:40:00","38","38","169","Departed","Departed","","1"
"SYN-00785","2026-09-05 15:06:00","2026-09-05","2026-09-05 19:01:00","2026-09-05","Yellow","Normal Operations","A05","2026-09-05 15:45:00","39","39","235","Departed","Departed","","1"
"SYN-00786","2026-09-05 15:18:00","2026-09-05","2026-09-05 17:05:00","2026-09-05","Yellow","Normal Operations","A04","2026-09-05 15:47:00","29","29","107","Departed","Departed","","1"
"SYN-00787","2026-09-05 15:21:00","2026-09-05","2026-09-05 17:24:00","2026-09-05","Green","Normal Operations","A05","2026-09-05 15:46:00","25","25","123","Departed","Departed","","1"
"SYN-00788","2026-09-05 16:05:00","2026-09-05","2026-09-05 19:03:00","2026-09-05","Yellow","Normal Operations","A05","2026-09-05 16:41:00","36","36","178","Departed","Departed","","1"
"SYN-00789","2026-09-05 16:18:00","2026-09-05","2026-09-05 18:09:00","2026-09-05","Green","Normal Operations","A04","2026-09-05 16:56:00","38","38","111","Departed","Departed","","1"
"SYN-00790","2026-09-05 16:22:00","2026-09-05","2026-09-05 21:26:00","2026-09-05","Yellow","Normal Operations","A04","2026-09-05 16:51:00","29","29","304","Departed","Departed","","1"
"SYN-00791","2026-09-05 17:03:00","2026-09-05","2026-09-05 19:45:00","2026-09-05","Blue","Normal Operations","A04","2026-09-05 17:44:00","41","41","162","Departed","Departed","","1"
"SYN-00792","2026-09-05 17:20:00","2026-09-05","2026-09-05 19:05:00","2026-09-05","Green","Normal Operations","A04","2026-09-05 17:49:00","29","29","105","Departed","Departed","","1"
"SYN-00793","2026-09-05 17:31:00","2026-09-05","2026-09-05 20:19:00","2026-09-05","Yellow","Normal Operations","A04","2026-09-05 18:00:00","29","29","168","Departed","Departed","","1"
"SYN-00794","2026-09-05 18:12:00","2026-09-05","2026-09-05 22:25:00","2026-09-05","Yellow","Normal Operations","A04","2026-09-05 18:31:00","19","19","253","Departed","Departed","","1"
"SYN-00795","2026-09-05 18:52:00","2026-09-05","2026-09-05 21:17:00","2026-09-05","Yellow","Normal Operations","A04","2026-09-05 19:24:00","32","32","145","Departed","Departed","","1"
"SYN-00796","2026-09-05 18:57:00","2026-09-05","2026-09-05 21:31:00","2026-09-05","Yellow","Normal Operations","A04","2026-09-05 19:34:00","37","37","154","Departed","Departed","","1"
"SYN-00797","2026-09-05 19:11:00","2026-09-05","2026-09-05 22:18:00","2026-09-05","Green","Normal Operations","A04","2026-09-05 19:51:00","40","40","187","Departed","Departed","","1"
"SYN-00798","2026-09-05 19:29:00","2026-09-05","2026-09-05 22:23:00","2026-09-05","Yellow","Normal Operations","A05","2026-09-05 19:49:00","20","20","174","Departed","Departed","","1"
"SYN-00799","2026-09-05 19:42:00","2026-09-05","2026-09-05 21:32:00","2026-09-05","Orange","Normal Operations","A04","2026-09-05 19:59:00","17","17","110","Departed","Departed","","1"
"SYN-00800","2026-09-05 20:01:00","2026-09-05","2026-09-06 00:20:00","2026-09-06","Orange","Normal Operations","A05","2026-09-05 20:22:00","21","21","259","Departed","Departed","","1"
"SYN-00801","2026-09-05 20:15:00","2026-09-05","2026-09-05 23:19:00","2026-09-05","Green","Normal Operations","A04","2026-09-05 20:44:00","29","29","184","Departed","Departed","","1"
"SYN-00802","2026-09-05 20:28:00","2026-09-05","2026-09-05 23:34:00","2026-09-05","Green","Normal Operations","A05","2026-09-05 21:04:00","36","36","186","Departed","Departed","","1"
"SYN-00803","2026-09-05 20:34:00","2026-09-05","2026-09-06 01:23:00","2026-09-06","Yellow","Normal Operations","A04","2026-09-05 21:01:00","27","27","289","Departed","Departed","","1"
"SYN-00804","2026-09-05 21:12:00","2026-09-05","2026-09-05 22:46:00","2026-09-05","Yellow","Normal Operations","A05","2026-09-05 21:36:00","24","24","94","Departed","Departed","","1"
"SYN-00805","2026-09-05 21:28:00","2026-09-05","2026-09-06 00:32:00","2026-09-06","Blue","Normal Operations","A04","2026-09-05 21:55:00","27","27","184","Departed","Departed","","1"
"SYN-00806","2026-09-05 21:29:00","2026-09-05","2026-09-05 23:47:00","2026-09-05","Yellow","Normal Operations","A05","2026-09-05 22:00:00","31","31","138","Departed","Departed","","1"
"SYN-00807","2026-09-05 21:41:00","2026-09-05","2026-09-06 00:05:00","2026-09-06","Green","Normal Operations","A04","2026-09-05 22:06:00","25","25","144","Departed","Departed","","1"
"SYN-00808","2026-09-05 21:50:00","2026-09-05","2026-09-06 00:27:00","2026-09-06","Orange","Normal Operations","A04","2026-09-05 22:03:00","13","13","157","Departed","Departed","","1"
"SYN-00809","2026-09-05 21:57:00","2026-09-05","2026-09-06 00:38:00","2026-09-06","Yellow","Normal Operations","A04","2026-09-05 22:24:00","27","27","161","Departed","Departed","","1"
"SYN-00810","2026-09-05 22:08:00","2026-09-05","2026-09-06 00:18:00","2026-09-06","Green","Normal Operations","A04","2026-09-05 22:40:00","32","32","130","Departed","Departed","","1"
"SYN-00811","2026-09-05 22:27:00","2026-09-05","2026-09-06 00:19:00","2026-09-06","Green","Normal Operations","A04","2026-09-05 23:05:00","38","38","112","Departed","Departed","","1"
"SYN-00812","2026-09-05 22:59:00","2026-09-05","2026-09-06 01:16:00","2026-09-06","Yellow","Normal Operations","A04","2026-09-05 23:29:00","30","30","137","Departed","Departed","","1"
"SYN-00813","2026-09-05 23:03:00","2026-09-05","2026-09-06 01:38:00","2026-09-06","Yellow","Normal Operations","A04","2026-09-05 23:26:00","23","23","155","Departed","Departed","","1"
"SYN-00814","2026-09-05 23:04:00","2026-09-05","2026-09-06 02:04:00","2026-09-06","Yellow","Normal Operations","A04","2026-09-05 23:26:00","22","22","180","Departed","Departed","","1"
"SYN-00815","2026-09-05 23:07:00","2026-09-05","2026-09-06 02:09:00","2026-09-06","Orange","Normal Operations","A04","2026-09-05 23:27:00","20","20","182","Departed","Departed","","1"
"SYN-00816","2026-09-05 23:14:00","2026-09-05","2026-09-06 01:03:00","2026-09-06","Blue","Normal Operations","A05","2026-09-05 23:31:00","17","17","109","Departed","Departed","","1"
"SYN-00817","2026-09-05 23:21:00","2026-09-05","2026-09-06 02:30:00","2026-09-06","Yellow","Normal Operations","A05","2026-09-05 23:50:00","29","29","189","Departed","Departed","","1"
"SYN-00818","2026-09-05 23:36:00","2026-09-05","2026-09-06 01:32:00","2026-09-06","Green","Normal Operations","A05","2026-09-06 00:05:00","29","29","116","Departed","Departed","","1"
"SYN-00819","2026-09-06 00:51:00","2026-09-06","2026-09-06 02:40:00","2026-09-06","Yellow","Normal Operations","A05","2026-09-06 01:20:00","29","29","109","Departed","Departed","","1"
"SYN-00820","2026-09-06 01:16:00","2026-09-06","2026-09-06 03:11:00","2026-09-06","Yellow","Normal Operations","A04","2026-09-06 01:40:00","24","24","115","Departed","Departed","","1"
"SYN-00821","2026-09-06 01:50:00","2026-09-06","2026-09-06 04:22:00","2026-09-06","Orange","Normal Operations","A04","2026-09-06 02:11:00","21","21","152","Departed","Departed","","1"
"SYN-00822","2026-09-06 02:27:00","2026-09-06","2026-09-06 07:41:00","2026-09-06","Green","Normal Operations","A05","2026-09-06 03:01:00","34","34","314","Departed","Departed","","1"
"SYN-00823","2026-09-06 02:36:00","2026-09-06","2026-09-06 04:56:00","2026-09-06","Green","Normal Operations","A05","2026-09-06 03:00:00","24","24","140","Departed","Departed","","1"
"SYN-00824","2026-09-06 03:32:00","2026-09-06","2026-09-06 08:29:00","2026-09-06","Yellow","Normal Operations","A04","2026-09-06 03:50:00","18","18","297","Departed","Departed","","1"
"SYN-00825","2026-09-06 04:05:00","2026-09-06","2026-09-06 06:10:00","2026-09-06","Yellow","Normal Operations","A04","2026-09-06 04:39:00","34","34","125","Departed","Departed","","1"
"SYN-00826","2026-09-06 04:31:00","2026-09-06","2026-09-06 07:36:00","2026-09-06","Green","Normal Operations","A04","2026-09-06 04:53:00","22","22","185","Departed","Departed","","1"
"SYN-00827","2026-09-06 04:43:00","2026-09-06","2026-09-06 06:38:00","2026-09-06","Yellow","Normal Operations","A04","2026-09-06 05:14:00","31","31","115","Departed","Departed","","1"
"SYN-00828","2026-09-06 05:30:00","2026-09-06","2026-09-06 09:15:00","2026-09-06","Green","Normal Operations","A05","2026-09-06 06:05:00","35","35","225","Departed","Departed","","1"
"SYN-00829","2026-09-06 05:35:00","2026-09-06","2026-09-06 08:04:00","2026-09-06","Yellow","Normal Operations","A04","2026-09-06 06:08:00","33","33","149","Departed","Departed","","1"
"SYN-00830","2026-09-06 06:29:00","2026-09-06","2026-09-06 09:06:00","2026-09-06","Blue","Normal Operations","A05","2026-09-06 06:56:00","27","27","157","Departed","Departed","","1"
"SYN-00831","2026-09-06 07:04:00","2026-09-06","2026-09-06 09:13:00","2026-09-06","Green","Normal Operations","A04","2026-09-06 07:36:00","32","32","129","Departed","Departed","","1"
"SYN-00832","2026-09-06 07:17:00","2026-09-06","2026-09-06 10:32:00","2026-09-06","Green","Normal Operations","A04","2026-09-06 07:56:00","39","39","195","Departed","Departed","","1"
"SYN-00833","2026-09-06 07:24:00","2026-09-06","2026-09-06 09:40:00","2026-09-06","Orange","Normal Operations","A04","2026-09-06 07:37:00","13","13","136","Departed","Departed","","1"
"SYN-00834","2026-09-06 07:49:00","2026-09-06","2026-09-06 10:55:00","2026-09-06","Yellow","Normal Operations","A04","2026-09-06 08:17:00","28","28","186","Departed","Departed","","1"
"SYN-00835","2026-09-06 08:03:00","2026-09-06","2026-09-06 10:24:00","2026-09-06","Green","Normal Operations","A05","2026-09-06 08:32:00","29","29","141","Departed","Departed","","1"
"SYN-00836","2026-09-06 08:05:00","2026-09-06","2026-09-06 13:26:00","2026-09-06","Yellow","Normal Operations","A05","2026-09-06 08:43:00","38","38","321","Departed","Departed","","1"
"SYN-00837","2026-09-06 08:16:00","2026-09-06","2026-09-06 10:57:00","2026-09-06","Green","Normal Operations","A05","2026-09-06 08:32:00","16","16","161","Departed","Departed","","1"
"SYN-00838","2026-09-06 08:24:00","2026-09-06","2026-09-06 10:41:00","2026-09-06","Blue","Normal Operations","A04","2026-09-06 08:58:00","34","34","137","Departed","Departed","","1"
"SYN-00839","2026-09-06 08:31:00","2026-09-06","2026-09-06 09:43:00","2026-09-06","Red","Normal Operations","A03","2026-09-06 08:33:00","2","2","72","Departed","Departed","","1"
"SYN-00840","2026-09-06 09:03:00","2026-09-06","2026-09-06 11:16:00","2026-09-06","Yellow","Normal Operations","A04","2026-09-06 09:27:00","24","24","133","Departed","Departed","","1"
"SYN-00841","2026-09-06 09:08:00","2026-09-06","2026-09-06 12:15:00","2026-09-06","Blue","Normal Operations","A04","2026-09-06 09:33:00","25","25","187","Departed","Departed","","1"
"SYN-00842","2026-09-06 09:56:00","2026-09-06","2026-09-06 12:14:00","2026-09-06","Yellow","Normal Operations","A04","2026-09-06 10:18:00","22","22","138","Departed","Departed","","1"
"SYN-00843","2026-09-06 09:59:00","2026-09-06","2026-09-06 12:03:00","2026-09-06","Yellow","Normal Operations","A04","2026-09-06 10:37:00","38","38","124","Departed","Departed","","1"
"SYN-00844","2026-09-06 10:04:00","2026-09-06","2026-09-06 12:15:00","2026-09-06","Yellow","Normal Operations","A04","2026-09-06 10:36:00","32","32","131","Departed","Departed","","1"
"SYN-00845","2026-09-06 10:22:00","2026-09-06","2026-09-06 11:59:00","2026-09-06","Orange","Normal Operations","A04","2026-09-06 10:34:00","12","12","97","Departed","Departed","","1"
"SYN-00846","2026-09-06 10:23:00","2026-09-06","2026-09-06 13:07:00","2026-09-06","Yellow","Normal Operations","A05","2026-09-06 10:44:00","21","21","164","Departed","Departed","","1"
"SYN-00847","2026-09-06 10:23:00","2026-09-06","2026-09-06 13:36:00","2026-09-06","Yellow","Normal Operations","A05","2026-09-06 10:58:00","35","35","193","Departed","Departed","","1"
"SYN-00848","2026-09-06 10:59:00","2026-09-06","2026-09-06 15:07:00","2026-09-06","Yellow","Normal Operations","A04","2026-09-06 11:32:00","33","33","248","Departed","Departed","","1"
"SYN-00849","2026-09-06 11:07:00","2026-09-06","2026-09-06 15:27:00","2026-09-06","Green","Normal Operations","A05","2026-09-06 11:38:00","31","31","260","Departed","Departed","","1"
"SYN-00850","2026-09-06 11:09:00","2026-09-06","2026-09-06 13:45:00","2026-09-06","Blue","Normal Operations","A04","2026-09-06 11:39:00","30","30","156","Departed","Departed","","1"
"SYN-00851","2026-09-06 11:18:00","2026-09-06","2026-09-06 13:16:00","2026-09-06","Yellow","Normal Operations","A04","2026-09-06 11:51:00","33","33","118","Departed","Departed","","1"
"SYN-00852","2026-09-06 11:24:00","2026-09-06","2026-09-06 14:15:00","2026-09-06","Green","Normal Operations","A04","2026-09-06 11:43:00","19","19","171","Departed","Departed","","1"
"SYN-00853","2026-09-06 12:17:00","2026-09-06","2026-09-06 14:04:00","2026-09-06","Green","Normal Operations","A04","2026-09-06 12:41:00","24","24","107","Departed","Departed","","1"
"SYN-00854","2026-09-06 12:32:00","2026-09-06","2026-09-06 16:45:00","2026-09-06","Yellow","Normal Operations","A04","2026-09-06 12:49:00","17","17","253","Departed","Departed","","1"
"SYN-00855","2026-09-06 12:34:00","2026-09-06","2026-09-06 15:31:00","2026-09-06","Green","Normal Operations","A05","2026-09-06 13:09:00","35","35","177","Departed","Departed","","1"
"SYN-00856","2026-09-06 13:06:00","2026-09-06","2026-09-06 16:16:00","2026-09-06","Green","Normal Operations","A04","2026-09-06 13:43:00","37","37","190","Departed","Departed","","1"
"SYN-00857","2026-09-06 13:10:00","2026-09-06","2026-09-06 14:52:00","2026-09-06","Orange","Normal Operations","A04","2026-09-06 13:23:00","13","13","102","Departed","Departed","","1"
"SYN-00858","2026-09-06 13:12:00","2026-09-06","2026-09-06 15:32:00","2026-09-06","Green","Normal Operations","A04","2026-09-06 13:36:00","24","24","140","Departed","Departed","","1"
"SYN-00859","2026-09-06 13:22:00","2026-09-06","2026-09-06 15:08:00","2026-09-06","Yellow","Normal Operations","A05","2026-09-06 13:40:00","18","18","106","Departed","Departed","","1"
"SYN-00860","2026-09-06 13:37:00","2026-09-06","2026-09-06 16:56:00","2026-09-06","Green","Normal Operations","A04","2026-09-06 14:10:00","33","33","199","Departed","Departed","","1"
"SYN-00861","2026-09-06 13:55:00","2026-09-06","2026-09-06 18:30:00","2026-09-06","Green","Normal Operations","A04","2026-09-06 14:19:00","24","24","275","Departed","Departed","","1"
"SYN-00862","2026-09-06 14:02:00","2026-09-06","2026-09-06 15:47:00","2026-09-06","Yellow","Normal Operations","A04","2026-09-06 14:28:00","26","26","105","Departed","Departed","","1"
"SYN-00863","2026-09-06 14:12:00","2026-09-06","2026-09-06 17:37:00","2026-09-06","Orange","Normal Operations","A05","2026-09-06 14:28:00","16","16","205","Departed","Departed","","1"
"SYN-00864","2026-09-06 14:26:00","2026-09-06","2026-09-06 18:34:00","2026-09-06","Red","Normal Operations","A03","2026-09-06 14:28:00","2","2","248","Departed","Departed","","1"
"SYN-00865","2026-09-06 14:39:00","2026-09-06","2026-09-06 18:56:00","2026-09-06","Yellow","Normal Operations","A04","2026-09-06 15:14:00","35","35","257","Departed","Departed","","1"
"SYN-00866","2026-09-06 15:09:00","2026-09-06","2026-09-06 18:14:00","2026-09-06","Blue","Normal Operations","A04","2026-09-06 15:42:00","33","33","185","Departed","Departed","","1"
"SYN-00867","2026-09-06 15:22:00","2026-09-06","2026-09-06 17:41:00","2026-09-06","Orange","Normal Operations","A04","2026-09-06 15:40:00","18","18","139","Departed","Departed","","1"
"SYN-00868","2026-09-06 15:44:00","2026-09-06","2026-09-06 18:13:00","2026-09-06","Yellow","Normal Operations","A04","2026-09-06 16:17:00","33","33","149","Departed","Departed","","1"
"SYN-00869","2026-09-06 15:44:00","2026-09-06","2026-09-06 17:37:00","2026-09-06","Orange","Normal Operations","A04","2026-09-06 15:59:00","15","15","113","Departed","Departed","","1"
"SYN-00870","2026-09-06 16:19:00","2026-09-06","2026-09-06 18:46:00","2026-09-06","Yellow","Normal Operations","A04","2026-09-06 16:36:00","17","17","147","Departed","Departed","","1"
"SYN-00871","2026-09-06 16:35:00","2026-09-06","2026-09-06 19:05:00","2026-09-06","Yellow","Normal Operations","A04","2026-09-06 16:55:00","20","20","150","Departed","Departed","","1"
"SYN-00872","2026-09-06 16:56:00","2026-09-06","2026-09-06 18:51:00","2026-09-06","Green","Normal Operations","A04","2026-09-06 17:26:00","30","30","115","Departed","Departed","","1"
"SYN-00873","2026-09-06 16:56:00","2026-09-06","2026-09-06 18:51:00","2026-09-06","Yellow","Normal Operations","A04","2026-09-06 17:12:00","16","16","115","Departed","Departed","","1"
"SYN-00874","2026-09-06 17:07:00","2026-09-06","2026-09-06 20:47:00","2026-09-06","Yellow","Normal Operations","A05","2026-09-06 17:23:00","16","16","220","Departed","Departed","","1"
"SYN-00875","2026-09-06 17:08:00","2026-09-06","2026-09-06 19:32:00","2026-09-06","Blue","Normal Operations","A05","2026-09-06 17:29:00","21","21","144","Departed","Departed","","1"
"SYN-00876","2026-09-06 17:23:00","2026-09-06","2026-09-06 19:37:00","2026-09-06","Orange","Normal Operations","A04","2026-09-06 17:40:00","17","17","134","Departed","Departed","","1"
"SYN-00877","2026-09-06 17:33:00","2026-09-06","2026-09-06 23:13:00","2026-09-06","Blue","Normal Operations","A04","2026-09-06 18:08:00","35","35","340","Departed","Departed","","1"
"SYN-00878","2026-09-06 17:46:00","2026-09-06","2026-09-06 20:42:00","2026-09-06","Orange","Normal Operations","A04","2026-09-06 18:00:00","14","14","176","Departed","Departed","","1"
"SYN-00879","2026-09-06 18:15:00","2026-09-06","2026-09-06 20:50:00","2026-09-06","Blue","Normal Operations","A04","2026-09-06 18:36:00","21","21","155","Departed","Departed","","1"
"SYN-00880","2026-09-06 18:16:00","2026-09-06","2026-09-06 20:15:00","2026-09-06","Green","Normal Operations","A05","2026-09-06 18:55:00","39","39","119","Departed","Departed","","1"
"SYN-00881","2026-09-06 18:19:00","2026-09-06","2026-09-06 22:20:00","2026-09-06","Yellow","Normal Operations","A04","2026-09-06 18:42:00","23","23","241","Departed","Departed","","1"
"SYN-00882","2026-09-06 19:05:00","2026-09-06","2026-09-06 21:11:00","2026-09-06","Yellow","Normal Operations","A04","2026-09-06 19:35:00","30","30","126","Departed","Departed","","1"
"SYN-00883","2026-09-06 19:06:00","2026-09-06","2026-09-06 20:53:00","2026-09-06","Yellow","Normal Operations","A04","2026-09-06 19:21:00","15","15","107","Departed","Departed","","1"
"SYN-00884","2026-09-06 19:33:00","2026-09-06","2026-09-06 21:21:00","2026-09-06","Orange","Normal Operations","A04","2026-09-06 19:47:00","14","14","108","Departed","Departed","","1"
"SYN-00885","2026-09-06 20:30:00","2026-09-06","2026-09-06 23:24:00","2026-09-06","Yellow","Normal Operations","A04","2026-09-06 20:53:00","23","23","174","Departed","Departed","","1"
"SYN-00886","2026-09-06 20:42:00","2026-09-06","2026-09-06 23:12:00","2026-09-06","Orange","Normal Operations","A04","2026-09-06 21:00:00","18","18","150","Departed","Departed","","1"
"SYN-00887","2026-09-06 20:44:00","2026-09-06","2026-09-07 01:29:00","2026-09-07","Green","Normal Operations","A04","2026-09-06 21:14:00","30","30","285","Departed","Departed","","1"
"SYN-00888","2026-09-06 21:29:00","2026-09-06","2026-09-06 23:12:00","2026-09-06","Green","Normal Operations","A04","2026-09-06 21:50:00","21","21","103","Departed","Departed","","1"
"SYN-00889","2026-09-06 21:41:00","2026-09-06","2026-09-07 00:38:00","2026-09-07","Orange","Normal Operations","A04","2026-09-06 22:00:00","19","19","177","Departed","Departed","","1"
"SYN-00890","2026-09-06 21:46:00","2026-09-06","2026-09-07 00:14:00","2026-09-07","Green","Normal Operations","A05","2026-09-06 22:22:00","36","36","148","Departed","Departed","","1"
"SYN-00891","2026-09-06 22:10:00","2026-09-06","2026-09-07 00:17:00","2026-09-07","Yellow","Normal Operations","A04","2026-09-06 22:26:00","16","16","127","Departed","Departed","","1"
"SYN-00892","2026-09-06 22:13:00","2026-09-06","2026-09-07 00:37:00","2026-09-07","Yellow","Normal Operations","A04","2026-09-06 22:48:00","35","35","144","Departed","Departed","","1"
"SYN-00893","2026-09-06 22:34:00","2026-09-06","2026-09-07 00:39:00","2026-09-07","Yellow","Normal Operations","A04","2026-09-06 23:05:00","31","31","125","Departed","Departed","","1"
"SYN-00894","2026-09-06 23:02:00","2026-09-06","2026-09-07 01:09:00","2026-09-07","Green","Normal Operations","A05","2026-09-06 23:36:00","34","34","127","Departed","Departed","","1"
"SYN-00895","2026-09-06 23:07:00","2026-09-06","2026-09-07 01:06:00","2026-09-07","Green","Normal Operations","A05","2026-09-06 23:22:00","15","15","119","Departed","Departed","","1"
"SYN-00896","2026-09-06 23:16:00","2026-09-06","2026-09-07 02:19:00","2026-09-07","Green","Normal Operations","A04","2026-09-06 23:50:00","34","34","183","Departed","Departed","","1"
"SYN-00897","2026-09-06 23:27:00","2026-09-06","2026-09-07 01:08:00","2026-09-07","Yellow","Normal Operations","A05","2026-09-06 23:52:00","25","25","101","Departed","Departed","","1"
"SYN-00898","2026-09-06 23:36:00","2026-09-06","2026-09-07 03:50:00","2026-09-07","Blue","Normal Operations","A05","2026-09-07 00:01:00","25","25","254","Departed","Departed","","1"
"SYN-00899","2026-09-06 23:59:00","2026-09-06","2026-09-07 02:45:00","2026-09-07","Yellow","Normal Operations","A04","2026-09-07 00:28:00","29","29","166","Departed","Departed","","1"
"SYN-00900","2026-09-07 00:08:00","2026-09-07","2026-09-07 01:49:00","2026-09-07","Red","Normal Operations","A03","2026-09-07 00:10:00","2","2","101","Departed","Departed","","1"
"SYN-00901","2026-09-07 00:47:00","2026-09-07","2026-09-07 03:53:00","2026-09-07","Green","Normal Operations","A05","2026-09-07 01:09:00","22","22","186","Departed","Departed","","1"
"SYN-00902","2026-09-07 01:26:00","2026-09-07","2026-09-07 03:24:00","2026-09-07","Green","Normal Operations","A04","2026-09-07 01:45:00","19","19","118","Departed","Departed","","1"
"SYN-00903","2026-09-07 01:27:00","2026-09-07","2026-09-07 06:36:00","2026-09-07","Green","Normal Operations","A04","2026-09-07 01:56:00","29","29","309","Departed","Departed","","1"
"SYN-00904","2026-09-07 02:10:00","2026-09-07","2026-09-07 05:21:00","2026-09-07","Green","Normal Operations","A04","2026-09-07 02:44:00","34","34","191","Departed","Departed","","1"
"SYN-00905","2026-09-07 02:45:00","2026-09-07","2026-09-07 05:16:00","2026-09-07","Yellow","Normal Operations","A04","2026-09-07 03:13:00","28","28","151","Departed","Departed","","1"
"SYN-00906","2026-09-07 03:14:00","2026-09-07","2026-09-07 06:11:00","2026-09-07","Yellow","Normal Operations","A04","2026-09-07 03:41:00","27","27","177","Departed","Departed","","1"
"SYN-00907","2026-09-07 04:49:00","2026-09-07","2026-09-07 07:39:00","2026-09-07","Green","Normal Operations","A04","2026-09-07 05:21:00","32","32","170","Departed","Departed","","1"
"SYN-00908","2026-09-07 05:04:00","2026-09-07","2026-09-07 07:15:00","2026-09-07","Orange","Normal Operations","A04","2026-09-07 05:18:00","14","14","131","Departed","Departed","","1"
"SYN-00909","2026-09-07 05:10:00","2026-09-07","2026-09-07 09:30:00","2026-09-07","Orange","Normal Operations","A05","2026-09-07 05:28:00","18","18","260","Departed","Departed","","1"
"SYN-00910","2026-09-07 06:38:00","2026-09-07","2026-09-07 09:37:00","2026-09-07","Green","Normal Operations","A04","2026-09-07 07:01:00","23","23","179","Departed","Departed","","1"
"SYN-00911","2026-09-07 06:44:00","2026-09-07","2026-09-07 09:41:00","2026-09-07","Green","Normal Operations","A04","2026-09-07 07:15:00","31","31","177","Departed","Departed","","1"
"SYN-00912","2026-09-07 06:46:00","2026-09-07","2026-09-07 11:18:00","2026-09-07","Orange","Normal Operations","A04","2026-09-07 07:07:00","21","21","272","Departed","Departed","","1"
"SYN-00913","2026-09-07 07:11:00","2026-09-07","2026-09-07 12:56:00","2026-09-07","Yellow","Normal Operations","A04","2026-09-07 07:52:00","41","41","345","Departed","Departed","","1"
"SYN-00914","2026-09-07 07:33:00","2026-09-07","2026-09-07 09:18:00","2026-09-07","Yellow","Normal Operations","A04","2026-09-07 07:57:00","24","24","105","Departed","Departed","","1"
"SYN-00915","2026-09-07 07:33:00","2026-09-07","2026-09-07 11:25:00","2026-09-07","Red","Normal Operations","A03","2026-09-07 07:35:00","2","2","232","Departed","Departed","","1"
"SYN-00916","2026-09-07 07:36:00","2026-09-07","2026-09-07 10:26:00","2026-09-07","Orange","Normal Operations","A04","2026-09-07 07:46:00","10","10","170","Departed","Departed","","1"
"SYN-00917","2026-09-07 08:09:00","2026-09-07","2026-09-07 10:54:00","2026-09-07","Yellow","Normal Operations","A05","2026-09-07 08:44:00","35","35","165","Departed","Departed","","1"
"SYN-00918","2026-09-07 08:16:00","2026-09-07","2026-09-07 10:19:00","2026-09-07","Green","Normal Operations","A04","2026-09-07 08:43:00","27","27","123","Departed","Departed","","1"
"SYN-00919","2026-09-07 08:27:00","2026-09-07","2026-09-07 11:47:00","2026-09-07","Red","Normal Operations","A03","2026-09-07 08:29:00","2","2","200","Departed","Departed","","1"
"SYN-00920","2026-09-07 08:42:00","2026-09-07","2026-09-07 10:40:00","2026-09-07","Yellow","Normal Operations","A05","2026-09-07 09:12:00","30","30","118","Departed","Departed","","1"
"SYN-00921","2026-09-07 08:45:00","2026-09-07","2026-09-07 12:37:00","2026-09-07","Green","Normal Operations","A04","2026-09-07 09:03:00","18","18","232","Departed","Departed","","1"
"SYN-00922","2026-09-07 08:54:00","2026-09-07","2026-09-07 13:49:00","2026-09-07","Blue","Normal Operations","A05","2026-09-07 09:16:00","22","22","295","Departed","Departed","","1"
"SYN-00923","2026-09-07 09:07:00","2026-09-07","2026-09-07 11:43:00","2026-09-07","Green","Normal Operations","A04","2026-09-07 09:34:00","27","27","156","Departed","Departed","","1"
"SYN-00924","2026-09-07 09:31:00","2026-09-07","2026-09-07 12:09:00","2026-09-07","Yellow","Normal Operations","A04","2026-09-07 09:48:00","17","17","158","Departed","Departed","","1"
"SYN-00925","2026-09-07 09:37:00","2026-09-07","2026-09-07 11:32:00","2026-09-07","Green","Normal Operations","A04","2026-09-07 09:56:00","19","19","115","Departed","Departed","","1"
"SYN-00926","2026-09-07 10:10:00","2026-09-07","2026-09-07 13:06:00","2026-09-07","Yellow","Normal Operations","A04","2026-09-07 10:35:00","25","25","176","Departed","Departed","","1"
"SYN-00927","2026-09-07 10:45:00","2026-09-07","2026-09-07 13:14:00","2026-09-07","Yellow","Normal Operations","A04","2026-09-07 11:17:00","32","32","149","Departed","Departed","","1"
"SYN-00928","2026-09-07 10:52:00","2026-09-07","2026-09-07 13:29:00","2026-09-07","Yellow","Normal Operations","A04","2026-09-07 11:08:00","16","16","157","Departed","Departed","","1"
"SYN-00929","2026-09-07 10:55:00","2026-09-07","2026-09-07 13:33:00","2026-09-07","Yellow","Normal Operations","A04","2026-09-07 11:16:00","21","21","158","Departed","Departed","","1"
"SYN-00930","2026-09-07 11:25:00","2026-09-07","2026-09-07 13:25:00","2026-09-07","Yellow","Normal Operations","A04","2026-09-07 11:49:00","24","24","120","Departed","Departed","","1"
"SYN-00931","2026-09-07 11:26:00","2026-09-07","2026-09-07 13:35:00","2026-09-07","Blue","Normal Operations","A04","2026-09-07 11:47:00","21","21","129","Departed","Departed","","1"
"SYN-00932","2026-09-07 11:48:00","2026-09-07","2026-09-07 14:09:00","2026-09-07","Yellow","Normal Operations","A04","2026-09-07 12:22:00","34","34","141","Departed","Departed","","1"
"SYN-00933","2026-09-07 12:06:00","2026-09-07","2026-09-07 16:28:00","2026-09-07","Yellow","Normal Operations","A04","2026-09-07 12:20:00","14","14","262","Departed","Departed","","1"
"SYN-00934","2026-09-07 12:16:00","2026-09-07","2026-09-07 14:08:00","2026-09-07","Orange","Normal Operations","A05","2026-09-07 12:30:00","14","14","112","Departed","Departed","","1"
"SYN-00935","2026-09-07 12:21:00","2026-09-07","2026-09-07 15:34:00","2026-09-07","Green","Normal Operations","A04","2026-09-07 12:55:00","34","34","193","Departed","Departed","","1"
"SYN-00936","2026-09-07 12:31:00","2026-09-07","2026-09-07 14:10:00","2026-09-07","Yellow","Normal Operations","A04","2026-09-07 12:47:00","16","16","99","Departed","Departed","","1"
"SYN-00937","2026-09-07 12:44:00","2026-09-07","2026-09-07 15:01:00","2026-09-07","Green","Normal Operations","A04","2026-09-07 13:05:00","21","21","137","Departed","Departed","","1"
"SYN-00938","2026-09-07 13:16:00","2026-09-07","2026-09-07 15:31:00","2026-09-07","Blue","Normal Operations","A04","2026-09-07 13:49:00","33","33","135","Departed","Departed","","1"
"SYN-00939","2026-09-07 13:38:00","2026-09-07","2026-09-07 16:15:00","2026-09-07","Yellow","Normal Operations","A04","2026-09-07 14:03:00","25","25","157","Departed","Departed","","1"
"SYN-00940","2026-09-07 13:39:00","2026-09-07","2026-09-07 19:11:00","2026-09-07","Green","Normal Operations","A05","2026-09-07 14:15:00","36","36","332","Departed","Departed","","1"
"SYN-00941","2026-09-07 13:43:00","2026-09-07","2026-09-07 15:32:00","2026-09-07","Green","Normal Operations","A04","2026-09-07 14:16:00","33","33","109","Departed","Departed","","1"
"SYN-00942","2026-09-07 13:51:00","2026-09-07","2026-09-07 16:46:00","2026-09-07","Green","Normal Operations","A04","2026-09-07 14:12:00","21","21","175","Departed","Departed","","1"
"SYN-00943","2026-09-07 13:54:00","2026-09-07","2026-09-07 16:59:00","2026-09-07","Yellow","Normal Operations","A04","2026-09-07 14:19:00","25","25","185","Departed","Departed","","1"
"SYN-00944","2026-09-07 14:15:00","2026-09-07","2026-09-07 19:06:00","2026-09-07","Blue","Normal Operations","A04","2026-09-07 14:39:00","24","24","291","Departed","Departed","","1"
"SYN-00945","2026-09-07 14:26:00","2026-09-07","2026-09-07 17:06:00","2026-09-07","Orange","Normal Operations","A04","2026-09-07 14:39:00","13","13","160","Departed","Departed","","1"
"SYN-00946","2026-09-07 14:29:00","2026-09-07","2026-09-07 17:31:00","2026-09-07","Yellow","Normal Operations","A04","2026-09-07 15:03:00","34","34","182","Departed","Departed","","1"
"SYN-00947","2026-09-07 14:30:00","2026-09-07","2026-09-07 18:53:00","2026-09-07","Orange","Normal Operations","A04","2026-09-07 14:45:00","15","15","263","Departed","Departed","","1"
"SYN-00948","2026-09-07 14:46:00","2026-09-07","2026-09-07 16:17:00","2026-09-07","Yellow","Normal Operations","A04","2026-09-07 15:04:00","18","18","91","Departed","Departed","","1"
"SYN-00949","2026-09-07 14:56:00","2026-09-07","2026-09-07 16:56:00","2026-09-07","Green","Normal Operations","A04","2026-09-07 15:22:00","26","26","120","Departed","Departed","","1"
"SYN-00950","2026-09-07 15:21:00","2026-09-07","2026-09-07 18:17:00","2026-09-07","Yellow","Normal Operations","A05","2026-09-07 15:37:00","16","16","176","Departed","Departed","","1"
"SYN-00951","2026-09-07 15:34:00","2026-09-07","2026-09-07 18:14:00","2026-09-07","Yellow","Normal Operations","A04","2026-09-07 15:53:00","19","19","160","Departed","Departed","","1"
"SYN-00952","2026-09-07 15:37:00","2026-09-07","2026-09-07 18:08:00","2026-09-07","Yellow","Normal Operations","A04","2026-09-07 16:08:00","31","31","151","Departed","Departed","","1"
"SYN-00953","2026-09-07 15:41:00","2026-09-07","2026-09-07 18:36:00","2026-09-07","Yellow","Normal Operations","A04","2026-09-07 16:14:00","33","33","175","Departed","Departed","","1"
"SYN-00954","2026-09-07 15:46:00","2026-09-07","2026-09-07 18:47:00","2026-09-07","Yellow","Normal Operations","A05","2026-09-07 16:03:00","17","17","181","Departed","Departed","","1"
"SYN-00955","2026-09-07 16:02:00","2026-09-07","2026-09-07 18:06:00","2026-09-07","Orange","Normal Operations","A05","2026-09-07 16:21:00","19","19","124","Departed","Departed","","1"
"SYN-00956","2026-09-07 16:29:00","2026-09-07","2026-09-07 18:29:00","2026-09-07","Green","Normal Operations","A04","2026-09-07 16:54:00","25","25","120","Departed","Departed","","1"
"SYN-00957","2026-09-07 16:36:00","2026-09-07","2026-09-07 19:43:00","2026-09-07","Green","Normal Operations","A04","2026-09-07 17:06:00","30","30","187","Departed","Departed","","1"
"SYN-00958","2026-09-07 16:37:00","2026-09-07","2026-09-07 18:25:00","2026-09-07","Yellow","Normal Operations","A04","2026-09-07 17:02:00","25","25","108","Departed","Departed","","1"
"SYN-00959","2026-09-07 16:50:00","2026-09-07","2026-09-07 18:35:00","2026-09-07","Yellow","Normal Operations","A04","2026-09-07 17:13:00","23","23","105","Departed","Departed","","1"
"SYN-00960","2026-09-07 17:25:00","2026-09-07","2026-09-07 19:21:00","2026-09-07","Yellow","Normal Operations","A05","2026-09-07 17:44:00","19","19","116","Departed","Departed","","1"
"SYN-00961","2026-09-07 17:42:00","2026-09-07","2026-09-07 19:37:00","2026-09-07","Yellow","Normal Operations","A04","2026-09-07 18:13:00","31","31","115","Departed","Departed","","1"
"SYN-00962","2026-09-07 17:53:00","2026-09-07","2026-09-07 21:40:00","2026-09-07","Blue","Normal Operations","A05","2026-09-07 18:17:00","24","24","227","Departed","Departed","","1"
"SYN-00963","2026-09-07 18:06:00","2026-09-07","2026-09-07 19:38:00","2026-09-07","Blue","Normal Operations","A04","2026-09-07 18:25:00","19","19","92","Departed","Departed","","1"
"SYN-00964","2026-09-07 18:22:00","2026-09-07","2026-09-07 23:01:00","2026-09-07","Yellow","Normal Operations","A04","2026-09-07 18:44:00","22","22","279","Departed","Departed","","1"
"SYN-00965","2026-09-07 18:25:00","2026-09-07","2026-09-07 23:49:00","2026-09-07","Yellow","Normal Operations","A04","2026-09-07 18:51:00","26","26","324","Departed","Departed","","1"
"SYN-00966","2026-09-07 18:39:00","2026-09-07","2026-09-07 21:55:00","2026-09-07","Green","Normal Operations","A04","2026-09-07 19:12:00","33","33","196","Departed","Departed","","1"
"SYN-00967","2026-09-07 18:43:00","2026-09-07","2026-09-07 21:43:00","2026-09-07","Green","Normal Operations","A05","2026-09-07 19:03:00","20","20","180","Departed","Departed","","1"
"SYN-00968","2026-09-07 18:56:00","2026-09-07","2026-09-07 23:54:00","2026-09-07","Yellow","Normal Operations","A04","2026-09-07 19:32:00","36","36","298","Departed","Departed","","1"
"SYN-00969","2026-09-07 19:16:00","2026-09-07","2026-09-07 23:44:00","2026-09-07","Yellow","Normal Operations","A04","2026-09-07 19:37:00","21","21","268","Departed","Departed","","1"
"SYN-00970","2026-09-07 19:18:00","2026-09-07","2026-09-07 22:16:00","2026-09-07","Green","Normal Operations","A04","2026-09-07 19:42:00","24","24","178","Departed","Departed","","1"
"SYN-00971","2026-09-07 19:29:00","2026-09-07","2026-09-07 23:55:00","2026-09-07","Green","Normal Operations","A04","2026-09-07 20:05:00","36","36","266","Departed","Departed","","1"
"SYN-00972","2026-09-07 19:56:00","2026-09-07","2026-09-07 22:22:00","2026-09-07","Blue","Normal Operations","A05","2026-09-07 20:23:00","27","27","146","Departed","Departed","","1"
"SYN-00973","2026-09-07 20:03:00","2026-09-07","2026-09-07 22:45:00","2026-09-07","Green","Normal Operations","A04","2026-09-07 20:36:00","33","33","162","Departed","Departed","","1"
"SYN-00974","2026-09-07 20:36:00","2026-09-07","2026-09-08 00:44:00","2026-09-08","Yellow","Normal Operations","A04","2026-09-07 21:02:00","26","26","248","Departed","Departed","","1"
"SYN-00975","2026-09-07 20:42:00","2026-09-07","2026-09-07 22:43:00","2026-09-07","Yellow","Normal Operations","A05","2026-09-07 21:00:00","18","18","121","Departed","Departed","","1"
"SYN-00976","2026-09-07 20:55:00","2026-09-07","2026-09-07 22:43:00","2026-09-07","Orange","Normal Operations","A04","2026-09-07 21:16:00","21","21","108","Departed","Departed","","1"
"SYN-00977","2026-09-07 21:09:00","2026-09-07","2026-09-07 23:52:00","2026-09-07","Yellow","Normal Operations","A04","2026-09-07 21:43:00","34","34","163","Departed","Departed","","1"
"SYN-00978","2026-09-07 21:23:00","2026-09-07","2026-09-08 00:04:00","2026-09-08","Green","Normal Operations","A04","2026-09-07 22:05:00","42","42","161","Departed","Departed","","1"
"SYN-00979","2026-09-07 21:31:00","2026-09-07","2026-09-07 23:38:00","2026-09-07","Green","Normal Operations","A04","2026-09-07 22:01:00","30","30","127","Departed","Departed","","1"
"SYN-00980","2026-09-07 21:58:00","2026-09-07","2026-09-08 01:39:00","2026-09-08","Yellow","Normal Operations","A05","2026-09-07 22:34:00","36","36","221","Departed","Departed","","1"
"SYN-00981","2026-09-07 22:16:00","2026-09-07","2026-09-08 01:11:00","2026-09-08","Yellow","Normal Operations","A04","2026-09-07 22:45:00","29","29","175","Departed","Departed","","1"
"SYN-00982","2026-09-07 22:32:00","2026-09-07","2026-09-08 02:00:00","2026-09-08","Red","Normal Operations","A03","2026-09-07 22:34:00","2","2","208","Departed","Departed","","1"
"SYN-00983","2026-09-07 22:33:00","2026-09-07","2026-09-08 03:09:00","2026-09-08","Yellow","Normal Operations","A05","2026-09-07 22:47:00","14","14","276","Departed","Departed","","1"
"SYN-00984","2026-09-07 22:36:00","2026-09-07","2026-09-08 04:14:00","2026-09-08","Yellow","Normal Operations","A04","2026-09-07 22:58:00","22","22","338","Departed","Departed","","1"
"SYN-00985","2026-09-07 22:42:00","2026-09-07","2026-09-08 02:31:00","2026-09-08","Green","Normal Operations","A05","2026-09-07 23:01:00","19","19","229","Departed","Departed","","1"
"SYN-00986","2026-09-07 22:49:00","2026-09-07","2026-09-08 01:25:00","2026-09-08","Green","Normal Operations","A04","2026-09-07 23:22:00","33","33","156","Departed","Departed","","1"
"SYN-00987","2026-09-07 23:13:00","2026-09-07","2026-09-08 02:15:00","2026-09-08","Yellow","Normal Operations","A04","2026-09-07 23:36:00","23","23","182","Departed","Departed","","1"
"SYN-00988","2026-09-07 23:16:00","2026-09-07","2026-09-08 02:06:00","2026-09-08","Yellow","Normal Operations","A04","2026-09-07 23:38:00","22","22","170","Departed","Departed","","1"
"SYN-00989","2026-09-07 23:27:00","2026-09-07","2026-09-08 02:30:00","2026-09-08","Blue","Normal Operations","A04","2026-09-08 00:00:00","33","33","183","Departed","Departed","","1"
"SYN-00990","2026-09-08 00:08:00","2026-09-08","2026-09-08 04:21:00","2026-09-08","Green","Normal Operations","A04","2026-09-08 00:42:00","34","34","253","Departed","Departed","","1"
"SYN-00991","2026-09-08 00:14:00","2026-09-08","2026-09-08 02:34:00","2026-09-08","Yellow","Normal Operations","A04","2026-09-08 00:32:00","18","18","140","Departed","Departed","","1"
"SYN-00992","2026-09-08 01:12:00","2026-09-08","2026-09-08 03:02:00","2026-09-08","Blue","Normal Operations","A04","2026-09-08 01:35:00","23","23","110","Departed","Departed","","1"
"SYN-00993","2026-09-08 02:25:00","2026-09-08","2026-09-08 04:52:00","2026-09-08","Yellow","Normal Operations","A04","2026-09-08 02:44:00","19","19","147","Departed","Departed","","1"
"SYN-00994","2026-09-08 02:26:00","2026-09-08","2026-09-08 05:02:00","2026-09-08","Yellow","Normal Operations","A04","2026-09-08 02:47:00","21","21","156","Departed","Departed","","1"
"SYN-00995","2026-09-08 03:04:00","2026-09-08","2026-09-08 04:38:00","2026-09-08","Blue","Normal Operations","A04","2026-09-08 03:22:00","18","18","94","Departed","Departed","","1"
"SYN-00996","2026-09-08 03:11:00","2026-09-08","2026-09-08 08:53:00","2026-09-08","Yellow","Normal Operations","A04","2026-09-08 03:36:00","25","25","342","Departed","Departed","","1"
"SYN-00997","2026-09-08 03:55:00","2026-09-08","2026-09-08 05:24:00","2026-09-08","Red","Normal Operations","A03","2026-09-08 03:57:00","2","2","89","Departed","Departed","","1"
"SYN-00998","2026-09-08 04:01:00","2026-09-08","2026-09-08 06:07:00","2026-09-08","Yellow","Normal Operations","A04","2026-09-08 04:40:00","39","39","126","Departed","Departed","","1"
"SYN-00999","2026-09-08 04:37:00","2026-09-08","2026-09-08 06:45:00","2026-09-08","Yellow","Normal Operations","A04","2026-09-08 05:07:00","30","30","128","Departed","Departed","","1"
"SYN-01000","2026-09-08 05:30:00","2026-09-08","2026-09-08 07:14:00","2026-09-08","Yellow","Normal Operations","A04","2026-09-08 05:52:00","22","22","104","Departed","Departed","","1"
"SYN-01001","2026-09-08 06:31:00","2026-09-08","2026-09-08 09:15:00","2026-09-08","Yellow","Normal Operations","A05","2026-09-08 06:54:00","23","23","164","Departed","Departed","","1"
"SYN-01002","2026-09-08 06:46:00","2026-09-08","2026-09-08 12:07:00","2026-09-08","Green","Normal Operations","A04","2026-09-08 07:05:00","19","19","321","Departed","Departed","","1"
"SYN-01003","2026-09-08 07:07:00","2026-09-08","2026-09-08 09:51:00","2026-09-08","Orange","Normal Operations","A04","2026-09-08 07:26:00","19","19","164","Departed","Departed","","1"
"SYN-01004","2026-09-08 07:10:00","2026-09-08","2026-09-08 10:04:00","2026-09-08","Green","Normal Operations","A05","2026-09-08 07:47:00","37","37","174","Departed","Departed","","1"
"SYN-01005","2026-09-08 07:14:00","2026-09-08","2026-09-08 10:39:00","2026-09-08","Orange","Normal Operations","A05","2026-09-08 07:31:00","17","17","205","Departed","Departed","","1"
"SYN-01006","2026-09-08 07:19:00","2026-09-08","2026-09-08 09:52:00","2026-09-08","Green","Normal Operations","A04","2026-09-08 07:52:00","33","33","153","Departed","Departed","","1"
"SYN-01007","2026-09-08 07:48:00","2026-09-08","2026-09-08 09:16:00","2026-09-08","Orange","Normal Operations","A05","2026-09-08 08:04:00","16","16","88","Departed","Departed","","1"
"SYN-01008","2026-09-08 07:55:00","2026-09-08","2026-09-08 10:31:00","2026-09-08","Yellow","Normal Operations","A05","2026-09-08 08:32:00","37","37","156","Departed","Departed","","1"
"SYN-01009","2026-09-08 08:09:00","2026-09-08","2026-09-08 13:17:00","2026-09-08","Yellow","Normal Operations","A04","2026-09-08 08:33:00","24","24","308","Departed","Departed","","1"
"SYN-01010","2026-09-08 08:23:00","2026-09-08","2026-09-08 10:01:00","2026-09-08","Yellow","Normal Operations","A04","2026-09-08 08:45:00","22","22","98","Departed","Departed","","1"
"SYN-01011","2026-09-08 08:31:00","2026-09-08","2026-09-08 12:30:00","2026-09-08","Yellow","Normal Operations","A04","2026-09-08 09:11:00","40","40","239","Departed","Departed","","1"
"SYN-01012","2026-09-08 08:35:00","2026-09-08","2026-09-08 10:56:00","2026-09-08","Green","Normal Operations","A05","2026-09-08 09:00:00","25","25","141","Departed","Departed","","1"
"SYN-01013","2026-09-08 08:52:00","2026-09-08","2026-09-08 10:40:00","2026-09-08","Blue","Normal Operations","A04","2026-09-08 09:21:00","29","29","108","Departed","Departed","","1"
"SYN-01014","2026-09-08 09:09:00","2026-09-08","2026-09-08 10:56:00","2026-09-08","Orange","Normal Operations","A05","2026-09-08 09:29:00","20","20","107","Departed","Departed","","1"
"SYN-01015","2026-09-08 09:15:00","2026-09-08","2026-09-08 13:03:00","2026-09-08","Orange","Normal Operations","A04","2026-09-08 09:27:00","12","12","228","Departed","Departed","","1"
"SYN-01016","2026-09-08 09:21:00","2026-09-08","2026-09-08 12:14:00","2026-09-08","Green","Normal Operations","A04","2026-09-08 09:57:00","36","36","173","Departed","Departed","","1"
"SYN-01017","2026-09-08 09:25:00","2026-09-08","2026-09-08 11:29:00","2026-09-08","Yellow","Normal Operations","A04","2026-09-08 09:57:00","32","32","124","Departed","Departed","","1"
"SYN-01018","2026-09-08 09:26:00","2026-09-08","2026-09-08 11:08:00","2026-09-08","Orange","Normal Operations","A05","2026-09-08 09:46:00","20","20","102","Departed","Departed","","1"
"SYN-01019","2026-09-08 10:38:00","2026-09-08","2026-09-08 13:15:00","2026-09-08","Yellow","Normal Operations","A04","2026-09-08 11:15:00","37","37","157","Departed","Departed","","1"
"SYN-01020","2026-09-08 10:55:00","2026-09-08","2026-09-08 12:41:00","2026-09-08","Red","Normal Operations","A03","2026-09-08 10:57:00","2","2","106","Departed","Departed","","1"
"SYN-01021","2026-09-08 10:57:00","2026-09-08","2026-09-08 16:25:00","2026-09-08","Yellow","Normal Operations","A05","2026-09-08 11:35:00","38","38","328","Departed","Departed","","1"
"SYN-01022","2026-09-08 11:22:00","2026-09-08","2026-09-08 15:39:00","2026-09-08","Yellow","Normal Operations","A04","2026-09-08 11:40:00","18","18","257","Departed","Departed","","1"
"SYN-01023","2026-09-08 11:23:00","2026-09-08","2026-09-08 15:30:00","2026-09-08","Orange","Normal Operations","A04","2026-09-08 11:34:00","11","11","247","Departed","Departed","","1"
"SYN-01024","2026-09-08 11:24:00","2026-09-08","2026-09-08 13:40:00","2026-09-08","Yellow","Normal Operations","A04","2026-09-08 12:01:00","37","37","136","Departed","Departed","","1"
"SYN-01025","2026-09-08 11:25:00","2026-09-08","2026-09-08 14:23:00","2026-09-08","Blue","Normal Operations","A04","2026-09-08 11:42:00","17","17","178","Departed","Departed","","1"
"SYN-01026","2026-09-08 11:36:00","2026-09-08","2026-09-08 15:16:00","2026-09-08","Yellow","Normal Operations","A04","2026-09-08 11:55:00","19","19","220","Departed","Departed","","1"
"SYN-01027","2026-09-08 11:59:00","2026-09-08","2026-09-08 14:14:00","2026-09-08","Yellow","Normal Operations","A04","2026-09-08 12:36:00","37","37","135","Departed","Departed","","1"
"SYN-01028","2026-09-08 12:13:00","2026-09-08","2026-09-08 13:52:00","2026-09-08","Green","Normal Operations","A04","2026-09-08 12:42:00","29","29","99","Departed","Departed","","1"
"SYN-01029","2026-09-08 12:34:00","2026-09-08","2026-09-08 16:52:00","2026-09-08","Blue","Normal Operations","A04","2026-09-08 12:55:00","21","21","258","Departed","Departed","","1"
"SYN-01030","2026-09-08 12:38:00","2026-09-08","2026-09-08 15:18:00","2026-09-08","Yellow","Normal Operations","A04","2026-09-08 13:05:00","27","27","160","Departed","Departed","","1"
"SYN-01031","2026-09-08 12:40:00","2026-09-08","2026-09-08 15:24:00","2026-09-08","Blue","Normal Operations","A04","2026-09-08 13:16:00","36","36","164","Departed","Departed","","1"
"SYN-01032","2026-09-08 12:46:00","2026-09-08","2026-09-08 15:16:00","2026-09-08","Yellow","Normal Operations","A04","2026-09-08 13:11:00","25","25","150","Departed","Departed","","1"
"SYN-01033","2026-09-08 12:48:00","2026-09-08","2026-09-08 15:05:00","2026-09-08","Blue","Normal Operations","A05","2026-09-08 13:09:00","21","21","137","Departed","Departed","","1"
"SYN-01034","2026-09-08 13:15:00","2026-09-08","2026-09-08 17:38:00","2026-09-08","Red","Normal Operations","A03","2026-09-08 13:17:00","2","2","263","Departed","Departed","","1"
"SYN-01035","2026-09-08 13:20:00","2026-09-08","2026-09-08 16:22:00","2026-09-08","Green","Normal Operations","A04","2026-09-08 14:00:00","40","40","182","Departed","Departed","","1"
"SYN-01036","2026-09-08 13:21:00","2026-09-08","2026-09-08 15:49:00","2026-09-08","Yellow","Normal Operations","A05","2026-09-08 13:43:00","22","22","148","Departed","Departed","","1"
"SYN-01037","2026-09-08 13:43:00","2026-09-08","2026-09-08 19:16:00","2026-09-08","Yellow","Normal Operations","A04","2026-09-08 14:21:00","38","38","333","Departed","Departed","","1"
"SYN-01038","2026-09-08 13:45:00","2026-09-08","2026-09-08 16:20:00","2026-09-08","Yellow","Normal Operations","A05","2026-09-08 14:13:00","28","28","155","Departed","Departed","","1"
"SYN-01039","2026-09-08 14:01:00","2026-09-08","2026-09-08 16:34:00","2026-09-08","Yellow","Normal Operations","A05","2026-09-08 14:37:00","36","36","153","Departed","Departed","","1"
"SYN-01040","2026-09-08 14:06:00","2026-09-08","2026-09-08 15:44:00","2026-09-08","Orange","Normal Operations","A04","2026-09-08 14:23:00","17","17","98","Departed","Departed","","1"
"SYN-01041","2026-09-08 14:26:00","2026-09-08","2026-09-08 17:36:00","2026-09-08","Yellow","Normal Operations","A04","2026-09-08 14:52:00","26","26","190","Departed","Departed","","1"
"SYN-01042","2026-09-08 14:41:00","2026-09-08","2026-09-08 17:17:00","2026-09-08","Green","Normal Operations","A04","2026-09-08 15:08:00","27","27","156","Departed","Departed","","1"
"SYN-01043","2026-09-08 14:57:00","2026-09-08","2026-09-08 17:44:00","2026-09-08","Yellow","Normal Operations","A04","2026-09-08 15:18:00","21","21","167","Departed","Departed","","1"
"SYN-01044","2026-09-08 14:58:00","2026-09-08","2026-09-08 17:46:00","2026-09-08","Yellow","Normal Operations","A04","2026-09-08 15:17:00","19","19","168","Departed","Departed","","1"
"SYN-01045","2026-09-08 15:02:00","2026-09-08","2026-09-08 16:38:00","2026-09-08","Green","Normal Operations","A04","2026-09-08 15:28:00","26","26","96","Departed","Departed","","1"
"SYN-01046","2026-09-08 15:18:00","2026-09-08","2026-09-08 17:03:00","2026-09-08","Yellow","Normal Operations","A04","2026-09-08 15:42:00","24","24","105","Departed","Departed","","1"
"SYN-01047","2026-09-08 15:26:00","2026-09-08","2026-09-08 17:21:00","2026-09-08","Orange","Normal Operations","A05","2026-09-08 15:43:00","17","17","115","Departed","Departed","","1"
"SYN-01048","2026-09-08 16:06:00","2026-09-08","2026-09-08 17:46:00","2026-09-08","Yellow","Normal Operations","A04","2026-09-08 16:28:00","22","22","100","Departed","Departed","","1"
"SYN-01049","2026-09-08 16:09:00","2026-09-08","2026-09-08 19:46:00","2026-09-08","Blue","Normal Operations","A04","2026-09-08 16:34:00","25","25","217","Departed","Departed","","1"
"SYN-01050","2026-09-08 16:14:00","2026-09-08","2026-09-08 21:23:00","2026-09-08","Yellow","Normal Operations","A05","2026-09-08 16:53:00","39","39","309","Departed","Departed","","1"
"SYN-01051","2026-09-08 16:19:00","2026-09-08","2026-09-08 19:16:00","2026-09-08","Yellow","Normal Operations","A04","2026-09-08 16:59:00","40","40","177","Departed","Departed","","1"
"SYN-01052","2026-09-08 16:54:00","2026-09-08","2026-09-08 19:41:00","2026-09-08","Blue","Normal Operations","A05","2026-09-08 17:23:00","29","29","167","Departed","Departed","","1"
"SYN-01053","2026-09-08 17:07:00","2026-09-08","2026-09-08 21:06:00","2026-09-08","Orange","Normal Operations","A04","2026-09-08 17:25:00","18","18","239","Departed","Departed","","1"
"SYN-01054","2026-09-08 17:17:00","2026-09-08","2026-09-08 18:50:00","2026-09-08","Yellow","Normal Operations","A05","2026-09-08 17:36:00","19","19","93","Departed","Departed","","1"
"SYN-01055","2026-09-08 17:19:00","2026-09-08","2026-09-08 22:01:00","2026-09-08","Blue","Normal Operations","A04","2026-09-08 17:45:00","26","26","282","Departed","Departed","","1"
"SYN-01056","2026-09-08 17:31:00","2026-09-08","2026-09-08 19:22:00","2026-09-08","Green","Normal Operations","A04","2026-09-08 17:48:00","17","17","111","Departed","Departed","","1"
"SYN-01057","2026-09-08 17:59:00","2026-09-08","2026-09-08 22:52:00","2026-09-08","Yellow","Normal Operations","A04","2026-09-08 18:15:00","16","16","293","Departed","Departed","","1"
"SYN-01058","2026-09-08 18:06:00","2026-09-08","2026-09-08 20:32:00","2026-09-08","Blue","Normal Operations","A04","2026-09-08 18:20:00","14","14","146","Departed","Departed","","1"
"SYN-01059","2026-09-08 18:18:00","2026-09-08","2026-09-08 20:47:00","2026-09-08","Yellow","Normal Operations","A05","2026-09-08 18:37:00","19","19","149","Departed","Departed","","1"
"SYN-01060","2026-09-08 18:21:00","2026-09-08","2026-09-08 22:47:00","2026-09-08","Orange","Normal Operations","A05","2026-09-08 18:31:00","10","10","266","Departed","Departed","","1"
"SYN-01061","2026-09-08 18:54:00","2026-09-08","2026-09-08 20:25:00","2026-09-08","Yellow","Normal Operations","A04","2026-09-08 19:13:00","19","19","91","Departed","Departed","","1"
"SYN-01062","2026-09-08 19:06:00","2026-09-08","2026-09-08 21:00:00","2026-09-08","Orange","Normal Operations","A04","2026-09-08 19:18:00","12","12","114","Departed","Departed","","1"
"SYN-01063","2026-09-08 19:06:00","2026-09-08","2026-09-08 22:03:00","2026-09-08","Orange","Normal Operations","A04","2026-09-08 19:23:00","17","17","177","Departed","Departed","","1"
"SYN-01064","2026-09-08 19:24:00","2026-09-08","2026-09-08 21:22:00","2026-09-08","Yellow","Normal Operations","A04","2026-09-08 19:45:00","21","21","118","Departed","Departed","","1"
"SYN-01065","2026-09-08 19:25:00","2026-09-08","2026-09-08 22:06:00","2026-09-08","Yellow","Normal Operations","A04","2026-09-08 19:49:00","24","24","161","Departed","Departed","","1"
"SYN-01066","2026-09-08 19:42:00","2026-09-08","2026-09-08 22:46:00","2026-09-08","Orange","Normal Operations","A04","2026-09-08 19:56:00","14","14","184","Departed","Departed","","1"
"SYN-01067","2026-09-08 20:33:00","2026-09-08","2026-09-08 23:13:00","2026-09-08","Yellow","Normal Operations","A04","2026-09-08 21:02:00","29","29","160","Departed","Departed","","1"
"SYN-01068","2026-09-08 20:41:00","2026-09-08","2026-09-08 22:10:00","2026-09-08","Orange","Normal Operations","A05","2026-09-08 20:52:00","11","11","89","Departed","Departed","","1"
"SYN-01069","2026-09-08 20:51:00","2026-09-08","2026-09-08 23:41:00","2026-09-08","Blue","Normal Operations","A04","2026-09-08 21:09:00","18","18","170","Departed","Departed","","1"
"SYN-01070","2026-09-08 21:22:00","2026-09-08","2026-09-08 23:36:00","2026-09-08","Orange","Normal Operations","A04","2026-09-08 21:42:00","20","20","134","Departed","Departed","","1"
"SYN-01071","2026-09-08 21:30:00","2026-09-08","2026-09-08 22:42:00","2026-09-08","Red","Normal Operations","A03","2026-09-08 21:32:00","2","2","72","Departed","Departed","","1"
"SYN-01072","2026-09-08 21:36:00","2026-09-08","2026-09-09 00:30:00","2026-09-09","Green","Normal Operations","A05","2026-09-08 22:12:00","36","36","174","Departed","Departed","","1"
"SYN-01073","2026-09-08 21:40:00","2026-09-08","2026-09-08 23:28:00","2026-09-08","Orange","Normal Operations","A04","2026-09-08 21:51:00","11","11","108","Departed","Departed","","1"
"SYN-01074","2026-09-08 21:49:00","2026-09-08","2026-09-09 00:32:00","2026-09-09","Yellow","Normal Operations","A04","2026-09-08 22:21:00","32","32","163","Departed","Departed","","1"
"SYN-01075","2026-09-08 22:14:00","2026-09-08","2026-09-09 00:19:00","2026-09-09","Orange","Normal Operations","A04","2026-09-08 22:33:00","19","19","125","Departed","Departed","","1"
"SYN-01076","2026-09-08 22:17:00","2026-09-08","2026-09-09 00:30:00","2026-09-09","Blue","Normal Operations","A04","2026-09-08 22:52:00","35","35","133","Departed","Departed","","1"
"SYN-01077","2026-09-08 22:22:00","2026-09-08","2026-09-09 01:42:00","2026-09-09","Yellow","Normal Operations","A05","2026-09-08 22:47:00","25","25","200","Departed","Departed","","1"
"SYN-01078","2026-09-08 22:32:00","2026-09-08","2026-09-09 00:19:00","2026-09-09","Orange","Normal Operations","A04","2026-09-08 22:55:00","23","23","107","Departed","Departed","","1"
"SYN-01079","2026-09-08 22:44:00","2026-09-08","2026-09-09 02:57:00","2026-09-09","Orange","Normal Operations","A04","2026-09-08 22:56:00","12","12","253","Departed","Departed","","1"
"SYN-01080","2026-09-08 22:58:00","2026-09-08","2026-09-09 01:01:00","2026-09-09","Yellow","Normal Operations","A04","2026-09-08 23:22:00","24","24","123","Departed","Departed","","1"
"SYN-01081","2026-09-08 23:04:00","2026-09-08","2026-09-09 01:09:00","2026-09-09","Orange","Normal Operations","A04","2026-09-08 23:19:00","15","15","125","Departed","Departed","","1"
"SYN-01082","2026-09-08 23:15:00","2026-09-08","2026-09-09 01:19:00","2026-09-09","Green","Normal Operations","A04","2026-09-08 23:38:00","23","23","124","Departed","Departed","","1"
"SYN-01083","2026-09-08 23:43:00","2026-09-08","2026-09-09 01:35:00","2026-09-09","Orange","Normal Operations","A04","2026-09-09 00:01:00","18","18","112","Departed","Departed","","1"
"SYN-01084","2026-09-08 23:55:00","2026-09-08","2026-09-09 02:15:00","2026-09-09","Yellow","Normal Operations","A04","2026-09-09 00:26:00","31","31","140","Departed","Departed","","1"
"SYN-01085","2026-09-08 23:55:00","2026-09-08","2026-09-09 03:52:00","2026-09-09","Green","Normal Operations","A04","2026-09-09 00:31:00","36","36","237","Departed","Departed","","1"
"SYN-01086","2026-09-09 00:27:00","2026-09-09","2026-09-09 04:06:00","2026-09-09","Yellow","Normal Operations","A05","2026-09-09 00:43:00","16","16","219","Departed","Departed","","1"
"SYN-01087","2026-09-09 00:50:00","2026-09-09","2026-09-09 03:30:00","2026-09-09","Yellow","Normal Operations","A04","2026-09-09 01:14:00","24","24","160","Departed","Departed","","1"
"SYN-01088","2026-09-09 00:56:00","2026-09-09","2026-09-09 03:47:00","2026-09-09","Blue","Normal Operations","A04","2026-09-09 01:16:00","20","20","171","Departed","Departed","","1"
"SYN-01089","2026-09-09 01:21:00","2026-09-09","2026-09-09 06:44:00","2026-09-09","Red","Normal Operations","A03","2026-09-09 01:23:00","2","2","323","Departed","Departed","","1"
"SYN-01090","2026-09-09 01:27:00","2026-09-09","2026-09-09 05:44:00","2026-09-09","Yellow","Normal Operations","A04","2026-09-09 01:42:00","15","15","257","Departed","Departed","","1"
"SYN-01091","2026-09-09 01:37:00","2026-09-09","2026-09-09 04:56:00","2026-09-09","Yellow","Normal Operations","A05","2026-09-09 01:59:00","22","22","199","Departed","Departed","","1"
"SYN-01092","2026-09-09 02:56:00","2026-09-09","2026-09-09 05:22:00","2026-09-09","Orange","Normal Operations","A05","2026-09-09 03:16:00","20","20","146","Departed","Departed","","1"
"SYN-01093","2026-09-09 03:16:00","2026-09-09","2026-09-09 05:05:00","2026-09-09","Orange","Normal Operations","A04","2026-09-09 03:35:00","19","19","109","Departed","Departed","","1"
"SYN-01094","2026-09-09 03:43:00","2026-09-09","2026-09-09 05:40:00","2026-09-09","Yellow","Normal Operations","A04","2026-09-09 04:23:00","40","40","117","Departed","Departed","","1"
"SYN-01095","2026-09-09 04:55:00","2026-09-09","2026-09-09 06:36:00","2026-09-09","Green","Normal Operations","A04","2026-09-09 05:13:00","18","18","101","Departed","Departed","","1"
"SYN-01096","2026-09-09 04:58:00","2026-09-09","2026-09-09 07:46:00","2026-09-09","Green","Normal Operations","A04","2026-09-09 05:25:00","27","27","168","Departed","Departed","","1"
"SYN-01097","2026-09-09 05:29:00","2026-09-09","2026-09-09 07:52:00","2026-09-09","Red","Normal Operations","A03","2026-09-09 05:31:00","2","2","143","Departed","Departed","","1"
"SYN-01098","2026-09-09 05:53:00","2026-09-09","2026-09-09 07:34:00","2026-09-09","Yellow","Normal Operations","A04","2026-09-09 06:23:00","30","30","101","Departed","Departed","","1"
"SYN-01099","2026-09-09 06:02:00","2026-09-09","2026-09-09 08:50:00","2026-09-09","Green","Normal Operations","A04","2026-09-09 06:34:00","32","32","168","Departed","Departed","","1"
"SYN-01100","2026-09-09 06:38:00","2026-09-09","2026-09-09 10:32:00","2026-09-09","Green","Normal Operations","A04","2026-09-09 07:06:00","28","28","234","Departed","Departed","","1"
"SYN-01101","2026-09-09 07:04:00","2026-09-09","2026-09-09 08:29:00","2026-09-09","Orange","Normal Operations","A04","2026-09-09 07:19:00","15","15","85","Departed","Departed","","1"
"SYN-01102","2026-09-09 07:29:00","2026-09-09","2026-09-09 10:33:00","2026-09-09","Green","Normal Operations","A04","2026-09-09 08:02:00","33","33","184","Departed","Departed","","1"
"SYN-01103","2026-09-09 07:37:00","2026-09-09","2026-09-09 09:45:00","2026-09-09","Yellow","Normal Operations","A04","2026-09-09 08:14:00","37","37","128","Departed","Departed","","1"
"SYN-01104","2026-09-09 08:16:00","2026-09-09","2026-09-09 10:06:00","2026-09-09","Yellow","Normal Operations","A05","2026-09-09 08:55:00","39","39","110","Departed","Departed","","1"
"SYN-01105","2026-09-09 08:49:00","2026-09-09","2026-09-09 10:31:00","2026-09-09","Blue","Normal Operations","A05","2026-09-09 09:11:00","22","22","102","Departed","Departed","","1"
"SYN-01106","2026-09-09 08:50:00","2026-09-09","2026-09-09 10:40:00","2026-09-09","Green","Normal Operations","A04","2026-09-09 09:08:00","18","18","110","Departed","Departed","","1"
"SYN-01107","2026-09-09 08:52:00","2026-09-09","2026-09-09 10:38:00","2026-09-09","Yellow","Normal Operations","A04","2026-09-09 09:15:00","23","23","106","Departed","Departed","","1"
"SYN-01108","2026-09-09 08:55:00","2026-09-09","2026-09-09 10:28:00","2026-09-09","Orange","Normal Operations","A05","2026-09-09 09:13:00","18","18","93","Departed","Departed","","1"
"SYN-01109","2026-09-09 09:07:00","2026-09-09","2026-09-09 11:34:00","2026-09-09","Green","Normal Operations","A04","2026-09-09 09:35:00","28","28","147","Departed","Departed","","1"
"SYN-01110","2026-09-09 09:11:00","2026-09-09","2026-09-09 11:34:00","2026-09-09","Yellow","Normal Operations","A04","2026-09-09 09:43:00","32","32","143","Departed","Departed","","1"
"SYN-01111","2026-09-09 09:12:00","2026-09-09","2026-09-09 11:32:00","2026-09-09","Yellow","Normal Operations","A04","2026-09-09 09:33:00","21","21","140","Departed","Departed","","1"
"SYN-01112","2026-09-09 09:36:00","2026-09-09","2026-09-09 13:26:00","2026-09-09","Blue","Normal Operations","A04","2026-09-09 10:01:00","25","25","230","Departed","Departed","","1"
"SYN-01113","2026-09-09 09:54:00","2026-09-09","2026-09-09 12:40:00","2026-09-09","Green","Normal Operations","A04","2026-09-09 10:18:00","24","24","166","Departed","Departed","","1"
"SYN-01114","2026-09-09 10:01:00","2026-09-09","2026-09-09 13:01:00","2026-09-09","Green","Normal Operations","A04","2026-09-09 10:33:00","32","32","180","Departed","Departed","","1"
"SYN-01115","2026-09-09 10:26:00","2026-09-09","2026-09-09 12:36:00","2026-09-09","Orange","Normal Operations","A04","2026-09-09 10:43:00","17","17","130","Departed","Departed","","1"
"SYN-01116","2026-09-09 10:54:00","2026-09-09","2026-09-09 12:50:00","2026-09-09","Yellow","Normal Operations","A05","2026-09-09 11:33:00","39","39","116","Departed","Departed","","1"
"SYN-01117","2026-09-09 11:07:00","2026-09-09","2026-09-09 13:45:00","2026-09-09","Orange","Normal Operations","A05","2026-09-09 11:23:00","16","16","158","Departed","Departed","","1"
"SYN-01118","2026-09-09 11:18:00","2026-09-09","2026-09-09 15:11:00","2026-09-09","Yellow","Normal Operations","A05","2026-09-09 11:41:00","23","23","233","Departed","Departed","","1"
"SYN-01119","2026-09-09 11:20:00","2026-09-09","2026-09-09 16:00:00","2026-09-09","Green","Normal Operations","A04","2026-09-09 11:52:00","32","32","280","Departed","Departed","","1"
"SYN-01120","2026-09-09 12:11:00","2026-09-09","2026-09-09 14:14:00","2026-09-09","Red","Normal Operations","A03","2026-09-09 12:13:00","2","2","123","Departed","Departed","","1"
"SYN-01121","2026-09-09 12:11:00","2026-09-09","2026-09-09 13:46:00","2026-09-09","Blue","Normal Operations","A04","2026-09-09 12:29:00","18","18","95","Departed","Departed","","1"
"SYN-01122","2026-09-09 12:17:00","2026-09-09","2026-09-09 15:35:00","2026-09-09","Blue","Normal Operations","A04","2026-09-09 12:56:00","39","39","198","Departed","Departed","","1"
"SYN-01123","2026-09-09 12:34:00","2026-09-09","2026-09-09 14:36:00","2026-09-09","Yellow","Normal Operations","A04","2026-09-09 12:56:00","22","22","122","Departed","Departed","","1"
"SYN-01124","2026-09-09 12:34:00","2026-09-09","2026-09-09 15:04:00","2026-09-09","Green","Normal Operations","A04","2026-09-09 13:11:00","37","37","150","Departed","Departed","","1"
"SYN-01125","2026-09-09 13:42:00","2026-09-09","2026-09-09 16:30:00","2026-09-09","Orange","Normal Operations","A04","2026-09-09 13:52:00","10","10","168","Departed","Departed","","1"
"SYN-01126","2026-09-09 13:43:00","2026-09-09","2026-09-09 16:56:00","2026-09-09","Green","Normal Operations","A04","2026-09-09 14:18:00","35","35","193","Departed","Departed","","1"
"SYN-01127","2026-09-09 13:56:00","2026-09-09","2026-09-09 16:36:00","2026-09-09","Green","Normal Operations","A04","2026-09-09 14:28:00","32","32","160","Departed","Departed","","1"
"SYN-01128","2026-09-09 14:27:00","2026-09-09","2026-09-09 17:29:00","2026-09-09","Yellow","Normal Operations","A04","2026-09-09 15:00:00","33","33","182","Departed","Departed","","1"
"SYN-01129","2026-09-09 14:34:00","2026-09-09","2026-09-09 15:51:00","2026-09-09","Red","Normal Operations","A03","2026-09-09 14:36:00","2","2","77","Departed","Departed","","1"
"SYN-01130","2026-09-09 14:45:00","2026-09-09","2026-09-09 17:41:00","2026-09-09","Orange","Normal Operations","A05","2026-09-09 15:02:00","17","17","176","Departed","Departed","","1"
"SYN-01131","2026-09-09 15:21:00","2026-09-09","2026-09-09 17:36:00","2026-09-09","Blue","Normal Operations","A05","2026-09-09 15:50:00","29","29","135","Departed","Departed","","1"
"SYN-01132","2026-09-09 15:32:00","2026-09-09","2026-09-09 19:54:00","2026-09-09","Green","Normal Operations","A04","2026-09-09 16:00:00","28","28","262","Departed","Departed","","1"
"SYN-01133","2026-09-09 15:39:00","2026-09-09","2026-09-09 17:27:00","2026-09-09","Orange","Normal Operations","A04","2026-09-09 15:54:00","15","15","108","Departed","Departed","","1"
"SYN-01134","2026-09-09 15:43:00","2026-09-09","2026-09-09 17:48:00","2026-09-09","Yellow","Normal Operations","A05","2026-09-09 16:25:00","42","42","125","Departed","Departed","","1"
"SYN-01135","2026-09-09 15:43:00","2026-09-09","2026-09-09 20:44:00","2026-09-09","Yellow","Normal Operations","A05","2026-09-09 16:10:00","27","27","301","Departed","Departed","","1"
"SYN-01136","2026-09-09 15:54:00","2026-09-09","2026-09-09 18:54:00","2026-09-09","Orange","Normal Operations","A04","2026-09-09 16:11:00","17","17","180","Departed","Departed","","1"
"SYN-01137","2026-09-09 16:20:00","2026-09-09","2026-09-09 19:19:00","2026-09-09","Orange","Normal Operations","A05","2026-09-09 16:36:00","16","16","179","Departed","Departed","","1"
"SYN-01138","2026-09-09 16:24:00","2026-09-09","2026-09-09 19:08:00","2026-09-09","Green","Normal Operations","A04","2026-09-09 16:58:00","34","34","164","Departed","Departed","","1"
"SYN-01139","2026-09-09 16:28:00","2026-09-09","2026-09-09 19:30:00","2026-09-09","Green","Normal Operations","A05","2026-09-09 17:02:00","34","34","182","Departed","Departed","","1"
"SYN-01140","2026-09-09 16:29:00","2026-09-09","2026-09-09 17:50:00","2026-09-09","Orange","Normal Operations","A04","2026-09-09 16:39:00","10","10","81","Departed","Departed","","1"
"SYN-01141","2026-09-09 16:39:00","2026-09-09","2026-09-09 19:42:00","2026-09-09","Yellow","Normal Operations","A04","2026-09-09 17:11:00","32","32","183","Departed","Departed","","1"
"SYN-01142","2026-09-09 16:55:00","2026-09-09","2026-09-09 19:20:00","2026-09-09","Yellow","Normal Operations","A04","2026-09-09 17:31:00","36","36","145","Departed","Departed","","1"
"SYN-01143","2026-09-09 17:03:00","2026-09-09","2026-09-09 19:25:00","2026-09-09","Green","Normal Operations","A05","2026-09-09 17:36:00","33","33","142","Departed","Departed","","1"
"SYN-01144","2026-09-09 17:14:00","2026-09-09","2026-09-09 18:54:00","2026-09-09","Orange","Normal Operations","A05","2026-09-09 17:28:00","14","14","100","Departed","Departed","","1"
"SYN-01145","2026-09-09 17:23:00","2026-09-09","2026-09-09 19:18:00","2026-09-09","Yellow","Normal Operations","A04","2026-09-09 17:36:00","13","13","115","Departed","Departed","","1"
"SYN-01146","2026-09-09 17:45:00","2026-09-09","2026-09-09 20:16:00","2026-09-09","Blue","Normal Operations","A05","2026-09-09 18:15:00","30","30","151","Departed","Departed","","1"
"SYN-01147","2026-09-09 17:46:00","2026-09-09","2026-09-09 20:40:00","2026-09-09","Blue","Normal Operations","A04","2026-09-09 18:20:00","34","34","174","Departed","Departed","","1"
"SYN-01148","2026-09-09 18:14:00","2026-09-09","2026-09-09 20:34:00","2026-09-09","Green","Normal Operations","A04","2026-09-09 18:40:00","26","26","140","Departed","Departed","","1"
"SYN-01149","2026-09-09 18:26:00","2026-09-09","2026-09-09 21:23:00","2026-09-09","Yellow","Normal Operations","A04","2026-09-09 18:53:00","27","27","177","Departed","Departed","","1"
"SYN-01150","2026-09-09 18:46:00","2026-09-09","2026-09-09 23:16:00","2026-09-09","Blue","Normal Operations","A04","2026-09-09 19:05:00","19","19","270","Departed","Departed","","1"
"SYN-01151","2026-09-09 19:06:00","2026-09-09","2026-09-10 00:28:00","2026-09-10","Blue","Normal Operations","A05","2026-09-09 19:32:00","26","26","322","Departed","Departed","","1"
"SYN-01152","2026-09-09 19:23:00","2026-09-09","2026-09-09 22:27:00","2026-09-09","Yellow","Normal Operations","A04","2026-09-09 19:50:00","27","27","184","Departed","Departed","","1"
"SYN-01153","2026-09-09 19:56:00","2026-09-09","2026-09-09 22:48:00","2026-09-09","Green","Normal Operations","A04","2026-09-09 20:27:00","31","31","172","Departed","Departed","","1"
"SYN-01154","2026-09-09 20:05:00","2026-09-09","2026-09-09 22:54:00","2026-09-09","Green","Normal Operations","A04","2026-09-09 20:37:00","32","32","169","Departed","Departed","","1"
"SYN-01155","2026-09-09 20:07:00","2026-09-09","2026-09-09 22:20:00","2026-09-09","Orange","Normal Operations","A04","2026-09-09 20:24:00","17","17","133","Departed","Departed","","1"
"SYN-01156","2026-09-09 20:16:00","2026-09-09","2026-09-09 23:13:00","2026-09-09","Blue","Normal Operations","A04","2026-09-09 20:52:00","36","36","177","Departed","Departed","","1"
"SYN-01157","2026-09-09 20:42:00","2026-09-09","2026-09-09 23:53:00","2026-09-09","Yellow","Normal Operations","A04","2026-09-09 21:17:00","35","35","191","Departed","Departed","","1"
"SYN-01158","2026-09-09 20:50:00","2026-09-09","2026-09-09 22:42:00","2026-09-09","Orange","Normal Operations","A04","2026-09-09 21:11:00","21","21","112","Departed","Departed","","1"
"SYN-01159","2026-09-09 20:59:00","2026-09-09","2026-09-09 23:10:00","2026-09-09","Green","Normal Operations","A04","2026-09-09 21:36:00","37","37","131","Departed","Departed","","1"
"SYN-01160","2026-09-09 21:05:00","2026-09-09","2026-09-10 01:58:00","2026-09-10","Yellow","Normal Operations","A04","2026-09-09 21:35:00","30","30","293","Departed","Departed","","1"
"SYN-01161","2026-09-09 21:53:00","2026-09-09","2026-09-09 23:30:00","2026-09-09","Green","Normal Operations","A04","2026-09-09 22:10:00","17","17","97","Departed","Departed","","1"
"SYN-01162","2026-09-09 21:56:00","2026-09-09","2026-09-10 00:06:00","2026-09-10","Blue","Normal Operations","A05","2026-09-09 22:23:00","27","27","130","Departed","Departed","","1"
"SYN-01163","2026-09-09 21:57:00","2026-09-09","2026-09-10 00:26:00","2026-09-10","Orange","Normal Operations","A05","2026-09-09 22:19:00","22","22","149","Departed","Departed","","1"
"SYN-01164","2026-09-09 22:05:00","2026-09-09","2026-09-10 01:04:00","2026-09-10","Green","Normal Operations","A04","2026-09-09 22:20:00","15","15","179","Departed","Departed","","1"
"SYN-01165","2026-09-09 22:15:00","2026-09-09","2026-09-10 00:31:00","2026-09-10","Yellow","Normal Operations","A05","2026-09-09 22:45:00","30","30","136","Departed","Departed","","1"
"SYN-01166","2026-09-09 22:34:00","2026-09-09","2026-09-10 00:31:00","2026-09-10","Yellow","Normal Operations","A04","2026-09-09 22:52:00","18","18","117","Departed","Departed","","1"
"SYN-01167","2026-09-09 22:47:00","2026-09-09","2026-09-10 03:10:00","2026-09-10","Blue","Normal Operations","A04","2026-09-09 23:06:00","19","19","263","Departed","Departed","","1"
"SYN-01168","2026-09-09 22:54:00","2026-09-09","2026-09-10 01:53:00","2026-09-10","Yellow","Normal Operations","A04","2026-09-09 23:27:00","33","33","179","Departed","Departed","","1"
"SYN-01169","2026-09-09 23:21:00","2026-09-09","2026-09-10 03:48:00","2026-09-10","Blue","Normal Operations","A04","2026-09-09 23:57:00","36","36","267","Departed","Departed","","1"
"SYN-01170","2026-09-09 23:48:00","2026-09-09","2026-09-10 02:58:00","2026-09-10","Green","Normal Operations","A04","2026-09-10 00:19:00","31","31","190","Departed","Departed","","1"
"SYN-01171","2026-09-09 23:57:00","2026-09-09","2026-09-10 03:01:00","2026-09-10","Yellow","Normal Operations","A05","2026-09-10 00:24:00","27","27","184","Departed","Departed","","1"
"SYN-01172","2026-09-10 00:06:00","2026-09-10","2026-09-10 04:05:00","2026-09-10","Yellow","Normal Operations","A04","2026-09-10 00:24:00","18","18","239","Departed","Departed","","1"
"SYN-01173","2026-09-10 00:20:00","2026-09-10","2026-09-10 03:25:00","2026-09-10","Yellow","Normal Operations","A04","2026-09-10 00:54:00","34","34","185","Departed","Departed","","1"
"SYN-01174","2026-09-10 00:29:00","2026-09-10","2026-09-10 02:37:00","2026-09-10","Yellow","Normal Operations","A04","2026-09-10 01:02:00","33","33","128","Departed","Departed","","1"
"SYN-01175","2026-09-10 01:10:00","2026-09-10","2026-09-10 03:48:00","2026-09-10","Yellow","Normal Operations","A04","2026-09-10 01:27:00","17","17","158","Departed","Departed","","1"
"SYN-01176","2026-09-10 01:14:00","2026-09-10","2026-09-10 02:45:00","2026-09-10","Green","Normal Operations","A05","2026-09-10 01:32:00","18","18","91","Departed","Departed","","1"
"SYN-01177","2026-09-10 01:41:00","2026-09-10","2026-09-10 05:03:00","2026-09-10","Yellow","Normal Operations","A04","2026-09-10 02:19:00","38","38","202","Departed","Departed","","1"
"SYN-01178","2026-09-10 02:51:00","2026-09-10","2026-09-10 04:44:00","2026-09-10","Yellow","Normal Operations","A04","2026-09-10 03:06:00","15","15","113","Departed","Departed","","1"
"SYN-01179","2026-09-10 03:05:00","2026-09-10","2026-09-10 07:58:00","2026-09-10","Yellow","Normal Operations","A04","2026-09-10 03:32:00","27","27","293","Departed","Departed","","1"
"SYN-01180","2026-09-10 03:22:00","2026-09-10","2026-09-10 06:21:00","2026-09-10","Yellow","Normal Operations","A04","2026-09-10 04:01:00","39","39","179","Departed","Departed","","1"
"SYN-01181","2026-09-10 04:10:00","2026-09-10","2026-09-10 06:14:00","2026-09-10","Yellow","Normal Operations","A04","2026-09-10 04:28:00","18","18","124","Departed","Departed","","1"
"SYN-01182","2026-09-10 04:30:00","2026-09-10","2026-09-10 06:43:00","2026-09-10","Yellow","Normal Operations","A05","2026-09-10 05:05:00","35","35","133","Departed","Departed","","1"
"SYN-01183","2026-09-10 04:36:00","2026-09-10","2026-09-10 07:14:00","2026-09-10","Yellow","Normal Operations","A04","2026-09-10 05:00:00","24","24","158","Departed","Departed","","1"
"SYN-01184","2026-09-10 05:26:00","2026-09-10","2026-09-10 07:32:00","2026-09-10","Yellow","Normal Operations","A04","2026-09-10 06:03:00","37","37","126","Departed","Departed","","1"
"SYN-01185","2026-09-10 05:59:00","2026-09-10","2026-09-10 11:22:00","2026-09-10","Green","Normal Operations","A04","2026-09-10 06:34:00","35","35","323","Departed","Departed","","1"
"SYN-01186","2026-09-10 06:14:00","2026-09-10","2026-09-10 07:46:00","2026-09-10","Red","Normal Operations","A03","2026-09-10 06:16:00","2","2","92","Departed","Departed","","1"
"SYN-01187","2026-09-10 06:42:00","2026-09-10","2026-09-10 08:43:00","2026-09-10","Yellow","Normal Operations","A04","2026-09-10 07:18:00","36","36","121","Departed","Departed","","1"
"SYN-01188","2026-09-10 07:10:00","2026-09-10","2026-09-10 09:40:00","2026-09-10","Red","Normal Operations","A03","2026-09-10 07:12:00","2","2","150","Departed","Departed","","1"
"SYN-01189","2026-09-10 07:32:00","2026-09-10","2026-09-10 12:28:00","2026-09-10","Yellow","Normal Operations","A05","2026-09-10 08:11:00","39","39","296","Departed","Departed","","1"
"SYN-01190","2026-09-10 07:49:00","2026-09-10","2026-09-10 12:47:00","2026-09-10","Orange","Normal Operations","A04","2026-09-10 08:10:00","21","21","298","Departed","Departed","","1"
"SYN-01191","2026-09-10 08:11:00","2026-09-10","2026-09-10 10:41:00","2026-09-10","Red","Normal Operations","A03","2026-09-10 08:13:00","2","2","150","Departed","Departed","","1"
"SYN-01192","2026-09-10 08:38:00","2026-09-10","2026-09-10 11:09:00","2026-09-10","Orange","Normal Operations","A04","2026-09-10 08:54:00","16","16","151","Departed","Departed","","1"
"SYN-01193","2026-09-10 08:53:00","2026-09-10","2026-09-10 12:49:00","2026-09-10","Green","Normal Operations","A04","2026-09-10 09:14:00","21","21","236","Departed","Departed","","1"
"SYN-01194","2026-09-10 09:09:00","2026-09-10","2026-09-10 11:11:00","2026-09-10","Yellow","Normal Operations","A04","2026-09-10 09:39:00","30","30","122","Departed","Departed","","1"
"SYN-01195","2026-09-10 09:17:00","2026-09-10","2026-09-10 11:55:00","2026-09-10","Blue","Normal Operations","A04","2026-09-10 09:33:00","16","16","158","Departed","Departed","","1"
"SYN-01196","2026-09-10 09:22:00","2026-09-10","2026-09-10 11:58:00","2026-09-10","Yellow","Normal Operations","A05","2026-09-10 09:52:00","30","30","156","Departed","Departed","","1"
"SYN-01197","2026-09-10 09:26:00","2026-09-10","2026-09-10 11:26:00","2026-09-10","Green","Normal Operations","A05","2026-09-10 09:45:00","19","19","120","Departed","Departed","","1"
"SYN-01198","2026-09-10 09:39:00","2026-09-10","2026-09-10 11:32:00","2026-09-10","Green","Normal Operations","A05","2026-09-10 10:14:00","35","35","113","Departed","Departed","","1"
"SYN-01199","2026-09-10 10:08:00","2026-09-10","2026-09-10 13:05:00","2026-09-10","Orange","High Demand","A04","2026-09-10 10:20:00","12","12","177","Departed","Departed","","1"
"SYN-01200","2026-09-10 10:08:00","2026-09-10","2026-09-10 12:39:00","2026-09-10","Orange","High Demand","A04","2026-09-10 10:18:00","10","10","151","Departed","Departed","","1"
"SYN-01201","2026-09-10 10:10:00","2026-09-10","2026-09-10 12:12:00","2026-09-10","Orange","High Demand","A04","2026-09-10 10:21:00","11","11","122","Departed","Departed","","1"
"SYN-01202","2026-09-10 10:12:00","2026-09-10","2026-09-10 12:10:00","2026-09-10","Green","High Demand","A04","2026-09-10 10:54:00","42","42","118","Departed","Departed","","1"
"SYN-01203","2026-09-10 10:23:00","2026-09-10","2026-09-10 14:02:00","2026-09-10","Green","High Demand","A04","2026-09-10 11:21:00","58","58","219","Departed","Departed","","1"
"SYN-01204","2026-09-10 10:26:00","2026-09-10","2026-09-10 16:28:00","2026-09-10","Green","High Demand","A04","2026-09-10 11:05:00","39","39","362","Departed","Departed","","1"
"SYN-01205","2026-09-10 10:29:00","2026-09-10","2026-09-10 15:10:00","2026-09-10","Yellow","High Demand","A05","2026-09-10 11:41:00","72","72","281","Departed","Departed","","1"
"SYN-01206","2026-09-10 10:32:00","2026-09-10","2026-09-10 12:58:00","2026-09-10","Yellow","High Demand","A05","2026-09-10 10:52:00","20","20","146","Departed","Departed","","1"
"SYN-01207","2026-09-10 10:42:00","2026-09-10","2026-09-10 13:59:00","2026-09-10","Green","High Demand","A04","2026-09-10 11:06:00","24","24","197","Departed","Departed","","1"
"SYN-01208","2026-09-10 10:50:00","2026-09-10","2026-09-10 13:41:00","2026-09-10","Yellow","High Demand","A04","2026-09-10 11:19:00","29","29","171","Departed","Departed","","1"
"SYN-01209","2026-09-10 11:02:00","2026-09-10","2026-09-10 13:57:00","2026-09-10","Green","High Demand","A04","2026-09-10 11:42:00","40","40","175","Departed","Departed","","1"
"SYN-01210","2026-09-10 11:03:00","2026-09-10","2026-09-10 14:42:00","2026-09-10","Green","High Demand","A05","2026-09-10 11:35:00","32","32","219","Departed","Departed","","1"
"SYN-01211","2026-09-10 11:04:00","2026-09-10","2026-09-10 14:52:00","2026-09-10","Yellow","High Demand","A04","2026-09-10 11:57:00","53","53","228","Departed","Departed","","1"
"SYN-01212","2026-09-10 11:21:00","2026-09-10","2026-09-10 17:09:00","2026-09-10","Green","High Demand","A04","2026-09-10 12:13:00","52","52","348","Departed","Departed","","1"
"SYN-01213","2026-09-10 11:41:00","2026-09-10","2026-09-10 14:27:00","2026-09-10","Orange","High Demand","A05","2026-09-10 12:00:00","19","19","166","Departed","Departed","","1"
"SYN-01214","2026-09-10 11:52:00","2026-09-10","2026-09-10 13:33:00","2026-09-10","Orange","High Demand","A04","2026-09-10 12:10:00","18","18","101","Departed","Departed","","1"
"SYN-01215","2026-09-10 11:54:00","2026-09-10","2026-09-10 15:55:00","2026-09-10","Yellow","High Demand","A04","2026-09-10 12:37:00","43","43","241","Departed","Departed","","1"
"SYN-01216","2026-09-10 12:01:00","2026-09-10","2026-09-10 14:58:00","2026-09-10","Green","High Demand","A05","2026-09-10 12:45:00","44","44","177","Departed","Departed","","1"
"SYN-01217","2026-09-10 12:02:00","2026-09-10","2026-09-10 17:20:00","2026-09-10","Red","High Demand","A03","2026-09-10 12:04:00","2","2","318","Departed","Departed","","1"
"SYN-01218","2026-09-10 12:10:00","2026-09-10","2026-09-10 14:36:00","2026-09-10","Blue","High Demand","A05","2026-09-10 12:49:00","39","39","146","Departed","Departed","","1"
"SYN-01219","2026-09-10 12:19:00","2026-09-10","2026-09-10 17:42:00","2026-09-10","Yellow","High Demand","A04","2026-09-10 13:02:00","43","43","323","Departed","Departed","","1"
"SYN-01220","2026-09-10 12:24:00","2026-09-10","2026-09-10 15:46:00","2026-09-10","Orange","High Demand","A05","2026-09-10 12:45:00","21","21","202","Departed","Departed","","1"
"SYN-01221","2026-09-10 12:39:00","2026-09-10","2026-09-10 19:51:00","2026-09-10","Yellow","High Demand","A04","2026-09-10 13:54:00","75","75","432","Departed","Departed","","1"
"SYN-01222","2026-09-10 12:42:00","2026-09-10","2026-09-10 20:25:00","2026-09-10","Yellow","High Demand","A05","2026-09-10 13:35:00","53","53","463","Departed","Departed","","1"
"SYN-01223","2026-09-10 12:49:00","2026-09-10","2026-09-10 16:16:00","2026-09-10","Yellow","High Demand","A04","2026-09-10 13:49:00","60","60","207","Departed","Departed","","1"
"SYN-01224","2026-09-10 12:56:00","2026-09-10","2026-09-10 16:55:00","2026-09-10","Yellow","High Demand","A04","2026-09-10 14:05:00","69","69","239","Departed","Departed","","1"
"SYN-01225","2026-09-10 13:06:00","2026-09-10","2026-09-10 14:36:00","2026-09-10","Orange","High Demand","A04","2026-09-10 13:21:00","15","15","90","Departed","Departed","","1"
"SYN-01226","2026-09-10 13:14:00","2026-09-10","2026-09-10 16:29:00","2026-09-10","Orange","High Demand","A04","2026-09-10 13:30:00","16","16","195","Departed","Departed","","1"
"SYN-01227","2026-09-10 13:22:00","2026-09-10","2026-09-10 22:17:00","2026-09-10","Green","High Demand","A05","2026-09-10 14:05:00","43","43","535","Departed","Departed","","1"
"SYN-01228","2026-09-10 13:23:00","2026-09-10","2026-09-10 18:47:00","2026-09-10","Yellow","High Demand","A05","2026-09-10 14:33:00","70","70","324","Departed","Departed","","1"
"SYN-01229","2026-09-10 13:24:00","2026-09-10","2026-09-10 15:45:00","2026-09-10","Yellow","High Demand","A04","2026-09-10 14:24:00","60","60","141","Departed","Departed","","1"
"SYN-01230","2026-09-10 13:31:00","2026-09-10","2026-09-10 16:57:00","2026-09-10","Green","High Demand","A04","2026-09-10 14:30:00","59","59","206","Departed","Departed","","1"
"SYN-01231","2026-09-10 13:34:00","2026-09-10","2026-09-10 17:24:00","2026-09-10","Green","High Demand","A04","2026-09-10 14:23:00","49","49","230","Departed","Departed","","1"
"SYN-01232","2026-09-10 13:51:00","2026-09-10","2026-09-10 16:22:00","2026-09-10","Orange","High Demand","A04","2026-09-10 14:09:00","18","18","151","Departed","Departed","","1"
"SYN-01233","2026-09-10 13:55:00","2026-09-10","2026-09-10 21:40:00","2026-09-10","Orange","High Demand","A04","2026-09-10 14:12:00","17","17","465","Departed","Departed","","1"
"SYN-01234","2026-09-10 14:11:00","2026-09-10","2026-09-10 20:02:00","2026-09-10","Yellow","High Demand","A04","2026-09-10 15:15:00","64","64","351","Departed","Departed","","1"
"SYN-01235","2026-09-10 14:25:00","2026-09-10","2026-09-10 21:22:00","2026-09-10","Blue","High Demand","A04","2026-09-10 15:14:00","49","49","417","Departed","Departed","","1"
"SYN-01236","2026-09-10 14:30:00","2026-09-10","2026-09-10 22:42:00","2026-09-10","Green","High Demand","A04","2026-09-10 15:35:00","65","65","492","Departed","Departed","","1"
"SYN-01237","2026-09-10 14:39:00","2026-09-10","2026-09-10 18:49:00","2026-09-10","Green","High Demand","A04","2026-09-10 15:27:00","48","48","250","Departed","Departed","","1"
"SYN-01238","2026-09-10 14:39:00","2026-09-10","2026-09-10 18:11:00","2026-09-10","Orange","High Demand","A04","2026-09-10 14:54:00","15","15","212","Departed","Departed","","1"
"SYN-01239","2026-09-10 14:42:00","2026-09-10","2026-09-10 17:00:00","2026-09-10","Orange","High Demand","A04","2026-09-10 15:03:00","21","21","138","Departed","Departed","","1"
"SYN-01240","2026-09-10 14:54:00","2026-09-10","2026-09-10 19:31:00","2026-09-10","Yellow","High Demand","A05","2026-09-10 15:58:00","64","64","277","Departed","Departed","","1"
"SYN-01241","2026-09-10 15:05:00","2026-09-10","2026-09-10 18:08:00","2026-09-10","Yellow","High Demand","A04","2026-09-10 15:37:00","32","32","183","Departed","Departed","","1"
"SYN-01242","2026-09-10 15:22:00","2026-09-10","2026-09-10 18:56:00","2026-09-10","Yellow","High Demand","A04","2026-09-10 15:45:00","23","23","214","Departed","Departed","","1"
"SYN-01243","2026-09-10 15:23:00","2026-09-10","2026-09-10 19:49:00","2026-09-10","Yellow","High Demand","A05","2026-09-10 16:33:00","70","70","266","Departed","Departed","","1"
"SYN-01244","2026-09-10 15:31:00","2026-09-10","2026-09-10 19:25:00","2026-09-10","Yellow","High Demand","A04","2026-09-10 16:10:00","39","39","234","Departed","Departed","","1"
"SYN-01245","2026-09-10 15:38:00","2026-09-10","2026-09-11 00:11:00","2026-09-11","Yellow","High Demand","A04","2026-09-10 16:53:00","75","75","513","Departed","Departed","","1"
"SYN-01246","2026-09-10 15:38:00","2026-09-10","2026-09-10 21:14:00","2026-09-10","Yellow","High Demand","A05","2026-09-10 16:30:00","52","52","336","Departed","Departed","","1"
"SYN-01247","2026-09-10 15:44:00","2026-09-10","2026-09-10 18:22:00","2026-09-10","Green","High Demand","A04","2026-09-10 16:16:00","32","32","158","Departed","Departed","","1"
"SYN-01248","2026-09-10 15:58:00","2026-09-10","2026-09-10 22:15:00","2026-09-10","Blue","High Demand","A04","2026-09-10 16:22:00","24","24","377","Departed","Departed","","1"
"SYN-01249","2026-09-10 15:58:00","2026-09-10","2026-09-10 19:16:00","2026-09-10","Yellow","High Demand","A04","2026-09-10 16:41:00","43","43","198","Departed","Departed","","1"
"SYN-01250","2026-09-10 16:05:00","2026-09-10","2026-09-10 18:48:00","2026-09-10","Green","High Demand","A04","2026-09-10 16:39:00","34","34","163","Departed","Departed","","1"
"SYN-01251","2026-09-10 16:06:00","2026-09-10","2026-09-10 20:29:00","2026-09-10","Yellow","High Demand","A04","2026-09-10 16:55:00","49","49","263","Departed","Departed","","1"
"SYN-01252","2026-09-10 16:13:00","2026-09-10","2026-09-10 20:58:00","2026-09-10","Yellow","High Demand","A04","2026-09-10 17:23:00","70","70","285","Departed","Departed","","1"
"SYN-01253","2026-09-10 16:20:00","2026-09-10","2026-09-10 20:33:00","2026-09-10","Blue","High Demand","A04","2026-09-10 17:00:00","40","40","253","Departed","Departed","","1"
"SYN-01254","2026-09-10 16:23:00","2026-09-10","2026-09-10 19:53:00","2026-09-10","Green","High Demand","A05","2026-09-10 17:05:00","42","42","210","Departed","Departed","","1"
"SYN-01255","2026-09-10 16:34:00","2026-09-10","2026-09-10 19:43:00","2026-09-10","Yellow","High Demand","A04","2026-09-10 17:18:00","44","44","189","Departed","Departed","","1"
"SYN-01256","2026-09-10 16:57:00","2026-09-10","2026-09-10 18:59:00","2026-09-10","Yellow","High Demand","A04","2026-09-10 17:37:00","40","40","122","Departed","Departed","","1"
"SYN-01257","2026-09-10 17:04:00","2026-09-10","2026-09-10 21:01:00","2026-09-10","Yellow","High Demand","A04","2026-09-10 17:40:00","36","36","237","Departed","Departed","","1"
"SYN-01258","2026-09-10 17:09:00","2026-09-10","2026-09-10 20:31:00","2026-09-10","Green","High Demand","A04","2026-09-10 17:41:00","32","32","202","Departed","Departed","","1"
"SYN-01259","2026-09-10 17:15:00","2026-09-10","2026-09-11 01:22:00","2026-09-11","Green","High Demand","A05","2026-09-10 18:16:00","61","61","487","Departed","Departed","","1"
"SYN-01260","2026-09-10 17:25:00","2026-09-10","2026-09-10 23:50:00","2026-09-10","Red","High Demand","A03","2026-09-10 17:27:00","2","2","385","Departed","Departed","","1"
"SYN-01261","2026-09-10 17:27:00","2026-09-10","2026-09-10 21:48:00","2026-09-10","Yellow","High Demand","A04","2026-09-10 18:08:00","41","41","261","Departed","Departed","","1"
"SYN-01262","2026-09-10 17:31:00","2026-09-10","2026-09-10 21:58:00","2026-09-10","Orange","High Demand","A04","2026-09-10 18:08:00","37","37","267","Departed","Departed","","1"
"SYN-01263","2026-09-10 17:33:00","2026-09-10","2026-09-10 21:05:00","2026-09-10","Yellow","High Demand","A04","2026-09-10 18:22:00","49","49","212","Departed","Departed","","1"
"SYN-01264","2026-09-10 17:37:00","2026-09-10","2026-09-11 01:44:00","2026-09-11","Blue","High Demand","A04","2026-09-10 18:15:00","38","38","487","Departed","Departed","","1"
"SYN-01265","2026-09-10 18:02:00","2026-09-10","2026-09-10 21:14:00","2026-09-10","Blue","High Demand","A05","2026-09-10 18:43:00","41","41","192","Departed","Departed","","1"
"SYN-01266","2026-09-10 18:10:00","2026-09-10","2026-09-10 20:15:00","2026-09-10","Yellow","High Demand","A04","2026-09-10 18:45:00","35","35","125","Departed","Departed","","1"
"SYN-01267","2026-09-10 18:27:00","2026-09-10","2026-09-10 22:52:00","2026-09-10","Yellow","High Demand","A04","2026-09-10 19:20:00","53","53","265","Departed","Departed","","1"
"SYN-01268","2026-09-10 18:30:00","2026-09-10","2026-09-10 20:49:00","2026-09-10","Orange","High Demand","A04","2026-09-10 18:52:00","22","22","139","Departed","Departed","","1"
"SYN-01269","2026-09-10 18:37:00","2026-09-10","2026-09-10 23:34:00","2026-09-10","Blue","High Demand","A04","2026-09-10 19:15:00","38","38","297","Departed","Departed","","1"
"SYN-01270","2026-09-10 18:37:00","2026-09-10","2026-09-10 20:36:00","2026-09-10","Yellow","High Demand","A05","2026-09-10 18:58:00","21","21","119","Departed","Departed","","1"
"SYN-01271","2026-09-10 18:42:00","2026-09-10","2026-09-10 21:07:00","2026-09-10","Yellow","High Demand","A04","2026-09-10 19:42:00","60","60","145","Departed","Departed","","1"
"SYN-01272","2026-09-10 19:10:00","2026-09-10","2026-09-10 21:57:00","2026-09-10","Green","High Demand","A04","2026-09-10 20:15:00","65","65","167","Departed","Departed","","1"
"SYN-01273","2026-09-10 19:18:00","2026-09-10","2026-09-11 03:22:00","2026-09-11","Yellow","High Demand","A04","2026-09-10 20:24:00","66","66","484","Departed","Departed","","1"
"SYN-01274","2026-09-10 19:19:00","2026-09-10","2026-09-10 21:59:00","2026-09-10","Blue","High Demand","A04","2026-09-10 20:13:00","54","54","160","Departed","Departed","","1"
"SYN-01275","2026-09-10 19:26:00","2026-09-10","2026-09-10 22:41:00","2026-09-10","Green","High Demand","A05","2026-09-10 20:19:00","53","53","195","Departed","Departed","","1"
"SYN-01276","2026-09-10 19:54:00","2026-09-10","2026-09-10 21:47:00","2026-09-10","Orange","High Demand","A04","2026-09-10 20:16:00","22","22","113","Departed","Departed","","1"
"SYN-01277","2026-09-10 19:55:00","2026-09-10","2026-09-10 23:48:00","2026-09-10","Orange","High Demand","A04","2026-09-10 20:15:00","20","20","233","Departed","Departed","","1"
"SYN-01278","2026-09-10 19:58:00","2026-09-10","2026-09-10 23:32:00","2026-09-10","Green","High Demand","A04","2026-09-10 21:08:00","70","70","214","Departed","Departed","","1"
"SYN-01279","2026-09-10 20:05:00","2026-09-10","2026-09-10 23:56:00","2026-09-10","Blue","High Demand","A04","2026-09-10 21:14:00","69","69","231","Departed","Departed","","1"
"SYN-01280","2026-09-10 20:09:00","2026-09-10","2026-09-10 23:58:00","2026-09-10","Green","High Demand","A05","2026-09-10 20:55:00","46","46","229","Departed","Departed","","1"
"SYN-01281","2026-09-10 20:17:00","2026-09-10","2026-09-11 03:16:00","2026-09-11","Blue","High Demand","A04","2026-09-10 20:43:00","26","26","419","Departed","Departed","","1"
"SYN-01282","2026-09-10 20:22:00","2026-09-10","2026-09-10 22:22:00","2026-09-10","Blue","High Demand","A05","2026-09-10 20:57:00","35","35","120","Departed","Departed","","1"
"SYN-01283","2026-09-10 20:32:00","2026-09-10","2026-09-10 23:46:00","2026-09-10","Orange","High Demand","A05","2026-09-10 20:51:00","19","19","194","Departed","Departed","","1"
"SYN-01284","2026-09-10 20:36:00","2026-09-10","2026-09-10 23:40:00","2026-09-10","Green","High Demand","A04","2026-09-10 21:38:00","62","62","184","Departed","Departed","","1"
"SYN-01285","2026-09-10 20:59:00","2026-09-10","2026-09-11 01:17:00","2026-09-11","Blue","High Demand","A04","2026-09-10 21:48:00","49","49","258","Departed","Departed","","1"
"SYN-01286","2026-09-10 21:34:00","2026-09-10","2026-09-11 01:27:00","2026-09-11","Blue","High Demand","A04","2026-09-10 22:23:00","49","49","233","Departed","Departed","","1"
"SYN-01287","2026-09-10 21:39:00","2026-09-10","2026-09-10 23:40:00","2026-09-10","Yellow","High Demand","A05","2026-09-10 22:14:00","35","35","121","Departed","Departed","","1"
"SYN-01288","2026-09-10 21:40:00","2026-09-10","2026-09-11 01:19:00","2026-09-11","Green","High Demand","A04","2026-09-10 22:03:00","23","23","219","Departed","Departed","","1"
"SYN-01289","2026-09-10 21:44:00","2026-09-10","2026-09-11 01:00:00","2026-09-11","Green","High Demand","A04","2026-09-10 22:57:00","73","73","196","Departed","Departed","","1"
"SYN-01290","2026-09-10 21:47:00","2026-09-10","2026-09-11 02:02:00","2026-09-11","Green","High Demand","A04","2026-09-10 22:21:00","34","34","255","Departed","Departed","","1"
"SYN-01291","2026-09-10 21:51:00","2026-09-10","2026-09-11 02:34:00","2026-09-11","Yellow","High Demand","A04","2026-09-10 22:35:00","44","44","283","Departed","Departed","","1"
"SYN-01292","2026-09-10 21:57:00","2026-09-10","2026-09-11 01:56:00","2026-09-11","Green","High Demand","A04","2026-09-10 22:55:00","58","58","239","Departed","Departed","","1"
"SYN-01293","2026-09-10 22:02:00","2026-09-10","2026-09-11 04:11:00","2026-09-11","Green","Normal Operations","A04","2026-09-10 22:34:00","32","32","369","Departed","Departed","","1"
"SYN-01294","2026-09-10 22:07:00","2026-09-10","2026-09-11 00:07:00","2026-09-11","Blue","Normal Operations","A04","2026-09-10 22:23:00","16","16","120","Departed","Departed","","1"
"SYN-01295","2026-09-10 22:20:00","2026-09-10","2026-09-11 01:14:00","2026-09-11","Yellow","Normal Operations","A05","2026-09-10 22:56:00","36","36","174","Departed","Departed","","1"
"SYN-01296","2026-09-10 22:24:00","2026-09-10","2026-09-11 00:49:00","2026-09-11","Yellow","Normal Operations","A04","2026-09-10 22:47:00","23","23","145","Departed","Departed","","1"
"SYN-01297","2026-09-10 22:31:00","2026-09-10","2026-09-11 01:00:00","2026-09-11","Yellow","Normal Operations","A04","2026-09-10 23:04:00","33","33","149","Departed","Departed","","1"
"SYN-01298","2026-09-10 23:06:00","2026-09-10","2026-09-11 00:40:00","2026-09-11","Red","Normal Operations","A03","2026-09-10 23:08:00","2","2","94","Departed","Departed","","1"
"SYN-01299","2026-09-10 23:08:00","2026-09-10","2026-09-11 04:04:00","2026-09-11","Yellow","Normal Operations","A04","2026-09-10 23:43:00","35","35","296","Departed","Departed","","1"
"SYN-01300","2026-09-10 23:21:00","2026-09-10","2026-09-11 01:39:00","2026-09-11","Yellow","Normal Operations","A04","2026-09-10 23:48:00","27","27","138","Departed","Departed","","1"
"SYN-01301","2026-09-10 23:27:00","2026-09-10","2026-09-11 01:24:00","2026-09-11","Green","Normal Operations","A04","2026-09-10 23:52:00","25","25","117","Departed","Departed","","1"
"SYN-01302","2026-09-10 23:30:00","2026-09-10","2026-09-11 02:08:00","2026-09-11","Green","Normal Operations","A04","2026-09-10 23:55:00","25","25","158","Departed","Departed","","1"
"SYN-01303","2026-09-10 23:36:00","2026-09-10","2026-09-11 02:29:00","2026-09-11","Green","Normal Operations","A04","2026-09-10 23:53:00","17","17","173","Departed","Departed","","1"
"SYN-01304","2026-09-11 00:40:00","2026-09-11","2026-09-11 02:54:00","2026-09-11","Yellow","Normal Operations","A04","2026-09-11 01:02:00","22","22","134","Departed","Departed","","1"
"SYN-01305","2026-09-11 01:26:00","2026-09-11","2026-09-11 04:38:00","2026-09-11","Yellow","Normal Operations","A04","2026-09-11 02:00:00","34","34","192","Departed","Departed","","1"
"SYN-01306","2026-09-11 02:03:00","2026-09-11","2026-09-11 04:01:00","2026-09-11","Green","Normal Operations","A04","2026-09-11 02:41:00","38","38","118","Departed","Departed","","1"
"SYN-01307","2026-09-11 02:55:00","2026-09-11","2026-09-11 04:53:00","2026-09-11","Yellow","Normal Operations","A05","2026-09-11 03:11:00","16","16","118","Departed","Departed","","1"
"SYN-01308","2026-09-11 03:25:00","2026-09-11","2026-09-11 05:18:00","2026-09-11","Green","Normal Operations","A05","2026-09-11 03:51:00","26","26","113","Departed","Departed","","1"
"SYN-01309","2026-09-11 04:27:00","2026-09-11","2026-09-11 08:41:00","2026-09-11","Green","Normal Operations","A04","2026-09-11 04:56:00","29","29","254","Departed","Departed","","1"
"SYN-01310","2026-09-11 05:07:00","2026-09-11","2026-09-11 07:24:00","2026-09-11","Yellow","Normal Operations","A04","2026-09-11 05:44:00","37","37","137","Departed","Departed","","1"
"SYN-01311","2026-09-11 05:16:00","2026-09-11","2026-09-11 10:48:00","2026-09-11","Green","Normal Operations","A04","2026-09-11 05:43:00","27","27","332","Departed","Departed","","1"
"SYN-01312","2026-09-11 05:22:00","2026-09-11","2026-09-11 09:34:00","2026-09-11","Green","Normal Operations","A04","2026-09-11 05:53:00","31","31","252","Departed","Departed","","1"
"SYN-01313","2026-09-11 06:26:00","2026-09-11","2026-09-11 08:34:00","2026-09-11","Green","Normal Operations","A04","2026-09-11 06:46:00","20","20","128","Departed","Departed","","1"
"SYN-01314","2026-09-11 06:44:00","2026-09-11","2026-09-11 09:24:00","2026-09-11","Green","Normal Operations","A05","2026-09-11 07:10:00","26","26","160","Departed","Departed","","1"
"SYN-01315","2026-09-11 06:52:00","2026-09-11","2026-09-11 09:08:00","2026-09-11","Green","Normal Operations","A04","2026-09-11 07:27:00","35","35","136","Departed","Departed","","1"
"SYN-01316","2026-09-11 07:33:00","2026-09-11","2026-09-11 10:30:00","2026-09-11","Green","Normal Operations","A04","2026-09-11 08:00:00","27","27","177","Departed","Departed","","1"
"SYN-01317","2026-09-11 07:42:00","2026-09-11","2026-09-11 11:16:00","2026-09-11","Blue","Normal Operations","A04","2026-09-11 08:13:00","31","31","214","Departed","Departed","","1"
"SYN-01318","2026-09-11 07:53:00","2026-09-11","2026-09-11 10:59:00","2026-09-11","Yellow","Normal Operations","A04","2026-09-11 08:23:00","30","30","186","Departed","Departed","","1"
"SYN-01319","2026-09-11 08:05:00","2026-09-11","2026-09-11 10:00:00","2026-09-11","Yellow","Normal Operations","A05","2026-09-11 08:34:00","29","29","115","Departed","Departed","","1"
"SYN-01320","2026-09-11 08:18:00","2026-09-11","2026-09-11 10:13:00","2026-09-11","Yellow","Normal Operations","A04","2026-09-11 08:43:00","25","25","115","Departed","Departed","","1"
"SYN-01321","2026-09-11 08:45:00","2026-09-11","2026-09-11 10:49:00","2026-09-11","Blue","Normal Operations","A04","2026-09-11 09:17:00","32","32","124","Departed","Departed","","1"
"SYN-01322","2026-09-11 08:58:00","2026-09-11","2026-09-11 10:46:00","2026-09-11","Green","Normal Operations","A05","2026-09-11 09:31:00","33","33","108","Departed","Departed","","1"
"SYN-01323","2026-09-11 09:06:00","2026-09-11","2026-09-11 13:14:00","2026-09-11","Yellow","Normal Operations","A04","2026-09-11 09:42:00","36","36","248","Departed","Departed","","1"
"SYN-01324","2026-09-11 09:21:00","2026-09-11","2026-09-11 12:24:00","2026-09-11","Green","Normal Operations","A04","2026-09-11 09:53:00","32","32","183","Departed","Departed","","1"
"SYN-01325","2026-09-11 09:29:00","2026-09-11","2026-09-11 11:52:00","2026-09-11","Orange","Normal Operations","A04","2026-09-11 09:43:00","14","14","143","Departed","Departed","","1"
"SYN-01326","2026-09-11 09:29:00","2026-09-11","2026-09-11 12:40:00","2026-09-11","Green","Normal Operations","A04","2026-09-11 10:09:00","40","40","191","Departed","Departed","","1"
"SYN-01327","2026-09-11 09:52:00","2026-09-11","2026-09-11 12:33:00","2026-09-11","Green","Normal Operations","A04","2026-09-11 10:10:00","18","18","161","Departed","Departed","","1"
"SYN-01328","2026-09-11 09:59:00","2026-09-11","2026-09-11 12:27:00","2026-09-11","Yellow","Normal Operations","A04","2026-09-11 10:28:00","29","29","148","Departed","Departed","","1"
"SYN-01329","2026-09-11 10:01:00","2026-09-11","2026-09-11 12:20:00","2026-09-11","Yellow","Normal Operations","A05","2026-09-11 10:37:00","36","36","139","Departed","Departed","","1"
"SYN-01330","2026-09-11 10:07:00","2026-09-11","2026-09-11 12:52:00","2026-09-11","Green","Normal Operations","A04","2026-09-11 10:21:00","14","14","165","Departed","Departed","","1"
"SYN-01331","2026-09-11 10:13:00","2026-09-11","2026-09-11 13:32:00","2026-09-11","Yellow","Normal Operations","A04","2026-09-11 10:33:00","20","20","199","Departed","Departed","","1"
"SYN-01332","2026-09-11 10:27:00","2026-09-11","2026-09-11 13:24:00","2026-09-11","Yellow","Normal Operations","A04","2026-09-11 10:51:00","24","24","177","Departed","Departed","","1"
"SYN-01333","2026-09-11 10:39:00","2026-09-11","2026-09-11 13:23:00","2026-09-11","Blue","Normal Operations","A04","2026-09-11 11:12:00","33","33","164","Departed","Departed","","1"
"SYN-01334","2026-09-11 11:02:00","2026-09-11","2026-09-11 13:33:00","2026-09-11","Green","Normal Operations","A04","2026-09-11 11:20:00","18","18","151","Departed","Departed","","1"
"SYN-01335","2026-09-11 11:03:00","2026-09-11","2026-09-11 13:44:00","2026-09-11","Yellow","Normal Operations","A04","2026-09-11 11:25:00","22","22","161","Departed","Departed","","1"
"SYN-01336","2026-09-11 11:29:00","2026-09-11","2026-09-11 13:28:00","2026-09-11","Green","Normal Operations","A04","2026-09-11 12:03:00","34","34","119","Departed","Departed","","1"
"SYN-01337","2026-09-11 11:59:00","2026-09-11","2026-09-11 14:34:00","2026-09-11","Red","Normal Operations","A03","2026-09-11 12:01:00","2","2","155","Departed","Departed","","1"
"SYN-01338","2026-09-11 12:02:00","2026-09-11","2026-09-11 15:18:00","2026-09-11","Green","Normal Operations","A04","2026-09-11 12:39:00","37","37","196","Departed","Departed","","1"
"SYN-01339","2026-09-11 12:17:00","2026-09-11","2026-09-11 14:18:00","2026-09-11","Yellow","Normal Operations","A04","2026-09-11 12:48:00","31","31","121","Departed","Departed","","1"
"SYN-01340","2026-09-11 12:24:00","2026-09-11","2026-09-11 14:48:00","2026-09-11","Yellow","Normal Operations","A04","2026-09-11 12:40:00","16","16","144","Departed","Departed","","1"
"SYN-01341","2026-09-11 12:55:00","2026-09-11","2026-09-11 14:25:00","2026-09-11","Red","Normal Operations","A03","2026-09-11 12:57:00","2","2","90","Departed","Departed","","1"
"SYN-01342","2026-09-11 13:14:00","2026-09-11","2026-09-11 14:59:00","2026-09-11","Yellow","Normal Operations","A04","2026-09-11 13:47:00","33","33","105","Departed","Departed","","1"
"SYN-01343","2026-09-11 13:28:00","2026-09-11","2026-09-11 16:22:00","2026-09-11","Green","Normal Operations","A04","2026-09-11 14:00:00","32","32","174","Departed","Departed","","1"
"SYN-01344","2026-09-11 13:34:00","2026-09-11","2026-09-11 15:55:00","2026-09-11","Orange","Normal Operations","A05","2026-09-11 13:45:00","11","11","141","Departed","Departed","","1"
"SYN-01345","2026-09-11 13:58:00","2026-09-11","2026-09-11 17:51:00","2026-09-11","Green","Normal Operations","A04","2026-09-11 14:25:00","27","27","233","Departed","Departed","","1"
"SYN-01346","2026-09-11 13:58:00","2026-09-11","2026-09-11 17:06:00","2026-09-11","Yellow","Normal Operations","A05","2026-09-11 14:22:00","24","24","188","Departed","Departed","","1"
"SYN-01347","2026-09-11 13:59:00","2026-09-11","2026-09-11 16:23:00","2026-09-11","Blue","Normal Operations","A04","2026-09-11 14:28:00","29","29","144","Departed","Departed","","1"
"SYN-01348","2026-09-11 14:02:00","2026-09-11","2026-09-11 19:03:00","2026-09-11","Green","Normal Operations","A04","2026-09-11 14:28:00","26","26","301","Departed","Departed","","1"
"SYN-01349","2026-09-11 14:02:00","2026-09-11","2026-09-11 16:43:00","2026-09-11","Yellow","Normal Operations","A04","2026-09-11 14:33:00","31","31","161","Departed","Departed","","1"
"SYN-01350","2026-09-11 14:13:00","2026-09-11","2026-09-11 16:33:00","2026-09-11","Yellow","Normal Operations","A04","2026-09-11 14:40:00","27","27","140","Departed","Departed","","1"
"SYN-01351","2026-09-11 14:24:00","2026-09-11","2026-09-11 16:09:00","2026-09-11","Yellow","Normal Operations","A04","2026-09-11 14:42:00","18","18","105","Departed","Departed","","1"
"SYN-01352","2026-09-11 14:31:00","2026-09-11","2026-09-11 18:13:00","2026-09-11","Yellow","Normal Operations","A05","2026-09-11 14:55:00","24","24","222","Departed","Departed","","1"
"SYN-01353","2026-09-11 14:41:00","2026-09-11","2026-09-11 16:16:00","2026-09-11","Blue","Normal Operations","A05","2026-09-11 15:01:00","20","20","95","Departed","Departed","","1"
"SYN-01354","2026-09-11 15:31:00","2026-09-11","2026-09-11 17:43:00","2026-09-11","Yellow","Normal Operations","A04","2026-09-11 15:52:00","21","21","132","Departed","Departed","","1"
"SYN-01355","2026-09-11 15:38:00","2026-09-11","2026-09-11 17:48:00","2026-09-11","Yellow","Normal Operations","A04","2026-09-11 16:00:00","22","22","130","Departed","Departed","","1"
"SYN-01356","2026-09-11 15:43:00","2026-09-11","2026-09-11 18:26:00","2026-09-11","Yellow","Normal Operations","A04","2026-09-11 16:17:00","34","34","163","Departed","Departed","","1"
"SYN-01357","2026-09-11 15:58:00","2026-09-11","2026-09-11 18:19:00","2026-09-11","Yellow","Normal Operations","A04","2026-09-11 16:11:00","13","13","141","Departed","Departed","","1"
"SYN-01358","2026-09-11 16:28:00","2026-09-11","2026-09-11 18:15:00","2026-09-11","Orange","Normal Operations","A04","2026-09-11 16:44:00","16","16","107","Departed","Departed","","1"
"SYN-01359","2026-09-11 16:32:00","2026-09-11","2026-09-11 19:42:00","2026-09-11","Green","Normal Operations","A04","2026-09-11 17:07:00","35","35","190","Departed","Departed","","1"
"SYN-01360","2026-09-11 16:34:00","2026-09-11","2026-09-11 19:22:00","2026-09-11","Yellow","Normal Operations","A04","2026-09-11 17:02:00","28","28","168","Departed","Departed","","1"
"SYN-01361","2026-09-11 16:34:00","2026-09-11","2026-09-11 18:57:00","2026-09-11","Yellow","Normal Operations","A04","2026-09-11 17:02:00","28","28","143","Departed","Departed","","1"
"SYN-01362","2026-09-11 16:40:00","2026-09-11","2026-09-11 18:16:00","2026-09-11","Orange","Normal Operations","A04","2026-09-11 16:57:00","17","17","96","Departed","Departed","","1"
"SYN-01363","2026-09-11 16:42:00","2026-09-11","2026-09-11 18:58:00","2026-09-11","Green","Normal Operations","A04","2026-09-11 17:05:00","23","23","136","Departed","Departed","","1"
"SYN-01364","2026-09-11 17:06:00","2026-09-11","2026-09-11 19:36:00","2026-09-11","Green","Normal Operations","A04","2026-09-11 17:37:00","31","31","150","Departed","Departed","","1"
"SYN-01365","2026-09-11 17:15:00","2026-09-11","2026-09-11 19:49:00","2026-09-11","Yellow","Normal Operations","A05","2026-09-11 17:42:00","27","27","154","Departed","Departed","","1"
"SYN-01366","2026-09-11 17:26:00","2026-09-11","2026-09-11 19:20:00","2026-09-11","Orange","Normal Operations","A04","2026-09-11 17:45:00","19","19","114","Departed","Departed","","1"
"SYN-01367","2026-09-11 17:40:00","2026-09-11","2026-09-11 19:41:00","2026-09-11","Green","Normal Operations","A04","2026-09-11 18:16:00","36","36","121","Departed","Departed","","1"
"SYN-01368","2026-09-11 18:06:00","2026-09-11","2026-09-11 20:25:00","2026-09-11","Orange","Normal Operations","A04","2026-09-11 18:25:00","19","19","139","Departed","Departed","","1"
"SYN-01369","2026-09-11 18:28:00","2026-09-11","2026-09-11 20:58:00","2026-09-11","Orange","Normal Operations","A05","2026-09-11 18:44:00","16","16","150","Departed","Departed","","1"
"SYN-01370","2026-09-11 18:55:00","2026-09-11","2026-09-11 22:56:00","2026-09-11","Yellow","Normal Operations","A05","2026-09-11 19:20:00","25","25","241","Departed","Departed","","1"
"SYN-01371","2026-09-11 19:14:00","2026-09-11","2026-09-11 23:59:00","2026-09-11","Blue","Normal Operations","A04","2026-09-11 19:34:00","20","20","285","Departed","Departed","","1"
"SYN-01372","2026-09-11 19:17:00","2026-09-11","2026-09-11 20:54:00","2026-09-11","Orange","Normal Operations","A04","2026-09-11 19:36:00","19","19","97","Departed","Departed","","1"
"SYN-01373","2026-09-11 19:37:00","2026-09-11","2026-09-11 21:08:00","2026-09-11","Yellow","Normal Operations","A04","2026-09-11 19:57:00","20","20","91","Departed","Departed","","1"
"SYN-01374","2026-09-11 19:48:00","2026-09-11","2026-09-11 23:49:00","2026-09-11","Orange","Normal Operations","A05","2026-09-11 20:06:00","18","18","241","Departed","Departed","","1"
"SYN-01375","2026-09-11 19:51:00","2026-09-11","2026-09-11 22:44:00","2026-09-11","Green","Normal Operations","A05","2026-09-11 20:25:00","34","34","173","Departed","Departed","","1"
"SYN-01376","2026-09-11 20:14:00","2026-09-11","2026-09-11 22:29:00","2026-09-11","Green","Normal Operations","A05","2026-09-11 20:39:00","25","25","135","Departed","Departed","","1"
"SYN-01377","2026-09-11 20:19:00","2026-09-11","2026-09-12 01:20:00","2026-09-12","Yellow","Normal Operations","A04","2026-09-11 20:54:00","35","35","301","Departed","Departed","","1"
"SYN-01378","2026-09-11 20:32:00","2026-09-11","2026-09-11 23:40:00","2026-09-11","Blue","Normal Operations","A04","2026-09-11 20:56:00","24","24","188","Departed","Departed","","1"
"SYN-01379","2026-09-11 20:38:00","2026-09-11","2026-09-11 22:23:00","2026-09-11","Green","Normal Operations","A04","2026-09-11 20:54:00","16","16","105","Departed","Departed","","1"
"SYN-01380","2026-09-11 20:42:00","2026-09-11","2026-09-11 22:57:00","2026-09-11","Red","Normal Operations","A03","2026-09-11 20:44:00","2","2","135","Departed","Departed","","1"
"SYN-01381","2026-09-11 20:46:00","2026-09-11","2026-09-11 23:47:00","2026-09-11","Yellow","Normal Operations","A04","2026-09-11 21:05:00","19","19","181","Departed","Departed","","1"
"SYN-01382","2026-09-11 21:02:00","2026-09-11","2026-09-11 23:03:00","2026-09-11","Green","Normal Operations","A05","2026-09-11 21:21:00","19","19","121","Departed","Departed","","1"
"SYN-01383","2026-09-11 21:03:00","2026-09-11","2026-09-11 23:38:00","2026-09-11","Green","Normal Operations","A04","2026-09-11 21:26:00","23","23","155","Departed","Departed","","1"
"SYN-01384","2026-09-11 21:09:00","2026-09-11","2026-09-11 23:11:00","2026-09-11","Green","Normal Operations","A04","2026-09-11 21:31:00","22","22","122","Departed","Departed","","1"
"SYN-01385","2026-09-11 21:14:00","2026-09-11","2026-09-11 23:46:00","2026-09-11","Green","Normal Operations","A05","2026-09-11 21:29:00","15","15","152","Departed","Departed","","1"
"SYN-01386","2026-09-11 21:27:00","2026-09-11","2026-09-11 23:35:00","2026-09-11","Blue","Normal Operations","A04","2026-09-11 21:54:00","27","27","128","Departed","Departed","","1"
"SYN-01387","2026-09-11 21:51:00","2026-09-11","2026-09-12 00:59:00","2026-09-12","Yellow","Normal Operations","A04","2026-09-11 22:25:00","34","34","188","Departed","Departed","","1"
"SYN-01388","2026-09-11 22:01:00","2026-09-11","2026-09-11 23:54:00","2026-09-11","Yellow","Normal Operations","A04","2026-09-11 22:36:00","35","35","113","Departed","Departed","","1"
"SYN-01389","2026-09-11 22:02:00","2026-09-11","2026-09-12 01:43:00","2026-09-12","Green","Normal Operations","A04","2026-09-11 22:25:00","23","23","221","Departed","Departed","","1"
"SYN-01390","2026-09-11 22:17:00","2026-09-11","2026-09-12 02:43:00","2026-09-12","Yellow","Normal Operations","A04","2026-09-11 22:42:00","25","25","266","Departed","Departed","","1"
"SYN-01391","2026-09-11 22:41:00","2026-09-11","2026-09-12 03:45:00","2026-09-12","Yellow","Normal Operations","A04","2026-09-11 23:11:00","30","30","304","Departed","Departed","","1"
"SYN-01392","2026-09-11 22:47:00","2026-09-11","2026-09-12 03:45:00","2026-09-12","Green","Normal Operations","A04","2026-09-11 23:23:00","36","36","298","Departed","Departed","","1"
"SYN-01393","2026-09-11 23:07:00","2026-09-11","2026-09-12 01:06:00","2026-09-12","Green","Normal Operations","A04","2026-09-11 23:34:00","27","27","119","Departed","Departed","","1"
"SYN-01394","2026-09-11 23:25:00","2026-09-11","2026-09-12 01:50:00","2026-09-12","Yellow","Normal Operations","A04","2026-09-11 23:59:00","34","34","145","Departed","Departed","","1"
"SYN-01395","2026-09-11 23:42:00","2026-09-11","2026-09-12 01:21:00","2026-09-12","Green","Normal Operations","A04","2026-09-12 00:01:00","19","19","99","Departed","Departed","","1"
"SYN-01396","2026-09-12 00:34:00","2026-09-12","2026-09-12 04:01:00","2026-09-12","Blue","Normal Operations","A04","2026-09-12 00:50:00","16","16","207","Departed","Departed","","1"
"SYN-01397","2026-09-12 01:31:00","2026-09-12","2026-09-12 03:35:00","2026-09-12","Green","Normal Operations","A05","2026-09-12 01:56:00","25","25","124","Departed","Departed","","1"
"SYN-01398","2026-09-12 01:56:00","2026-09-12","2026-09-12 06:14:00","2026-09-12","Orange","Normal Operations","A04","2026-09-12 02:17:00","21","21","258","Departed","Departed","","1"
"SYN-01399","2026-09-12 02:13:00","2026-09-12","2026-09-12 04:19:00","2026-09-12","Yellow","Normal Operations","A04","2026-09-12 02:35:00","22","22","126","Departed","Departed","","1"
"SYN-01400","2026-09-12 03:06:00","2026-09-12","2026-09-12 08:22:00","2026-09-12","Green","Normal Operations","A05","2026-09-12 03:31:00","25","25","316","Departed","Departed","","1"
"SYN-01401","2026-09-12 03:40:00","2026-09-12","2026-09-12 06:51:00","2026-09-12","Yellow","Normal Operations","A04","2026-09-12 04:02:00","22","22","191","Departed","Departed","","1"
"SYN-01402","2026-09-12 03:41:00","2026-09-12","2026-09-12 05:24:00","2026-09-12","Yellow","Normal Operations","A05","2026-09-12 04:03:00","22","22","103","Departed","Departed","","1"
"SYN-01403","2026-09-12 04:29:00","2026-09-12","2026-09-12 10:18:00","2026-09-12","Yellow","Normal Operations","A04","2026-09-12 05:01:00","32","32","349","Departed","Departed","","1"
"SYN-01404","2026-09-12 05:36:00","2026-09-12","2026-09-12 10:45:00","2026-09-12","Yellow","Normal Operations","A05","2026-09-12 06:15:00","39","39","309","Departed","Departed","","1"
"SYN-01405","2026-09-12 06:46:00","2026-09-12","2026-09-12 09:46:00","2026-09-12","Yellow","Normal Operations","A05","2026-09-12 07:15:00","29","29","180","Departed","Departed","","1"
"SYN-01406","2026-09-12 07:04:00","2026-09-12","2026-09-12 12:03:00","2026-09-12","Yellow","Normal Operations","A04","2026-09-12 07:37:00","33","33","299","Departed","Departed","","1"
"SYN-01407","2026-09-12 07:19:00","2026-09-12","2026-09-12 08:55:00","2026-09-12","Yellow","Normal Operations","A05","2026-09-12 07:40:00","21","21","96","Departed","Departed","","1"
"SYN-01408","2026-09-12 07:23:00","2026-09-12","2026-09-12 11:14:00","2026-09-12","Yellow","Normal Operations","A04","2026-09-12 08:02:00","39","39","231","Departed","Departed","","1"
"SYN-01409","2026-09-12 07:32:00","2026-09-12","2026-09-12 09:11:00","2026-09-12","Green","Normal Operations","A04","2026-09-12 07:57:00","25","25","99","Departed","Departed","","1"
"SYN-01410","2026-09-12 07:34:00","2026-09-12","2026-09-12 09:39:00","2026-09-12","Blue","Normal Operations","A04","2026-09-12 07:58:00","24","24","125","Departed","Departed","","1"
"SYN-01411","2026-09-12 07:50:00","2026-09-12","2026-09-12 10:07:00","2026-09-12","Yellow","Normal Operations","A05","2026-09-12 08:10:00","20","20","137","Departed","Departed","","1"
"SYN-01412","2026-09-12 08:07:00","2026-09-12","2026-09-12 10:39:00","2026-09-12","Blue","Normal Operations","A04","2026-09-12 08:43:00","36","36","152","Departed","Departed","","1"
"SYN-01413","2026-09-12 08:16:00","2026-09-12","2026-09-12 10:04:00","2026-09-12","Green","Normal Operations","A04","2026-09-12 08:46:00","30","30","108","Departed","Departed","","1"
"SYN-01414","2026-09-12 08:32:00","2026-09-12","2026-09-12 11:51:00","2026-09-12","Green","Normal Operations","A04","2026-09-12 09:07:00","35","35","199","Departed","Departed","","1"
"SYN-01415","2026-09-12 08:40:00","2026-09-12","2026-09-12 10:53:00","2026-09-12","Green","Normal Operations","A05","2026-09-12 09:05:00","25","25","133","Departed","Departed","","1"
"SYN-01416","2026-09-12 08:52:00","2026-09-12","2026-09-12 11:25:00","2026-09-12","Green","Normal Operations","A04","2026-09-12 09:08:00","16","16","153","Departed","Departed","","1"
"SYN-01417","2026-09-12 09:16:00","2026-09-12","2026-09-12 12:07:00","2026-09-12","Yellow","Normal Operations","A04","2026-09-12 09:43:00","27","27","171","Departed","Departed","","1"
"SYN-01418","2026-09-12 09:26:00","2026-09-12","2026-09-12 11:11:00","2026-09-12","Yellow","Normal Operations","A05","2026-09-12 09:44:00","18","18","105","Departed","Departed","","1"
"SYN-01419","2026-09-12 09:33:00","2026-09-12","2026-09-12 11:22:00","2026-09-12","Yellow","Normal Operations","A04","2026-09-12 09:57:00","24","24","109","Departed","Departed","","1"
"SYN-01420","2026-09-12 09:36:00","2026-09-12","2026-09-12 11:59:00","2026-09-12","Yellow","Normal Operations","A05","2026-09-12 10:06:00","30","30","143","Departed","Departed","","1"
"SYN-01421","2026-09-12 09:37:00","2026-09-12","2026-09-12 15:14:00","2026-09-12","Yellow","Normal Operations","A04","2026-09-12 10:01:00","24","24","337","Departed","Departed","","1"
"SYN-01422","2026-09-12 10:09:00","2026-09-12","2026-09-12 13:28:00","2026-09-12","Green","Normal Operations","A05","2026-09-12 10:46:00","37","37","199","Departed","Departed","","1"
"SYN-01423","2026-09-12 10:23:00","2026-09-12","2026-09-12 13:33:00","2026-09-12","Yellow","Normal Operations","A04","2026-09-12 10:52:00","29","29","190","Departed","Departed","","1"
"SYN-01424","2026-09-12 10:33:00","2026-09-12","2026-09-12 12:35:00","2026-09-12","Yellow","Normal Operations","A04","2026-09-12 10:57:00","24","24","122","Departed","Departed","","1"
"SYN-01425","2026-09-12 10:36:00","2026-09-12","2026-09-12 14:27:00","2026-09-12","Red","Normal Operations","A03","2026-09-12 10:38:00","2","2","231","Departed","Departed","","1"
"SYN-01426","2026-09-12 10:38:00","2026-09-12","2026-09-12 13:10:00","2026-09-12","Yellow","Normal Operations","A04","2026-09-12 11:02:00","24","24","152","Departed","Departed","","1"
"SYN-01427","2026-09-12 10:52:00","2026-09-12","2026-09-12 14:05:00","2026-09-12","Yellow","Normal Operations","A04","2026-09-12 11:28:00","36","36","193","Departed","Departed","","1"
"SYN-01428","2026-09-12 11:14:00","2026-09-12","2026-09-12 14:17:00","2026-09-12","Orange","Normal Operations","A04","2026-09-12 11:33:00","19","19","183","Departed","Departed","","1"
"SYN-01429","2026-09-12 11:47:00","2026-09-12","2026-09-12 16:16:00","2026-09-12","Yellow","Normal Operations","A04","2026-09-12 12:22:00","35","35","269","Departed","Departed","","1"
"SYN-01430","2026-09-12 11:52:00","2026-09-12","2026-09-12 16:03:00","2026-09-12","Green","Normal Operations","A04","2026-09-12 12:17:00","25","25","251","Departed","Departed","","1"
"SYN-01431","2026-09-12 12:05:00","2026-09-12","2026-09-12 13:50:00","2026-09-12","Yellow","Normal Operations","A05","2026-09-12 12:22:00","17","17","105","Departed","Departed","","1"
"SYN-01432","2026-09-12 12:19:00","2026-09-12","2026-09-12 14:28:00","2026-09-12","Blue","Normal Operations","A05","2026-09-12 12:35:00","16","16","129","Departed","Departed","","1"
"SYN-01433","2026-09-12 12:21:00","2026-09-12","2026-09-12 14:27:00","2026-09-12","Green","Normal Operations","A04","2026-09-12 12:38:00","17","17","126","Departed","Departed","","1"
"SYN-01434","2026-09-12 13:43:00","2026-09-12","2026-09-12 16:33:00","2026-09-12","Blue","Normal Operations","A04","2026-09-12 14:16:00","33","33","170","Departed","Departed","","1"
"SYN-01435","2026-09-12 13:54:00","2026-09-12","2026-09-12 16:03:00","2026-09-12","Green","Normal Operations","A04","2026-09-12 14:23:00","29","29","129","Departed","Departed","","1"
"SYN-01436","2026-09-12 13:56:00","2026-09-12","2026-09-12 15:40:00","2026-09-12","Yellow","Normal Operations","A04","2026-09-12 14:22:00","26","26","104","Departed","Departed","","1"
"SYN-01437","2026-09-12 14:11:00","2026-09-12","2026-09-12 18:26:00","2026-09-12","Yellow","Normal Operations","A04","2026-09-12 14:35:00","24","24","255","Departed","Departed","","1"
"SYN-01438","2026-09-12 14:21:00","2026-09-12","2026-09-12 17:05:00","2026-09-12","Orange","Normal Operations","A04","2026-09-12 14:38:00","17","17","164","Departed","Departed","","1"
"SYN-01439","2026-09-12 14:42:00","2026-09-12","2026-09-12 16:44:00","2026-09-12","Yellow","Normal Operations","A04","2026-09-12 15:14:00","32","32","122","Departed","Departed","","1"
"SYN-01440","2026-09-12 14:56:00","2026-09-12","2026-09-12 17:16:00","2026-09-12","Green","Normal Operations","A04","2026-09-12 15:23:00","27","27","140","Departed","Departed","","1"
"SYN-01441","2026-09-12 15:23:00","2026-09-12","2026-09-12 17:09:00","2026-09-12","Blue","Normal Operations","A04","2026-09-12 15:53:00","30","30","106","Departed","Departed","","1"
"SYN-01442","2026-09-12 15:43:00","2026-09-12","2026-09-12 18:38:00","2026-09-12","Orange","Normal Operations","A04","2026-09-12 16:04:00","21","21","175","Departed","Departed","","1"
"SYN-01443","2026-09-12 15:45:00","2026-09-12","2026-09-12 18:27:00","2026-09-12","Yellow","Normal Operations","A05","2026-09-12 16:20:00","35","35","162","Departed","Departed","","1"
"SYN-01444","2026-09-12 16:08:00","2026-09-12","2026-09-12 18:43:00","2026-09-12","Green","Normal Operations","A04","2026-09-12 16:39:00","31","31","155","Departed","Departed","","1"
"SYN-01445","2026-09-12 16:46:00","2026-09-12","2026-09-12 20:04:00","2026-09-12","Blue","Normal Operations","A05","2026-09-12 17:25:00","39","39","198","Departed","Departed","","1"
"SYN-01446","2026-09-12 16:49:00","2026-09-12","2026-09-12 19:26:00","2026-09-12","Red","Normal Operations","A03","2026-09-12 16:51:00","2","2","157","Departed","Departed","","1"
"SYN-01447","2026-09-12 17:09:00","2026-09-12","2026-09-12 18:56:00","2026-09-12","Blue","Normal Operations","A05","2026-09-12 17:42:00","33","33","107","Departed","Departed","","1"
"SYN-01448","2026-09-12 17:20:00","2026-09-12","2026-09-12 22:17:00","2026-09-12","Yellow","Normal Operations","A04","2026-09-12 17:54:00","34","34","297","Departed","Departed","","1"
"SYN-01449","2026-09-12 17:43:00","2026-09-12","2026-09-12 20:26:00","2026-09-12","Yellow","Normal Operations","A04","2026-09-12 18:19:00","36","36","163","Departed","Departed","","1"
"SYN-01450","2026-09-12 17:46:00","2026-09-12","2026-09-12 20:22:00","2026-09-12","Green","Normal Operations","A04","2026-09-12 18:16:00","30","30","156","Departed","Departed","","1"
"SYN-01451","2026-09-12 17:50:00","2026-09-12","2026-09-12 19:21:00","2026-09-12","Blue","Normal Operations","A04","2026-09-12 18:06:00","16","16","91","Departed","Departed","","1"
"SYN-01452","2026-09-12 18:02:00","2026-09-12","2026-09-12 20:38:00","2026-09-12","Blue","Normal Operations","A04","2026-09-12 18:34:00","32","32","156","Departed","Departed","","1"
"SYN-01453","2026-09-12 18:05:00","2026-09-12","2026-09-12 20:42:00","2026-09-12","Green","Normal Operations","A05","2026-09-12 18:21:00","16","16","157","Departed","Departed","","1"
"SYN-01454","2026-09-12 18:23:00","2026-09-12","2026-09-12 20:29:00","2026-09-12","Green","Normal Operations","A05","2026-09-12 18:49:00","26","26","126","Departed","Departed","","1"
"SYN-01455","2026-09-12 18:25:00","2026-09-12","2026-09-12 20:22:00","2026-09-12","Yellow","Normal Operations","A04","2026-09-12 18:55:00","30","30","117","Departed","Departed","","1"
"SYN-01456","2026-09-12 18:28:00","2026-09-12","2026-09-12 21:07:00","2026-09-12","Yellow","Normal Operations","A05","2026-09-12 18:58:00","30","30","159","Departed","Departed","","1"
"SYN-01457","2026-09-12 19:10:00","2026-09-12","2026-09-12 21:31:00","2026-09-12","Yellow","Normal Operations","A04","2026-09-12 19:38:00","28","28","141","Departed","Departed","","1"
"SYN-01458","2026-09-12 19:30:00","2026-09-12","2026-09-12 21:30:00","2026-09-12","Orange","Normal Operations","A04","2026-09-12 19:43:00","13","13","120","Departed","Departed","","1"
"SYN-01459","2026-09-12 19:36:00","2026-09-12","2026-09-12 21:34:00","2026-09-12","Yellow","Normal Operations","A04","2026-09-12 19:56:00","20","20","118","Departed","Departed","","1"
"SYN-01460","2026-09-12 19:44:00","2026-09-12","2026-09-13 00:27:00","2026-09-13","Orange","Normal Operations","A04","2026-09-12 19:59:00","15","15","283","Departed","Departed","","1"
"SYN-01461","2026-09-12 19:48:00","2026-09-12","2026-09-13 00:27:00","2026-09-13","Yellow","Normal Operations","A04","2026-09-12 20:09:00","21","21","279","Departed","Departed","","1"
"SYN-01462","2026-09-12 19:51:00","2026-09-12","2026-09-12 22:16:00","2026-09-12","Blue","Normal Operations","A05","2026-09-12 20:19:00","28","28","145","Departed","Departed","","1"
"SYN-01463","2026-09-12 20:01:00","2026-09-12","2026-09-12 21:52:00","2026-09-12","Green","Normal Operations","A05","2026-09-12 20:25:00","24","24","111","Departed","Departed","","1"
"SYN-01464","2026-09-12 20:07:00","2026-09-12","2026-09-12 21:47:00","2026-09-12","Orange","Normal Operations","A04","2026-09-12 20:20:00","13","13","100","Departed","Departed","","1"
"SYN-01465","2026-09-12 20:15:00","2026-09-12","2026-09-12 23:04:00","2026-09-12","Green","Normal Operations","A04","2026-09-12 20:33:00","18","18","169","Departed","Departed","","1"
"SYN-01466","2026-09-12 20:17:00","2026-09-12","2026-09-12 22:52:00","2026-09-12","Yellow","Normal Operations","A05","2026-09-12 20:54:00","37","37","155","Departed","Departed","","1"
"SYN-01467","2026-09-12 20:44:00","2026-09-12","2026-09-12 22:52:00","2026-09-12","Green","Normal Operations","A04","2026-09-12 21:02:00","18","18","128","Departed","Departed","","1"
"SYN-01468","2026-09-12 21:03:00","2026-09-12","2026-09-13 01:01:00","2026-09-13","Yellow","Normal Operations","A04","2026-09-12 21:39:00","36","36","238","Departed","Departed","","1"
"SYN-01469","2026-09-12 21:09:00","2026-09-12","2026-09-12 23:28:00","2026-09-12","Blue","Normal Operations","A04","2026-09-12 21:30:00","21","21","139","Departed","Departed","","1"
"SYN-01470","2026-09-12 21:43:00","2026-09-12","2026-09-13 00:50:00","2026-09-13","Yellow","Normal Operations","A04","2026-09-12 22:14:00","31","31","187","Departed","Departed","","1"
"SYN-01471","2026-09-12 21:49:00","2026-09-12","2026-09-13 01:51:00","2026-09-13","Orange","Normal Operations","A04","2026-09-12 22:05:00","16","16","242","Departed","Departed","","1"
"SYN-01472","2026-09-12 22:07:00","2026-09-12","2026-09-13 00:48:00","2026-09-13","Yellow","Normal Operations","A04","2026-09-12 22:35:00","28","28","161","Departed","Departed","","1"
"SYN-01473","2026-09-12 22:26:00","2026-09-12","2026-09-13 00:55:00","2026-09-13","Yellow","Normal Operations","A04","2026-09-12 22:48:00","22","22","149","Departed","Departed","","1"
"SYN-01474","2026-09-12 22:57:00","2026-09-12","2026-09-13 00:49:00","2026-09-13","Orange","Normal Operations","A05","2026-09-12 23:14:00","17","17","112","Departed","Departed","","1"
"SYN-01475","2026-09-12 23:14:00","2026-09-12","2026-09-13 02:23:00","2026-09-13","Yellow","Normal Operations","A05","2026-09-12 23:48:00","34","34","189","Departed","Departed","","1"
"SYN-01476","2026-09-12 23:41:00","2026-09-12","2026-09-13 01:54:00","2026-09-13","Green","Normal Operations","A04","2026-09-13 00:14:00","33","33","133","Departed","Departed","","1"
"SYN-01477","2026-09-12 23:42:00","2026-09-12","2026-09-13 02:35:00","2026-09-13","Blue","Normal Operations","A04","2026-09-13 00:10:00","28","28","173","Departed","Departed","","1"
"SYN-01478","2026-09-13 00:04:00","2026-09-13","2026-09-13 04:14:00","2026-09-13","Yellow","Normal Operations","A04","2026-09-13 00:38:00","34","34","250","Departed","Departed","","1"
"SYN-01479","2026-09-13 01:44:00","2026-09-13","2026-09-13 03:15:00","2026-09-13","Orange","Normal Operations","A04","2026-09-13 01:55:00","11","11","91","Departed","Departed","","1"
"SYN-01480","2026-09-13 02:37:00","2026-09-13","2026-09-13 04:42:00","2026-09-13","Blue","Normal Operations","A04","2026-09-13 02:58:00","21","21","125","Departed","Departed","","1"
"SYN-01481","2026-09-13 03:13:00","2026-09-13","2026-09-13 06:26:00","2026-09-13","Yellow","Normal Operations","A04","2026-09-13 03:32:00","19","19","193","Departed","Departed","","1"
"SYN-01482","2026-09-13 03:22:00","2026-09-13","2026-09-13 05:01:00","2026-09-13","Yellow","Normal Operations","A05","2026-09-13 03:48:00","26","26","99","Departed","Departed","","1"
"SYN-01483","2026-09-13 03:28:00","2026-09-13","2026-09-13 06:19:00","2026-09-13","Blue","Normal Operations","A05","2026-09-13 03:47:00","19","19","171","Departed","Departed","","1"
"SYN-01484","2026-09-13 04:14:00","2026-09-13","2026-09-13 07:58:00","2026-09-13","Green","Normal Operations","A05","2026-09-13 04:44:00","30","30","224","Departed","Departed","","1"
"SYN-01485","2026-09-13 04:31:00","2026-09-13","2026-09-13 07:26:00","2026-09-13","Yellow","Normal Operations","A05","2026-09-13 05:02:00","31","31","175","Departed","Departed","","1"
"SYN-01486","2026-09-13 04:36:00","2026-09-13","2026-09-13 07:34:00","2026-09-13","Orange","Normal Operations","A05","2026-09-13 04:59:00","23","23","178","Departed","Departed","","1"
"SYN-01487","2026-09-13 05:10:00","2026-09-13","2026-09-13 08:14:00","2026-09-13","Yellow","Normal Operations","A05","2026-09-13 05:46:00","36","36","184","Departed","Departed","","1"
"SYN-01488","2026-09-13 05:32:00","2026-09-13","2026-09-13 07:21:00","2026-09-13","Green","Normal Operations","A04","2026-09-13 05:54:00","22","22","109","Departed","Departed","","1"
"SYN-01489","2026-09-13 05:43:00","2026-09-13","2026-09-13 08:08:00","2026-09-13","Yellow","Normal Operations","A04","2026-09-13 06:01:00","18","18","145","Departed","Departed","","1"
"SYN-01490","2026-09-13 06:10:00","2026-09-13","2026-09-13 09:05:00","2026-09-13","Green","Normal Operations","A04","2026-09-13 06:31:00","21","21","175","Departed","Departed","","1"
"SYN-01491","2026-09-13 06:23:00","2026-09-13","2026-09-13 08:28:00","2026-09-13","Green","Normal Operations","A05","2026-09-13 06:47:00","24","24","125","Departed","Departed","","1"
"SYN-01492","2026-09-13 06:39:00","2026-09-13","2026-09-13 09:09:00","2026-09-13","Yellow","Normal Operations","A04","2026-09-13 07:04:00","25","25","150","Departed","Departed","","1"
"SYN-01493","2026-09-13 07:12:00","2026-09-13","2026-09-13 09:27:00","2026-09-13","Orange","Normal Operations","A05","2026-09-13 07:24:00","12","12","135","Departed","Departed","","1"
"SYN-01494","2026-09-13 07:19:00","2026-09-13","2026-09-13 12:27:00","2026-09-13","Orange","Normal Operations","A05","2026-09-13 07:38:00","19","19","308","Departed","Departed","","1"
"SYN-01495","2026-09-13 07:44:00","2026-09-13","2026-09-13 10:33:00","2026-09-13","Green","Normal Operations","A04","2026-09-13 08:07:00","23","23","169","Departed","Departed","","1"
"SYN-01496","2026-09-13 08:03:00","2026-09-13","2026-09-13 12:09:00","2026-09-13","Orange","Normal Operations","A04","2026-09-13 08:26:00","23","23","246","Departed","Departed","","1"
"SYN-01497","2026-09-13 08:08:00","2026-09-13","2026-09-13 09:41:00","2026-09-13","Yellow","Normal Operations","A04","2026-09-13 08:27:00","19","19","93","Departed","Departed","","1"
"SYN-01498","2026-09-13 08:34:00","2026-09-13","2026-09-13 11:25:00","2026-09-13","Orange","Normal Operations","A04","2026-09-13 08:49:00","15","15","171","Departed","Departed","","1"
"SYN-01499","2026-09-13 09:18:00","2026-09-13","2026-09-13 11:39:00","2026-09-13","Green","Normal Operations","A04","2026-09-13 09:36:00","18","18","141","Departed","Departed","","1"
"SYN-01500","2026-09-13 09:22:00","2026-09-13","2026-09-13 11:40:00","2026-09-13","Yellow","Normal Operations","A05","2026-09-13 09:48:00","26","26","138","Departed","Departed","","1"
"SYN-01501","2026-09-13 09:47:00","2026-09-13","2026-09-13 12:14:00","2026-09-13","Blue","Normal Operations","A05","2026-09-13 10:11:00","24","24","147","Departed","Departed","","1"
"SYN-01502","2026-09-13 09:57:00","2026-09-13","2026-09-13 12:56:00","2026-09-13","Yellow","Normal Operations","A04","2026-09-13 10:35:00","38","38","179","Departed","Departed","","1"
"SYN-01503","2026-09-13 09:57:00","2026-09-13","2026-09-13 13:59:00","2026-09-13","Green","Normal Operations","A04","2026-09-13 10:26:00","29","29","242","Departed","Departed","","1"
"SYN-01504","2026-09-13 10:05:00","2026-09-13","2026-09-13 14:48:00","2026-09-13","Yellow","Normal Operations","A05","2026-09-13 10:46:00","41","41","283","Departed","Departed","","1"
"SYN-01505","2026-09-13 10:28:00","2026-09-13","2026-09-13 12:03:00","2026-09-13","Yellow","Normal Operations","A04","2026-09-13 10:52:00","24","24","95","Departed","Departed","","1"
"SYN-01506","2026-09-13 10:44:00","2026-09-13","2026-09-13 13:17:00","2026-09-13","Green","Normal Operations","A04","2026-09-13 11:07:00","23","23","153","Departed","Departed","","1"
"SYN-01507","2026-09-13 10:46:00","2026-09-13","2026-09-13 13:14:00","2026-09-13","Yellow","Normal Operations","A04","2026-09-13 11:19:00","33","33","148","Departed","Departed","","1"
"SYN-01508","2026-09-13 11:06:00","2026-09-13","2026-09-13 14:10:00","2026-09-13","Yellow","Normal Operations","A04","2026-09-13 11:36:00","30","30","184","Departed","Departed","","1"
"SYN-01509","2026-09-13 11:26:00","2026-09-13","2026-09-13 13:16:00","2026-09-13","Green","Normal Operations","A04","2026-09-13 11:57:00","31","31","110","Departed","Departed","","1"
"SYN-01510","2026-09-13 11:32:00","2026-09-13","2026-09-13 14:40:00","2026-09-13","Green","Normal Operations","A04","2026-09-13 12:00:00","28","28","188","Departed","Departed","","1"
"SYN-01511","2026-09-13 11:34:00","2026-09-13","2026-09-13 14:45:00","2026-09-13","Yellow","Normal Operations","A04","2026-09-13 12:01:00","27","27","191","Departed","Departed","","1"
"SYN-01512","2026-09-13 11:44:00","2026-09-13","2026-09-13 14:45:00","2026-09-13","Yellow","Normal Operations","A04","2026-09-13 12:15:00","31","31","181","Departed","Departed","","1"
"SYN-01513","2026-09-13 11:46:00","2026-09-13","2026-09-13 14:46:00","2026-09-13","Yellow","Normal Operations","A04","2026-09-13 12:09:00","23","23","180","Departed","Departed","","1"
"SYN-01514","2026-09-13 12:15:00","2026-09-13","2026-09-13 14:41:00","2026-09-13","Yellow","Normal Operations","A05","2026-09-13 12:51:00","36","36","146","Departed","Departed","","1"
"SYN-01515","2026-09-13 12:33:00","2026-09-13","2026-09-13 18:05:00","2026-09-13","Yellow","Normal Operations","A04","2026-09-13 13:13:00","40","40","332","Departed","Departed","","1"
"SYN-01516","2026-09-13 12:48:00","2026-09-13","2026-09-13 15:27:00","2026-09-13","Yellow","Normal Operations","A05","2026-09-13 13:15:00","27","27","159","Departed","Departed","","1"
"SYN-01517","2026-09-13 12:51:00","2026-09-13","2026-09-13 15:57:00","2026-09-13","Yellow","Normal Operations","A05","2026-09-13 13:15:00","24","24","186","Departed","Departed","","1"
"SYN-01518","2026-09-13 13:05:00","2026-09-13","2026-09-13 14:49:00","2026-09-13","Blue","Normal Operations","A04","2026-09-13 13:39:00","34","34","104","Departed","Departed","","1"
"SYN-01519","2026-09-13 13:27:00","2026-09-13","2026-09-13 16:12:00","2026-09-13","Green","Normal Operations","A04","2026-09-13 13:43:00","16","16","165","Departed","Departed","","1"
"SYN-01520","2026-09-13 13:37:00","2026-09-13","2026-09-13 18:36:00","2026-09-13","Orange","Normal Operations","A04","2026-09-13 13:53:00","16","16","299","Departed","Departed","","1"
"SYN-01521","2026-09-13 14:43:00","2026-09-13","2026-09-13 18:44:00","2026-09-13","Yellow","Normal Operations","A05","2026-09-13 15:11:00","28","28","241","Departed","Departed","","1"
"SYN-01522","2026-09-13 14:46:00","2026-09-13","2026-09-13 17:07:00","2026-09-13","Yellow","Normal Operations","A04","2026-09-13 15:08:00","22","22","141","Departed","Departed","","1"
"SYN-01523","2026-09-13 14:58:00","2026-09-13","2026-09-13 17:55:00","2026-09-13","Orange","Normal Operations","A04","2026-09-13 15:11:00","13","13","177","Departed","Departed","","1"
"SYN-01524","2026-09-13 15:07:00","2026-09-13","2026-09-13 19:29:00","2026-09-13","Green","Normal Operations","A05","2026-09-13 15:24:00","17","17","262","Departed","Departed","","1"
"SYN-01525","2026-09-13 15:08:00","2026-09-13","2026-09-13 19:10:00","2026-09-13","Yellow","Normal Operations","A04","2026-09-13 15:36:00","28","28","242","Departed","Departed","","1"
"SYN-01526","2026-09-13 15:16:00","2026-09-13","2026-09-13 17:10:00","2026-09-13","Blue","Normal Operations","A04","2026-09-13 15:42:00","26","26","114","Departed","Departed","","1"
"SYN-01527","2026-09-13 15:28:00","2026-09-13","2026-09-13 18:58:00","2026-09-13","Green","Normal Operations","A05","2026-09-13 15:44:00","16","16","210","Departed","Departed","","1"
"SYN-01528","2026-09-13 15:34:00","2026-09-13","2026-09-13 18:26:00","2026-09-13","Orange","Normal Operations","A05","2026-09-13 15:49:00","15","15","172","Departed","Departed","","1"
"SYN-01529","2026-09-13 15:47:00","2026-09-13","2026-09-13 18:27:00","2026-09-13","Yellow","Normal Operations","A04","2026-09-13 16:05:00","18","18","160","Departed","Departed","","1"
"SYN-01530","2026-09-13 16:24:00","2026-09-13","2026-09-13 19:24:00","2026-09-13","Green","Normal Operations","A05","2026-09-13 17:03:00","39","39","180","Departed","Departed","","1"
"SYN-01531","2026-09-13 16:50:00","2026-09-13","2026-09-13 19:48:00","2026-09-13","Green","Normal Operations","A04","2026-09-13 17:25:00","35","35","178","Departed","Departed","","1"
"SYN-01532","2026-09-13 16:55:00","2026-09-13","2026-09-13 20:08:00","2026-09-13","Yellow","Normal Operations","A04","2026-09-13 17:29:00","34","34","193","Departed","Departed","","1"
"SYN-01533","2026-09-13 16:55:00","2026-09-13","2026-09-13 21:30:00","2026-09-13","Yellow","Normal Operations","A05","2026-09-13 17:32:00","37","37","275","Departed","Departed","","1"
"SYN-01534","2026-09-13 16:56:00","2026-09-13","2026-09-13 22:38:00","2026-09-13","Orange","Normal Operations","A04","2026-09-13 17:14:00","18","18","342","Departed","Departed","","1"
"SYN-01535","2026-09-13 16:57:00","2026-09-13","2026-09-13 18:53:00","2026-09-13","Green","Normal Operations","A05","2026-09-13 17:37:00","40","40","116","Departed","Departed","","1"
"SYN-01536","2026-09-13 17:04:00","2026-09-13","2026-09-13 19:53:00","2026-09-13","Orange","Normal Operations","A04","2026-09-13 17:19:00","15","15","169","Departed","Departed","","1"
"SYN-01537","2026-09-13 17:09:00","2026-09-13","2026-09-13 20:08:00","2026-09-13","Yellow","Normal Operations","A04","2026-09-13 17:38:00","29","29","179","Departed","Departed","","1"
"SYN-01538","2026-09-13 17:09:00","2026-09-13","2026-09-13 20:48:00","2026-09-13","Yellow","Normal Operations","A04","2026-09-13 17:32:00","23","23","219","Departed","Departed","","1"
"SYN-01539","2026-09-13 17:37:00","2026-09-13","2026-09-13 19:24:00","2026-09-13","Blue","Normal Operations","A04","2026-09-13 17:58:00","21","21","107","Departed","Departed","","1"
"SYN-01540","2026-09-13 18:23:00","2026-09-13","2026-09-13 22:53:00","2026-09-13","Yellow","Normal Operations","A05","2026-09-13 18:56:00","33","33","270","Departed","Departed","","1"
"SYN-01541","2026-09-13 18:25:00","2026-09-13","2026-09-13 20:47:00","2026-09-13","Orange","Normal Operations","A05","2026-09-13 18:36:00","11","11","142","Departed","Departed","","1"
"SYN-01542","2026-09-13 18:28:00","2026-09-13","2026-09-13 20:39:00","2026-09-13","Yellow","Normal Operations","A04","2026-09-13 19:03:00","35","35","131","Departed","Departed","","1"
"SYN-01543","2026-09-13 18:36:00","2026-09-13","2026-09-13 21:33:00","2026-09-13","Yellow","Normal Operations","A04","2026-09-13 18:56:00","20","20","177","Departed","Departed","","1"
"SYN-01544","2026-09-13 18:44:00","2026-09-13","2026-09-13 21:09:00","2026-09-13","Green","Normal Operations","A05","2026-09-13 19:08:00","24","24","145","Departed","Departed","","1"
"SYN-01545","2026-09-13 19:30:00","2026-09-13","2026-09-13 21:38:00","2026-09-13","Yellow","Normal Operations","A04","2026-09-13 19:55:00","25","25","128","Departed","Departed","","1"
"SYN-01546","2026-09-13 19:32:00","2026-09-13","2026-09-13 22:22:00","2026-09-13","Green","Normal Operations","A04","2026-09-13 19:50:00","18","18","170","Departed","Departed","","1"
"SYN-01547","2026-09-13 19:34:00","2026-09-13","2026-09-13 21:55:00","2026-09-13","Blue","Normal Operations","A04","2026-09-13 20:07:00","33","33","141","Departed","Departed","","1"
"SYN-01548","2026-09-13 19:46:00","2026-09-13","2026-09-13 21:43:00","2026-09-13","Orange","Normal Operations","A05","2026-09-13 20:04:00","18","18","117","Departed","Departed","","1"
"SYN-01549","2026-09-13 19:49:00","2026-09-13","2026-09-13 22:18:00","2026-09-13","Orange","Normal Operations","A04","2026-09-13 20:11:00","22","22","149","Departed","Departed","","1"
"SYN-01550","2026-09-13 20:12:00","2026-09-13","2026-09-13 22:07:00","2026-09-13","Yellow","Normal Operations","A05","2026-09-13 20:32:00","20","20","115","Departed","Departed","","1"
"SYN-01551","2026-09-13 20:26:00","2026-09-13","2026-09-13 22:07:00","2026-09-13","Yellow","Normal Operations","A05","2026-09-13 20:48:00","22","22","101","Departed","Departed","","1"
"SYN-01552","2026-09-13 20:26:00","2026-09-13","2026-09-13 21:58:00","2026-09-13","Yellow","Normal Operations","A04","2026-09-13 20:43:00","17","17","92","Departed","Departed","","1"
"SYN-01553","2026-09-13 20:29:00","2026-09-13","2026-09-13 22:21:00","2026-09-13","Green","Normal Operations","A04","2026-09-13 20:47:00","18","18","112","Departed","Departed","","1"
"SYN-01554","2026-09-13 20:36:00","2026-09-13","2026-09-13 23:08:00","2026-09-13","Yellow","Normal Operations","A04","2026-09-13 21:14:00","38","38","152","Departed","Departed","","1"
"SYN-01555","2026-09-13 21:10:00","2026-09-13","2026-09-13 23:03:00","2026-09-13","Yellow","Normal Operations","A04","2026-09-13 21:35:00","25","25","113","Departed","Departed","","1"
"SYN-01556","2026-09-13 21:11:00","2026-09-13","2026-09-13 23:25:00","2026-09-13","Green","Normal Operations","A04","2026-09-13 21:43:00","32","32","134","Departed","Departed","","1"
"SYN-01557","2026-09-13 21:18:00","2026-09-13","2026-09-13 23:36:00","2026-09-13","Green","Normal Operations","A05","2026-09-13 21:53:00","35","35","138","Departed","Departed","","1"
"SYN-01558","2026-09-13 21:42:00","2026-09-13","2026-09-13 23:23:00","2026-09-13","Green","Normal Operations","A04","2026-09-13 22:05:00","23","23","101","Departed","Departed","","1"
"SYN-01559","2026-09-13 21:45:00","2026-09-13","2026-09-14 01:58:00","2026-09-14","Orange","Normal Operations","A04","2026-09-13 21:55:00","10","10","253","Departed","Departed","","1"
"SYN-01560","2026-09-13 21:45:00","2026-09-13","2026-09-13 23:38:00","2026-09-13","Green","Normal Operations","A05","2026-09-13 22:14:00","29","29","113","Departed","Departed","","1"
"SYN-01561","2026-09-13 22:10:00","2026-09-13","2026-09-13 23:34:00","2026-09-13","Orange","Normal Operations","A05","2026-09-13 22:22:00","12","12","84","Departed","Departed","","1"
"SYN-01562","2026-09-13 22:23:00","2026-09-13","2026-09-14 02:47:00","2026-09-14","Yellow","Normal Operations","A04","2026-09-13 22:52:00","29","29","264","Departed","Departed","","1"
"SYN-01563","2026-09-13 22:30:00","2026-09-13","2026-09-14 03:04:00","2026-09-14","Yellow","Normal Operations","A04","2026-09-13 22:59:00","29","29","274","Departed","Departed","","1"
"SYN-01564","2026-09-13 22:38:00","2026-09-13","2026-09-14 01:50:00","2026-09-14","Yellow","Normal Operations","A04","2026-09-13 23:14:00","36","36","192","Departed","Departed","","1"
"SYN-01565","2026-09-13 22:51:00","2026-09-13","2026-09-14 00:47:00","2026-09-14","Green","Normal Operations","A04","2026-09-13 23:22:00","31","31","116","Departed","Departed","","1"
"SYN-01566","2026-09-13 23:09:00","2026-09-13","2026-09-14 02:46:00","2026-09-14","Yellow","Normal Operations","A05","2026-09-13 23:29:00","20","20","217","Departed","Departed","","1"
"SYN-01567","2026-09-13 23:10:00","2026-09-13","2026-09-14 00:48:00","2026-09-14","Yellow","Normal Operations","A05","2026-09-13 23:32:00","22","22","98","Departed","Departed","","1"
"SYN-01568","2026-09-13 23:22:00","2026-09-13","2026-09-14 01:51:00","2026-09-14","Green","Normal Operations","A04","2026-09-13 23:42:00","20","20","149","Departed","Departed","","1"
"SYN-01569","2026-09-13 23:43:00","2026-09-13","2026-09-14 01:53:00","2026-09-14","Yellow","Normal Operations","A04","2026-09-14 00:03:00","20","20","130","Departed","Departed","","1"
"SYN-01570","2026-09-13 23:46:00","2026-09-13","2026-09-14 01:43:00","2026-09-14","Green","Normal Operations","A05","2026-09-14 00:15:00","29","29","117","Departed","Departed","","1"
"SYN-01571","2026-09-13 23:47:00","2026-09-13","2026-09-14 02:16:00","2026-09-14","Yellow","Normal Operations","A04","2026-09-14 00:15:00","28","28","149","Departed","Departed","","1"
"SYN-01572","2026-09-14 00:40:00","2026-09-14","2026-09-14 03:15:00","2026-09-14","Blue","Normal Operations","A05","2026-09-14 01:06:00","26","26","155","Departed","Departed","","1"
"SYN-01573","2026-09-14 01:23:00","2026-09-14","2026-09-14 03:45:00","2026-09-14","Yellow","Normal Operations","A04","2026-09-14 01:53:00","30","30","142","Departed","Departed","","1"
"SYN-01574","2026-09-14 01:23:00","2026-09-14","2026-09-14 03:54:00","2026-09-14","Yellow","Normal Operations","A04","2026-09-14 01:48:00","25","25","151","Departed","Departed","","1"
"SYN-01575","2026-09-14 01:38:00","2026-09-14","2026-09-14 04:15:00","2026-09-14","Green","Normal Operations","A04","2026-09-14 02:07:00","29","29","157","Departed","Departed","","1"
"SYN-01576","2026-09-14 02:16:00","2026-09-14","2026-09-14 05:32:00","2026-09-14","Yellow","Normal Operations","A04","2026-09-14 02:50:00","34","34","196","Departed","Departed","","1"
"SYN-01577","2026-09-14 02:59:00","2026-09-14","2026-09-14 08:01:00","2026-09-14","Yellow","Normal Operations","A04","2026-09-14 03:20:00","21","21","302","Departed","Departed","","1"
"SYN-01578","2026-09-14 03:23:00","2026-09-14","2026-09-14 05:46:00","2026-09-14","Green","Normal Operations","A05","2026-09-14 03:51:00","28","28","143","Departed","Departed","","1"
"SYN-01579","2026-09-14 03:25:00","2026-09-14","2026-09-14 06:14:00","2026-09-14","Yellow","Normal Operations","A04","2026-09-14 03:48:00","23","23","169","Departed","Departed","","1"
"SYN-01580","2026-09-14 03:33:00","2026-09-14","2026-09-14 05:43:00","2026-09-14","Yellow","Normal Operations","A05","2026-09-14 04:07:00","34","34","130","Departed","Departed","","1"
"SYN-01581","2026-09-14 04:16:00","2026-09-14","2026-09-14 08:42:00","2026-09-14","Green","Normal Operations","A04","2026-09-14 04:40:00","24","24","266","Departed","Departed","","1"
"SYN-01582","2026-09-14 04:17:00","2026-09-14","2026-09-14 06:08:00","2026-09-14","Green","Normal Operations","A05","2026-09-14 04:54:00","37","37","111","Departed","Departed","","1"
"SYN-01583","2026-09-14 04:20:00","2026-09-14","2026-09-14 06:48:00","2026-09-14","Yellow","Normal Operations","A05","2026-09-14 04:49:00","29","29","148","Departed","Departed","","1"
"SYN-01584","2026-09-14 05:18:00","2026-09-14","2026-09-14 07:51:00","2026-09-14","Yellow","Normal Operations","A05","2026-09-14 05:38:00","20","20","153","Departed","Departed","","1"
"SYN-01585","2026-09-14 06:49:00","2026-09-14","2026-09-14 08:46:00","2026-09-14","Green","Normal Operations","A04","2026-09-14 07:05:00","16","16","117","Departed","Departed","","1"
"SYN-01586","2026-09-14 07:02:00","2026-09-14","2026-09-14 08:56:00","2026-09-14","Red","Normal Operations","A03","2026-09-14 07:04:00","2","2","114","Departed","Departed","","1"
"SYN-01587","2026-09-14 07:12:00","2026-09-14","2026-09-14 09:20:00","2026-09-14","Yellow","Normal Operations","A04","2026-09-14 07:42:00","30","30","128","Departed","Departed","","1"
"SYN-01588","2026-09-14 07:14:00","2026-09-14","2026-09-14 09:31:00","2026-09-14","Yellow","Normal Operations","A04","2026-09-14 07:50:00","36","36","137","Departed","Departed","","1"
"SYN-01589","2026-09-14 07:53:00","2026-09-14","2026-09-14 10:47:00","2026-09-14","Yellow","Normal Operations","A05","2026-09-14 08:20:00","27","27","174","Departed","Departed","","1"
"SYN-01590","2026-09-14 08:05:00","2026-09-14","2026-09-14 10:52:00","2026-09-14","Yellow","Normal Operations","A04","2026-09-14 08:21:00","16","16","167","Departed","Departed","","1"
"SYN-01591","2026-09-14 08:18:00","2026-09-14","2026-09-14 10:04:00","2026-09-14","Yellow","Normal Operations","A04","2026-09-14 08:38:00","20","20","106","Departed","Departed","","1"
"SYN-01592","2026-09-14 08:34:00","2026-09-14","2026-09-14 11:36:00","2026-09-14","Yellow","Normal Operations","A04","2026-09-14 08:52:00","18","18","182","Departed","Departed","","1"
"SYN-01593","2026-09-14 08:48:00","2026-09-14","2026-09-14 11:37:00","2026-09-14","Orange","Normal Operations","A05","2026-09-14 09:06:00","18","18","169","Departed","Departed","","1"
"SYN-01594","2026-09-14 08:51:00","2026-09-14","2026-09-14 11:19:00","2026-09-14","Orange","Normal Operations","A04","2026-09-14 09:04:00","13","13","148","Departed","Departed","","1"
"SYN-01595","2026-09-14 09:08:00","2026-09-14","2026-09-14 14:28:00","2026-09-14","Green","Normal Operations","A05","2026-09-14 09:35:00","27","27","320","Departed","Departed","","1"
"SYN-01596","2026-09-14 09:12:00","2026-09-14","2026-09-14 11:35:00","2026-09-14","Yellow","Normal Operations","A04","2026-09-14 09:34:00","22","22","143","Departed","Departed","","1"
"SYN-01597","2026-09-14 09:15:00","2026-09-14","2026-09-14 12:34:00","2026-09-14","Yellow","Normal Operations","A05","2026-09-14 09:52:00","37","37","199","Departed","Departed","","1"
"SYN-01598","2026-09-14 09:26:00","2026-09-14","2026-09-14 12:41:00","2026-09-14","Yellow","Normal Operations","A04","2026-09-14 10:01:00","35","35","195","Departed","Departed","","1"
"SYN-01599","2026-09-14 09:55:00","2026-09-14","2026-09-14 15:09:00","2026-09-14","Green","Normal Operations","A05","2026-09-14 10:31:00","36","36","314","Departed","Departed","","1"
"SYN-01600","2026-09-14 10:19:00","2026-09-14","2026-09-14 12:33:00","2026-09-14","Blue","Normal Operations","A04","2026-09-14 10:40:00","21","21","134","Departed","Departed","","1"
"SYN-01601","2026-09-14 10:38:00","2026-09-14","2026-09-14 13:14:00","2026-09-14","Yellow","Normal Operations","A05","2026-09-14 11:17:00","39","39","156","Departed","Departed","","1"
"SYN-01602","2026-09-14 10:47:00","2026-09-14","2026-09-14 12:41:00","2026-09-14","Orange","Normal Operations","A04","2026-09-14 11:03:00","16","16","114","Departed","Departed","","1"
"SYN-01603","2026-09-14 11:04:00","2026-09-14","2026-09-14 17:10:00","2026-09-14","Yellow","Normal Operations","A04","2026-09-14 11:42:00","38","38","366","Departed","Departed","","1"
"SYN-01604","2026-09-14 11:29:00","2026-09-14","2026-09-14 14:16:00","2026-09-14","Blue","Normal Operations","A04","2026-09-14 12:07:00","38","38","167","Departed","Departed","","1"
"SYN-01605","2026-09-14 11:36:00","2026-09-14","2026-09-14 14:19:00","2026-09-14","Yellow","Normal Operations","A04","2026-09-14 12:10:00","34","34","163","Departed","Departed","","1"
"SYN-01606","2026-09-14 12:05:00","2026-09-14","2026-09-14 14:09:00","2026-09-14","Green","Normal Operations","A04","2026-09-14 12:43:00","38","38","124","Departed","Departed","","1"
"SYN-01607","2026-09-14 12:07:00","2026-09-14","2026-09-14 14:11:00","2026-09-14","Green","Normal Operations","A05","2026-09-14 12:44:00","37","37","124","Departed","Departed","","1"
"SYN-01608","2026-09-14 12:23:00","2026-09-14","2026-09-14 14:19:00","2026-09-14","Yellow","Normal Operations","A04","2026-09-14 12:42:00","19","19","116","Departed","Departed","","1"
"SYN-01609","2026-09-14 12:23:00","2026-09-14","2026-09-14 14:22:00","2026-09-14","Green","Normal Operations","A04","2026-09-14 12:54:00","31","31","119","Departed","Departed","","1"
"SYN-01610","2026-09-14 12:29:00","2026-09-14","2026-09-14 14:20:00","2026-09-14","Yellow","Normal Operations","A04","2026-09-14 12:47:00","18","18","111","Departed","Departed","","1"
"SYN-01611","2026-09-14 12:32:00","2026-09-14","2026-09-14 14:49:00","2026-09-14","Yellow","Normal Operations","A04","2026-09-14 12:54:00","22","22","137","Departed","Departed","","1"
"SYN-01612","2026-09-14 13:10:00","2026-09-14","2026-09-14 17:59:00","2026-09-14","Blue","Normal Operations","A05","2026-09-14 13:32:00","22","22","289","Departed","Departed","","1"
"SYN-01613","2026-09-14 13:30:00","2026-09-14","2026-09-14 17:30:00","2026-09-14","Green","Normal Operations","A04","2026-09-14 14:08:00","38","38","240","Departed","Departed","","1"
"SYN-01614","2026-09-14 13:43:00","2026-09-14","2026-09-14 16:33:00","2026-09-14","Green","Normal Operations","A05","2026-09-14 14:18:00","35","35","170","Departed","Departed","","1"
"SYN-01615","2026-09-14 13:58:00","2026-09-14","2026-09-14 15:55:00","2026-09-14","Orange","Normal Operations","A05","2026-09-14 14:18:00","20","20","117","Departed","Departed","","1"
"SYN-01616","2026-09-14 13:58:00","2026-09-14","2026-09-14 15:23:00","2026-09-14","Orange","Normal Operations","A05","2026-09-14 14:13:00","15","15","85","Departed","Departed","","1"
"SYN-01617","2026-09-14 14:35:00","2026-09-14","2026-09-14 17:13:00","2026-09-14","Yellow","Normal Operations","A05","2026-09-14 15:12:00","37","37","158","Departed","Departed","","1"
"SYN-01618","2026-09-14 14:36:00","2026-09-14","2026-09-14 16:43:00","2026-09-14","Blue","Normal Operations","A04","2026-09-14 15:10:00","34","34","127","Departed","Departed","","1"
"SYN-01619","2026-09-14 14:49:00","2026-09-14","2026-09-14 20:35:00","2026-09-14","Green","Normal Operations","A04","2026-09-14 15:26:00","37","37","346","Departed","Departed","","1"
"SYN-01620","2026-09-14 15:06:00","2026-09-14","2026-09-14 16:54:00","2026-09-14","Orange","Normal Operations","A04","2026-09-14 15:17:00","11","11","108","Departed","Departed","","1"
"SYN-01621","2026-09-14 15:14:00","2026-09-14","2026-09-14 19:18:00","2026-09-14","Yellow","Normal Operations","A05","2026-09-14 15:29:00","15","15","244","Departed","Departed","","1"
"SYN-01622","2026-09-14 15:34:00","2026-09-14","2026-09-14 17:50:00","2026-09-14","Green","Normal Operations","A04","2026-09-14 16:03:00","29","29","136","Departed","Departed","","1"
"SYN-01623","2026-09-14 15:41:00","2026-09-14","2026-09-14 17:49:00","2026-09-14","Red","Normal Operations","A03","2026-09-14 15:43:00","2","2","128","Departed","Departed","","1"
"SYN-01624","2026-09-14 15:42:00","2026-09-14","2026-09-14 17:54:00","2026-09-14","Yellow","Normal Operations","A04","2026-09-14 16:09:00","27","27","132","Departed","Departed","","1"
"SYN-01625","2026-09-14 15:54:00","2026-09-14","2026-09-14 20:16:00","2026-09-14","Yellow","Normal Operations","A04","2026-09-14 16:25:00","31","31","262","Departed","Departed","","1"
"SYN-01626","2026-09-14 16:11:00","2026-09-14","2026-09-14 19:08:00","2026-09-14","Yellow","Normal Operations","A04","2026-09-14 16:49:00","38","38","177","Departed","Departed","","1"
"SYN-01627","2026-09-14 16:12:00","2026-09-14","2026-09-14 18:38:00","2026-09-14","Yellow","Normal Operations","A04","2026-09-14 16:38:00","26","26","146","Departed","Departed","","1"
"SYN-01628","2026-09-14 16:26:00","2026-09-14","2026-09-14 18:08:00","2026-09-14","Yellow","Normal Operations","A04","2026-09-14 16:56:00","30","30","102","Departed","Departed","","1"
"SYN-01629","2026-09-14 17:08:00","2026-09-14","2026-09-14 19:27:00","2026-09-14","Yellow","Normal Operations","A04","2026-09-14 17:38:00","30","30","139","Departed","Departed","","1"
"SYN-01630","2026-09-14 17:08:00","2026-09-14","2026-09-14 18:57:00","2026-09-14","Yellow","Normal Operations","A04","2026-09-14 17:39:00","31","31","109","Departed","Departed","","1"
"SYN-01631","2026-09-14 17:49:00","2026-09-14","2026-09-14 19:26:00","2026-09-14","Yellow","Normal Operations","A04","2026-09-14 18:15:00","26","26","97","Departed","Departed","","1"
"SYN-01632","2026-09-14 18:02:00","2026-09-14","2026-09-14 20:55:00","2026-09-14","Green","Normal Operations","A04","2026-09-14 18:20:00","18","18","173","Departed","Departed","","1"
"SYN-01633","2026-09-14 18:09:00","2026-09-14","2026-09-14 19:58:00","2026-09-14","Blue","Normal Operations","A04","2026-09-14 18:41:00","32","32","109","Departed","Departed","","1"
"SYN-01634","2026-09-14 18:13:00","2026-09-14","2026-09-14 22:39:00","2026-09-14","Yellow","Normal Operations","A04","2026-09-14 18:34:00","21","21","266","Departed","Departed","","1"
"SYN-01635","2026-09-14 18:21:00","2026-09-14","2026-09-14 19:58:00","2026-09-14","Green","Normal Operations","A04","2026-09-14 18:44:00","23","23","97","Departed","Departed","","1"
"SYN-01636","2026-09-14 18:22:00","2026-09-14","2026-09-14 23:30:00","2026-09-14","Yellow","Normal Operations","A04","2026-09-14 18:52:00","30","30","308","Departed","Departed","","1"
"SYN-01637","2026-09-14 18:33:00","2026-09-14","2026-09-14 21:34:00","2026-09-14","Yellow","Normal Operations","A04","2026-09-14 18:55:00","22","22","181","Departed","Departed","","1"
"SYN-01638","2026-09-14 19:01:00","2026-09-14","2026-09-14 21:10:00","2026-09-14","Yellow","Normal Operations","A04","2026-09-14 19:27:00","26","26","129","Departed","Departed","","1"
"SYN-01639","2026-09-14 19:07:00","2026-09-14","2026-09-14 22:14:00","2026-09-14","Yellow","Normal Operations","A05","2026-09-14 19:33:00","26","26","187","Departed","Departed","","1"
"SYN-01640","2026-09-14 19:21:00","2026-09-14","2026-09-14 21:13:00","2026-09-14","Green","Normal Operations","A04","2026-09-14 19:41:00","20","20","112","Departed","Departed","","1"
"SYN-01641","2026-09-14 19:26:00","2026-09-14","2026-09-14 21:53:00","2026-09-14","Green","Normal Operations","A04","2026-09-14 20:04:00","38","38","147","Departed","Departed","","1"
"SYN-01642","2026-09-14 19:43:00","2026-09-14","2026-09-14 21:13:00","2026-09-14","Green","Normal Operations","A04","2026-09-14 19:58:00","15","15","90","Departed","Departed","","1"
"SYN-01643","2026-09-14 19:58:00","2026-09-14","2026-09-14 23:03:00","2026-09-14","Yellow","Normal Operations","A04","2026-09-14 20:31:00","33","33","185","Departed","Departed","","1"
"SYN-01644","2026-09-14 20:01:00","2026-09-14","2026-09-14 23:08:00","2026-09-14","Yellow","Normal Operations","A04","2026-09-14 20:35:00","34","34","187","Departed","Departed","","1"
"SYN-01645","2026-09-14 20:16:00","2026-09-14","2026-09-14 23:20:00","2026-09-14","Green","Normal Operations","A05","2026-09-14 20:42:00","26","26","184","Departed","Departed","","1"
"SYN-01646","2026-09-14 20:25:00","2026-09-14","2026-09-14 22:56:00","2026-09-14","Green","Normal Operations","A04","2026-09-14 21:02:00","37","37","151","Departed","Departed","","1"
"SYN-01647","2026-09-14 20:52:00","2026-09-14","2026-09-14 23:33:00","2026-09-14","Yellow","Normal Operations","A04","2026-09-14 21:23:00","31","31","161","Departed","Departed","","1"
"SYN-01648","2026-09-14 20:57:00","2026-09-14","2026-09-14 23:34:00","2026-09-14","Orange","Normal Operations","A04","2026-09-14 21:19:00","22","22","157","Departed","Departed","","1"
"SYN-01649","2026-09-14 20:58:00","2026-09-14","2026-09-14 23:51:00","2026-09-14","Green","Normal Operations","A05","2026-09-14 21:33:00","35","35","173","Departed","Departed","","1"
"SYN-01650","2026-09-14 21:20:00","2026-09-14","2026-09-15 00:19:00","2026-09-15","Yellow","Normal Operations","A04","2026-09-14 22:01:00","41","41","179","Departed","Departed","","1"
"SYN-01651","2026-09-14 21:36:00","2026-09-14","2026-09-15 00:34:00","2026-09-15","Blue","Normal Operations","A04","2026-09-14 21:56:00","20","20","178","Departed","Departed","","1"
"SYN-01652","2026-09-14 21:41:00","2026-09-14","2026-09-15 00:12:00","2026-09-15","Yellow","Normal Operations","A05","2026-09-14 22:18:00","37","37","151","Departed","Departed","","1"
"SYN-01653","2026-09-14 21:54:00","2026-09-14","2026-09-15 00:05:00","2026-09-15","Green","Normal Operations","A04","2026-09-14 22:22:00","28","28","131","Departed","Departed","","1"
"SYN-01654","2026-09-14 21:55:00","2026-09-14","2026-09-15 02:58:00","2026-09-15","Yellow","Normal Operations","A04","2026-09-14 22:19:00","24","24","303","Departed","Departed","","1"
"SYN-01655","2026-09-14 22:07:00","2026-09-14","2026-09-14 23:54:00","2026-09-14","Yellow","Normal Operations","A05","2026-09-14 22:41:00","34","34","107","Departed","Departed","","1"
"SYN-01656","2026-09-14 22:10:00","2026-09-14","2026-09-15 01:04:00","2026-09-15","Orange","Normal Operations","A04","2026-09-14 22:29:00","19","19","174","Departed","Departed","","1"
"SYN-01657","2026-09-14 22:33:00","2026-09-14","2026-09-15 01:10:00","2026-09-15","Yellow","Normal Operations","A04","2026-09-14 23:09:00","36","36","157","Departed","Departed","","1"
"SYN-01658","2026-09-14 22:42:00","2026-09-14","2026-09-15 00:38:00","2026-09-15","Green","Normal Operations","A05","2026-09-14 23:16:00","34","34","116","Departed","Departed","","1"
"SYN-01659","2026-09-14 23:01:00","2026-09-14","2026-09-15 00:40:00","2026-09-15","Green","Normal Operations","A04","2026-09-14 23:30:00","29","29","99","Departed","Departed","","1"
"SYN-01660","2026-09-14 23:17:00","2026-09-14","2026-09-15 02:06:00","2026-09-15","Green","Normal Operations","A05","2026-09-14 23:48:00","31","31","169","Departed","Departed","","1"
"SYN-01661","2026-09-14 23:26:00","2026-09-14","2026-09-15 01:56:00","2026-09-15","Green","Normal Operations","A05","2026-09-14 23:45:00","19","19","150","Departed","Departed","","1"
"SYN-01662","2026-09-14 23:41:00","2026-09-14","2026-09-15 02:25:00","2026-09-15","Yellow","Normal Operations","A05","2026-09-15 00:14:00","33","33","164","Departed","Departed","","1"
"SYN-01663","2026-09-15 00:12:00","2026-09-15","2026-09-15 02:37:00","2026-09-15","Yellow","Normal Operations","A04","2026-09-15 00:36:00","24","24","145","Departed","Departed","","1"
"SYN-01664","2026-09-15 00:31:00","2026-09-15","2026-09-15 02:47:00","2026-09-15","Green","Normal Operations","A05","2026-09-15 00:54:00","23","23","136","Departed","Departed","","1"
"SYN-01665","2026-09-15 01:28:00","2026-09-15","2026-09-15 05:56:00","2026-09-15","Orange","Normal Operations","A04","2026-09-15 01:46:00","18","18","268","Departed","Departed","","1"
"SYN-01666","2026-09-15 02:16:00","2026-09-15","2026-09-15 05:06:00","2026-09-15","Green","Normal Operations","A04","2026-09-15 02:56:00","40","40","170","Departed","Departed","","1"
"SYN-01667","2026-09-15 02:23:00","2026-09-15","2026-09-15 05:44:00","2026-09-15","Yellow","Normal Operations","A04","2026-09-15 03:02:00","39","39","201","Departed","Departed","","1"
"SYN-01668","2026-09-15 02:32:00","2026-09-15","2026-09-15 06:46:00","2026-09-15","Orange","Normal Operations","A05","2026-09-15 02:46:00","14","14","254","Departed","Departed","","1"
"SYN-01669","2026-09-15 03:30:00","2026-09-15","2026-09-15 06:33:00","2026-09-15","Yellow","Normal Operations","A04","2026-09-15 03:56:00","26","26","183","Departed","Departed","","1"
"SYN-01670","2026-09-15 04:12:00","2026-09-15","2026-09-15 06:18:00","2026-09-15","Yellow","Normal Operations","A04","2026-09-15 04:47:00","35","35","126","Departed","Departed","","1"
"SYN-01671","2026-09-15 04:29:00","2026-09-15","2026-09-15 06:32:00","2026-09-15","Green","Normal Operations","A05","2026-09-15 04:54:00","25","25","123","Departed","Departed","","1"
"SYN-01672","2026-09-15 05:21:00","2026-09-15","2026-09-15 07:37:00","2026-09-15","Yellow","Normal Operations","A05","2026-09-15 05:47:00","26","26","136","Departed","Departed","","1"
"SYN-01673","2026-09-15 05:26:00","2026-09-15","2026-09-15 07:14:00","2026-09-15","Green","Normal Operations","A04","2026-09-15 05:48:00","22","22","108","Departed","Departed","","1"
"SYN-01674","2026-09-15 06:12:00","2026-09-15","2026-09-15 08:23:00","2026-09-15","Yellow","Normal Operations","A05","2026-09-15 06:37:00","25","25","131","Departed","Departed","","1"
"SYN-01675","2026-09-15 06:46:00","2026-09-15","2026-09-15 08:48:00","2026-09-15","Orange","Normal Operations","A04","2026-09-15 06:58:00","12","12","122","Departed","Departed","","1"
"SYN-01676","2026-09-15 06:51:00","2026-09-15","2026-09-15 09:32:00","2026-09-15","Yellow","Normal Operations","A04","2026-09-15 07:12:00","21","21","161","Departed","Departed","","1"
"SYN-01677","2026-09-15 07:18:00","2026-09-15","2026-09-15 10:17:00","2026-09-15","Green","Normal Operations","A04","2026-09-15 07:56:00","38","38","179","Departed","Departed","","1"
"SYN-01678","2026-09-15 07:33:00","2026-09-15","2026-09-15 09:15:00","2026-09-15","Green","Normal Operations","A04","2026-09-15 08:01:00","28","28","102","Departed","Departed","","1"
"SYN-01679","2026-09-15 07:45:00","2026-09-15","2026-09-15 10:44:00","2026-09-15","Green","Normal Operations","A04","2026-09-15 08:06:00","21","21","179","Departed","Departed","","1"
"SYN-01680","2026-09-15 08:24:00","2026-09-15","2026-09-15 10:16:00","2026-09-15","Green","Normal Operations","A04","2026-09-15 08:52:00","28","28","112","Departed","Departed","","1"
"SYN-01681","2026-09-15 08:30:00","2026-09-15","2026-09-15 10:23:00","2026-09-15","Yellow","Normal Operations","A04","2026-09-15 09:00:00","30","30","113","Departed","Departed","","1"
"SYN-01682","2026-09-15 08:31:00","2026-09-15","2026-09-15 12:48:00","2026-09-15","Red","Normal Operations","A03","2026-09-15 08:33:00","2","2","257","Departed","Departed","","1"
"SYN-01683","2026-09-15 08:33:00","2026-09-15","2026-09-15 12:57:00","2026-09-15","Yellow","Normal Operations","A05","2026-09-15 09:02:00","29","29","264","Departed","Departed","","1"
"SYN-01684","2026-09-15 09:10:00","2026-09-15","2026-09-15 14:32:00","2026-09-15","Green","Normal Operations","A04","2026-09-15 09:49:00","39","39","322","Departed","Departed","","1"
"SYN-01685","2026-09-15 09:16:00","2026-09-15","2026-09-15 11:35:00","2026-09-15","Yellow","Normal Operations","A05","2026-09-15 09:38:00","22","22","139","Departed","Departed","","1"
"SYN-01686","2026-09-15 09:19:00","2026-09-15","2026-09-15 11:18:00","2026-09-15","Yellow","Normal Operations","A05","2026-09-15 09:58:00","39","39","119","Departed","Departed","","1"
"SYN-01687","2026-09-15 09:44:00","2026-09-15","2026-09-15 11:40:00","2026-09-15","Yellow","Normal Operations","A04","2026-09-15 10:07:00","23","23","116","Departed","Departed","","1"
"SYN-01688","2026-09-15 10:05:00","2026-09-15","2026-09-15 14:19:00","2026-09-15","Yellow","Normal Operations","A05","2026-09-15 10:42:00","37","37","254","Departed","Departed","","1"
"SYN-01689","2026-09-15 10:20:00","2026-09-15","2026-09-15 12:05:00","2026-09-15","Orange","Normal Operations","A04","2026-09-15 10:34:00","14","14","105","Departed","Departed","","1"
"SYN-01690","2026-09-15 10:44:00","2026-09-15","2026-09-15 13:02:00","2026-09-15","Yellow","Normal Operations","A04","2026-09-15 11:11:00","27","27","138","Departed","Departed","","1"
"SYN-01691","2026-09-15 10:45:00","2026-09-15","2026-09-15 13:36:00","2026-09-15","Green","Normal Operations","A04","2026-09-15 11:06:00","21","21","171","Departed","Departed","","1"
"SYN-01692","2026-09-15 10:49:00","2026-09-15","2026-09-15 12:35:00","2026-09-15","Yellow","Normal Operations","A04","2026-09-15 11:08:00","19","19","106","Departed","Departed","","1"
"SYN-01693","2026-09-15 11:13:00","2026-09-15","2026-09-15 14:00:00","2026-09-15","Yellow","Normal Operations","A04","2026-09-15 11:34:00","21","21","167","Departed","Departed","","1"
"SYN-01694","2026-09-15 11:21:00","2026-09-15","2026-09-15 14:11:00","2026-09-15","Yellow","Normal Operations","A05","2026-09-15 11:39:00","18","18","170","Departed","Departed","","1"
"SYN-01695","2026-09-15 11:35:00","2026-09-15","2026-09-15 14:32:00","2026-09-15","Orange","Normal Operations","A04","2026-09-15 11:55:00","20","20","177","Departed","Departed","","1"
"SYN-01696","2026-09-15 12:03:00","2026-09-15","2026-09-15 14:20:00","2026-09-15","Orange","Normal Operations","A04","2026-09-15 12:13:00","10","10","137","Departed","Departed","","1"
"SYN-01697","2026-09-15 12:35:00","2026-09-15","2026-09-15 17:55:00","2026-09-15","Green","Normal Operations","A05","2026-09-15 13:12:00","37","37","320","Departed","Departed","","1"
"SYN-01698","2026-09-15 12:45:00","2026-09-15","2026-09-15 17:34:00","2026-09-15","Red","Normal Operations","A03","2026-09-15 12:47:00","2","2","289","Departed","Departed","","1"
"SYN-01699","2026-09-15 13:05:00","2026-09-15","2026-09-15 14:38:00","2026-09-15","Yellow","Normal Operations","A04","2026-09-15 13:24:00","19","19","93","Departed","Departed","","1"
"SYN-01700","2026-09-15 13:34:00","2026-09-15","2026-09-15 15:47:00","2026-09-15","Yellow","Normal Operations","A04","2026-09-15 14:04:00","30","30","133","Departed","Departed","","1"
"SYN-01701","2026-09-15 13:42:00","2026-09-15","2026-09-15 15:45:00","2026-09-15","Yellow","Normal Operations","A05","2026-09-15 14:21:00","39","39","123","Departed","Departed","","1"
"SYN-01702","2026-09-15 13:48:00","2026-09-15","2026-09-15 17:09:00","2026-09-15","Yellow","Normal Operations","A04","2026-09-15 14:13:00","25","25","201","Departed","Departed","","1"
"SYN-01703","2026-09-15 14:09:00","2026-09-15","2026-09-15 15:46:00","2026-09-15","Orange","Normal Operations","A04","2026-09-15 14:32:00","23","23","97","Departed","Departed","","1"
"SYN-01704","2026-09-15 14:36:00","2026-09-15","2026-09-15 17:46:00","2026-09-15","Yellow","Normal Operations","A05","2026-09-15 15:05:00","29","29","190","Departed","Departed","","1"
"SYN-01705","2026-09-15 14:40:00","2026-09-15","2026-09-15 16:50:00","2026-09-15","Yellow","Normal Operations","A04","2026-09-15 15:04:00","24","24","130","Departed","Departed","","1"
"SYN-01706","2026-09-15 14:40:00","2026-09-15","2026-09-15 16:55:00","2026-09-15","Blue","Normal Operations","A04","2026-09-15 15:05:00","25","25","135","Departed","Departed","","1"
"SYN-01707","2026-09-15 14:54:00","2026-09-15","2026-09-15 17:31:00","2026-09-15","Green","Normal Operations","A04","2026-09-15 15:20:00","26","26","157","Departed","Departed","","1"
"SYN-01708","2026-09-15 14:59:00","2026-09-15","2026-09-15 17:48:00","2026-09-15","Green","Normal Operations","A04","2026-09-15 15:21:00","22","22","169","Departed","Departed","","1"
"SYN-01709","2026-09-15 15:28:00","2026-09-15","2026-09-15 17:09:00","2026-09-15","Orange","Normal Operations","A04","2026-09-15 15:43:00","15","15","101","Departed","Departed","","1"
"SYN-01710","2026-09-15 15:38:00","2026-09-15","2026-09-15 19:29:00","2026-09-15","Blue","Normal Operations","A05","2026-09-15 16:01:00","23","23","231","Departed","Departed","","1"
"SYN-01711","2026-09-15 15:55:00","2026-09-15","2026-09-15 18:13:00","2026-09-15","Yellow","Normal Operations","A05","2026-09-15 16:35:00","40","40","138","Departed","Departed","","1"
"SYN-01712","2026-09-15 16:10:00","2026-09-15","2026-09-15 18:27:00","2026-09-15","Green","Normal Operations","A04","2026-09-15 16:27:00","17","17","137","Departed","Departed","","1"
"SYN-01713","2026-09-15 16:14:00","2026-09-15","2026-09-15 18:28:00","2026-09-15","Blue","Normal Operations","A04","2026-09-15 16:49:00","35","35","134","Departed","Departed","","1"
"SYN-01714","2026-09-15 16:26:00","2026-09-15","2026-09-15 18:06:00","2026-09-15","Green","Normal Operations","A04","2026-09-15 16:51:00","25","25","100","Departed","Departed","","1"
"SYN-01715","2026-09-15 16:45:00","2026-09-15","2026-09-15 19:02:00","2026-09-15","Blue","Normal Operations","A05","2026-09-15 17:17:00","32","32","137","Departed","Departed","","1"
"SYN-01716","2026-09-15 16:48:00","2026-09-15","2026-09-15 18:39:00","2026-09-15","Green","Normal Operations","A04","2026-09-15 17:25:00","37","37","111","Departed","Departed","","1"
"SYN-01717","2026-09-15 16:51:00","2026-09-15","2026-09-15 19:17:00","2026-09-15","Blue","Normal Operations","A04","2026-09-15 17:18:00","27","27","146","Departed","Departed","","1"
"SYN-01718","2026-09-15 17:28:00","2026-09-15","2026-09-15 20:01:00","2026-09-15","Green","Normal Operations","A04","2026-09-15 18:02:00","34","34","153","Departed","Departed","","1"
"SYN-01719","2026-09-15 17:31:00","2026-09-15","2026-09-15 19:18:00","2026-09-15","Blue","Normal Operations","A04","2026-09-15 17:57:00","26","26","107","Departed","Departed","","1"
"SYN-01720","2026-09-15 17:36:00","2026-09-15","2026-09-15 19:12:00","2026-09-15","Yellow","Normal Operations","A04","2026-09-15 17:59:00","23","23","96","Departed","Departed","","1"
"SYN-01721","2026-09-15 17:50:00","2026-09-15","2026-09-15 19:34:00","2026-09-15","Orange","Normal Operations","A04","2026-09-15 18:02:00","12","12","104","Departed","Departed","","1"
"SYN-01722","2026-09-15 18:11:00","2026-09-15","2026-09-15 21:22:00","2026-09-15","Yellow","Normal Operations","A05","2026-09-15 18:41:00","30","30","191","Departed","Departed","","1"
"SYN-01723","2026-09-15 18:19:00","2026-09-15","2026-09-15 21:22:00","2026-09-15","Green","Normal Operations","A05","2026-09-15 18:49:00","30","30","183","Departed","Departed","","1"
"SYN-01724","2026-09-15 18:45:00","2026-09-15","2026-09-15 21:33:00","2026-09-15","Blue","Normal Operations","A04","2026-09-15 19:10:00","25","25","168","Departed","Departed","","1"
"SYN-01725","2026-09-15 18:46:00","2026-09-15","2026-09-15 20:48:00","2026-09-15","Orange","Normal Operations","A04","2026-09-15 19:07:00","21","21","122","Departed","Departed","","1"
"SYN-01726","2026-09-15 18:47:00","2026-09-15","2026-09-15 23:32:00","2026-09-15","Yellow","Normal Operations","A04","2026-09-15 19:17:00","30","30","285","Departed","Departed","","1"
"SYN-01727","2026-09-15 18:58:00","2026-09-15","2026-09-15 22:04:00","2026-09-15","Yellow","Normal Operations","A04","2026-09-15 19:22:00","24","24","186","Departed","Departed","","1"
"SYN-01728","2026-09-15 19:27:00","2026-09-15","2026-09-15 23:50:00","2026-09-15","Yellow","Normal Operations","A04","2026-09-15 19:52:00","25","25","263","Departed","Departed","","1"
"SYN-01729","2026-09-15 19:31:00","2026-09-15","2026-09-15 21:28:00","2026-09-15","Yellow","Normal Operations","A04","2026-09-15 19:59:00","28","28","117","Departed","Departed","","1"
"SYN-01730","2026-09-15 19:44:00","2026-09-15","2026-09-16 00:22:00","2026-09-16","Green","Normal Operations","A04","2026-09-15 20:07:00","23","23","278","Departed","Departed","","1"
"SYN-01731","2026-09-15 19:57:00","2026-09-15","2026-09-15 22:02:00","2026-09-15","Yellow","Normal Operations","A04","2026-09-15 20:28:00","31","31","125","Departed","Departed","","1"
"SYN-01732","2026-09-15 19:59:00","2026-09-15","2026-09-15 23:05:00","2026-09-15","Yellow","Normal Operations","A04","2026-09-15 20:36:00","37","37","186","Departed","Departed","","1"
"SYN-01733","2026-09-15 20:01:00","2026-09-15","2026-09-16 01:08:00","2026-09-16","Green","Normal Operations","A04","2026-09-15 20:41:00","40","40","307","Departed","Departed","","1"
"SYN-01734","2026-09-15 20:21:00","2026-09-15","2026-09-15 23:41:00","2026-09-15","Green","Normal Operations","A05","2026-09-15 20:58:00","37","37","200","Departed","Departed","","1"
"SYN-01735","2026-09-15 20:37:00","2026-09-15","2026-09-15 23:38:00","2026-09-15","Yellow","Normal Operations","A04","2026-09-15 21:02:00","25","25","181","Departed","Departed","","1"
"SYN-01736","2026-09-15 21:07:00","2026-09-15","2026-09-15 23:15:00","2026-09-15","Blue","Normal Operations","A04","2026-09-15 21:36:00","29","29","128","Departed","Departed","","1"
"SYN-01737","2026-09-15 21:23:00","2026-09-15","2026-09-15 23:18:00","2026-09-15","Yellow","Normal Operations","A05","2026-09-15 21:41:00","18","18","115","Departed","Departed","","1"
"SYN-01738","2026-09-15 21:30:00","2026-09-15","2026-09-16 00:51:00","2026-09-16","Green","Normal Operations","A04","2026-09-15 22:06:00","36","36","201","Departed","Departed","","1"
"SYN-01739","2026-09-15 21:48:00","2026-09-15","2026-09-16 00:53:00","2026-09-16","Yellow","Normal Operations","A04","2026-09-15 22:17:00","29","29","185","Departed","Departed","","1"
"SYN-01740","2026-09-15 21:58:00","2026-09-15","2026-09-15 23:56:00","2026-09-15","Green","Normal Operations","A05","2026-09-15 22:31:00","33","33","118","Departed","Departed","","1"
"SYN-01741","2026-09-15 22:04:00","2026-09-15","2026-09-16 00:31:00","2026-09-16","Blue","Normal Operations","A04","2026-09-15 22:32:00","28","28","147","Departed","Departed","","1"
"SYN-01742","2026-09-15 22:12:00","2026-09-15","2026-09-16 00:14:00","2026-09-16","Green","Normal Operations","A04","2026-09-15 22:35:00","23","23","122","Departed","Departed","","1"
"SYN-01743","2026-09-15 22:25:00","2026-09-15","2026-09-16 03:44:00","2026-09-16","Green","Normal Operations","A04","2026-09-15 22:50:00","25","25","319","Departed","Departed","","1"
"SYN-01744","2026-09-15 22:30:00","2026-09-15","2026-09-16 01:27:00","2026-09-16","Yellow","Normal Operations","A04","2026-09-15 23:00:00","30","30","177","Departed","Departed","","1"
"SYN-01745","2026-09-15 23:27:00","2026-09-15","2026-09-16 04:07:00","2026-09-16","Green","Normal Operations","A04","2026-09-16 00:02:00","35","35","280","Departed","Departed","","1"
"SYN-01746","2026-09-15 23:28:00","2026-09-15","2026-09-16 01:03:00","2026-09-16","Orange","Normal Operations","A04","2026-09-15 23:50:00","22","22","95","Departed","Departed","","1"
"SYN-01747","2026-09-15 23:31:00","2026-09-15","2026-09-16 02:21:00","2026-09-16","Green","Normal Operations","A04","2026-09-16 00:05:00","34","34","170","Departed","Departed","","1"
"SYN-01748","2026-09-15 23:32:00","2026-09-15","2026-09-16 04:40:00","2026-09-16","Yellow","Normal Operations","A05","2026-09-16 00:01:00","29","29","308","Departed","Departed","","1"
"SYN-01749","2026-09-15 23:57:00","2026-09-15","2026-09-16 02:28:00","2026-09-16","Orange","Normal Operations","A04","2026-09-16 00:13:00","16","16","151","Departed","Departed","","1"
"SYN-01750","2026-09-16 00:07:00","2026-09-16","2026-09-16 02:10:00","2026-09-16","Yellow","Normal Operations","A04","2026-09-16 00:30:00","23","23","123","Departed","Departed","","1"
"SYN-01751","2026-09-16 00:16:00","2026-09-16","2026-09-16 02:01:00","2026-09-16","Yellow","Normal Operations","A04","2026-09-16 00:47:00","31","31","105","Departed","Departed","","1"
"SYN-01752","2026-09-16 01:26:00","2026-09-16","2026-09-16 03:58:00","2026-09-16","Yellow","Normal Operations","A04","2026-09-16 01:58:00","32","32","152","Departed","Departed","","1"
"SYN-01753","2026-09-16 01:28:00","2026-09-16","2026-09-16 03:56:00","2026-09-16","Blue","Normal Operations","A04","2026-09-16 01:54:00","26","26","148","Departed","Departed","","1"
"SYN-01754","2026-09-16 01:30:00","2026-09-16","2026-09-16 03:37:00","2026-09-16","Yellow","Normal Operations","A04","2026-09-16 02:09:00","39","39","127","Departed","Departed","","1"
"SYN-01755","2026-09-16 02:23:00","2026-09-16","2026-09-16 04:56:00","2026-09-16","Yellow","Normal Operations","A04","2026-09-16 02:49:00","26","26","153","Departed","Departed","","1"
"SYN-01756","2026-09-16 03:11:00","2026-09-16","2026-09-16 05:03:00","2026-09-16","Yellow","Normal Operations","A04","2026-09-16 03:31:00","20","20","112","Departed","Departed","","1"
"SYN-01757","2026-09-16 04:05:00","2026-09-16","2026-09-16 06:47:00","2026-09-16","Orange","Normal Operations","A05","2026-09-16 04:23:00","18","18","162","Departed","Departed","","1"
"SYN-01758","2026-09-16 04:25:00","2026-09-16","2026-09-16 07:07:00","2026-09-16","Red","Normal Operations","A03","2026-09-16 04:27:00","2","2","162","Departed","Departed","","1"
"SYN-01759","2026-09-16 04:28:00","2026-09-16","2026-09-16 07:42:00","2026-09-16","Green","Normal Operations","A04","2026-09-16 04:44:00","16","16","194","Departed","Departed","","1"
"SYN-01760","2026-09-16 05:23:00","2026-09-16","2026-09-16 08:35:00","2026-09-16","Yellow","Normal Operations","A04","2026-09-16 06:05:00","42","42","192","Departed","Departed","","1"
"SYN-01761","2026-09-16 06:45:00","2026-09-16","2026-09-16 10:00:00","2026-09-16","Yellow","Normal Operations","A04","2026-09-16 07:17:00","32","32","195","Departed","Departed","","1"
"SYN-01762","2026-09-16 07:09:00","2026-09-16","2026-09-16 09:12:00","2026-09-16","Blue","Normal Operations","A05","2026-09-16 07:36:00","27","27","123","Departed","Departed","","1"
"SYN-01763","2026-09-16 07:31:00","2026-09-16","2026-09-16 10:30:00","2026-09-16","Yellow","Normal Operations","A05","2026-09-16 07:58:00","27","27","179","Departed","Departed","","1"
"SYN-01764","2026-09-16 07:44:00","2026-09-16","2026-09-16 12:02:00","2026-09-16","Green","Normal Operations","A04","2026-09-16 08:18:00","34","34","258","Departed","Departed","","1"
"SYN-01765","2026-09-16 07:48:00","2026-09-16","2026-09-16 09:41:00","2026-09-16","Orange","Normal Operations","A04","2026-09-16 08:05:00","17","17","113","Departed","Departed","","1"
"SYN-01766","2026-09-16 08:07:00","2026-09-16","2026-09-16 10:27:00","2026-09-16","Yellow","Normal Operations","A04","2026-09-16 08:24:00","17","17","140","Departed","Departed","","1"
"SYN-01767","2026-09-16 08:29:00","2026-09-16","2026-09-16 10:16:00","2026-09-16","Green","Normal Operations","A05","2026-09-16 08:55:00","26","26","107","Departed","Departed","","1"
"SYN-01768","2026-09-16 08:32:00","2026-09-16","2026-09-16 10:46:00","2026-09-16","Green","Normal Operations","A04","2026-09-16 09:14:00","42","42","134","Departed","Departed","","1"
"SYN-01769","2026-09-16 08:37:00","2026-09-16","2026-09-16 13:18:00","2026-09-16","Green","Normal Operations","A05","2026-09-16 09:11:00","34","34","281","Departed","Departed","","1"
"SYN-01770","2026-09-16 09:26:00","2026-09-16","2026-09-16 13:34:00","2026-09-16","Blue","Normal Operations","A05","2026-09-16 09:46:00","20","20","248","Departed","Departed","","1"
"SYN-01771","2026-09-16 09:30:00","2026-09-16","2026-09-16 14:21:00","2026-09-16","Blue","Normal Operations","A04","2026-09-16 09:55:00","25","25","291","Departed","Departed","","1"
"SYN-01772","2026-09-16 09:33:00","2026-09-16","2026-09-16 14:07:00","2026-09-16","Yellow","Normal Operations","A04","2026-09-16 09:54:00","21","21","274","Departed","Departed","","1"
"SYN-01773","2026-09-16 10:20:00","2026-09-16","2026-09-16 11:56:00","2026-09-16","Green","Normal Operations","A05","2026-09-16 10:35:00","15","15","96","Departed","Departed","","1"
"SYN-01774","2026-09-16 10:35:00","2026-09-16","2026-09-16 12:17:00","2026-09-16","Orange","Normal Operations","A04","2026-09-16 10:55:00","20","20","102","Departed","Departed","","1"
"SYN-01775","2026-09-16 10:54:00","2026-09-16","2026-09-16 14:11:00","2026-09-16","Blue","Normal Operations","A04","2026-09-16 11:31:00","37","37","197","Departed","Departed","","1"
"SYN-01776","2026-09-16 11:22:00","2026-09-16","2026-09-16 13:45:00","2026-09-16","Yellow","Normal Operations","A04","2026-09-16 11:42:00","20","20","143","Departed","Departed","","1"
"SYN-01777","2026-09-16 11:29:00","2026-09-16","2026-09-16 15:09:00","2026-09-16","Green","Normal Operations","A05","2026-09-16 11:51:00","22","22","220","Departed","Departed","","1"
"SYN-01778","2026-09-16 11:34:00","2026-09-16","2026-09-16 13:37:00","2026-09-16","Yellow","Normal Operations","A05","2026-09-16 12:04:00","30","30","123","Departed","Departed","","1"
"SYN-01779","2026-09-16 11:50:00","2026-09-16","2026-09-16 14:46:00","2026-09-16","Yellow","Normal Operations","A04","2026-09-16 12:17:00","27","27","176","Departed","Departed","","1"
"SYN-01780","2026-09-16 12:28:00","2026-09-16","2026-09-16 16:38:00","2026-09-16","Green","Normal Operations","A04","2026-09-16 12:54:00","26","26","250","Departed","Departed","","1"
"SYN-01781","2026-09-16 12:30:00","2026-09-16","2026-09-16 14:15:00","2026-09-16","Yellow","Normal Operations","A04","2026-09-16 12:53:00","23","23","105","Departed","Departed","","1"
"SYN-01782","2026-09-16 12:33:00","2026-09-16","2026-09-16 14:55:00","2026-09-16","Orange","Normal Operations","A04","2026-09-16 12:48:00","15","15","142","Departed","Departed","","1"
"SYN-01783","2026-09-16 12:40:00","2026-09-16","2026-09-16 14:46:00","2026-09-16","Yellow","Normal Operations","A04","2026-09-16 13:05:00","25","25","126","Departed","Departed","","1"
"SYN-01784","2026-09-16 12:50:00","2026-09-16","2026-09-16 14:34:00","2026-09-16","Blue","Normal Operations","A04","2026-09-16 13:16:00","26","26","104","Departed","Departed","","1"
"SYN-01785","2026-09-16 12:58:00","2026-09-16","2026-09-16 15:07:00","2026-09-16","Green","Normal Operations","A04","2026-09-16 13:22:00","24","24","129","Departed","Departed","","1"
"SYN-01786","2026-09-16 13:02:00","2026-09-16","2026-09-16 14:39:00","2026-09-16","Yellow","Normal Operations","A05","2026-09-16 13:24:00","22","22","97","Departed","Departed","","1"
"SYN-01787","2026-09-16 13:44:00","2026-09-16","2026-09-16 16:25:00","2026-09-16","Green","Normal Operations","A04","2026-09-16 14:06:00","22","22","161","Departed","Departed","","1"
"SYN-01788","2026-09-16 13:48:00","2026-09-16","2026-09-16 16:01:00","2026-09-16","Orange","Normal Operations","A04","2026-09-16 14:07:00","19","19","133","Departed","Departed","","1"
"SYN-01789","2026-09-16 13:53:00","2026-09-16","2026-09-16 16:02:00","2026-09-16","Yellow","Normal Operations","A04","2026-09-16 14:28:00","35","35","129","Departed","Departed","","1"
"SYN-01790","2026-09-16 14:13:00","2026-09-16","2026-09-16 17:32:00","2026-09-16","Blue","Normal Operations","A05","2026-09-16 14:50:00","37","37","199","Departed","Departed","","1"
"SYN-01791","2026-09-16 14:21:00","2026-09-16","2026-09-16 20:16:00","2026-09-16","Yellow","Normal Operations","A04","2026-09-16 14:50:00","29","29","355","Departed","Departed","","1"
"SYN-01792","2026-09-16 14:29:00","2026-09-16","2026-09-16 16:50:00","2026-09-16","Green","Normal Operations","A04","2026-09-16 14:55:00","26","26","141","Departed","Departed","","1"
"SYN-01793","2026-09-16 14:30:00","2026-09-16","2026-09-16 18:49:00","2026-09-16","Yellow","Normal Operations","A04","2026-09-16 14:52:00","22","22","259","Departed","Departed","","1"
"SYN-01794","2026-09-16 14:39:00","2026-09-16","2026-09-16 19:52:00","2026-09-16","Green","Normal Operations","A04","2026-09-16 15:12:00","33","33","313","Departed","Departed","","1"
"SYN-01795","2026-09-16 15:05:00","2026-09-16","2026-09-16 17:02:00","2026-09-16","Yellow","Normal Operations","A05","2026-09-16 15:32:00","27","27","117","Departed","Departed","","1"
"SYN-01796","2026-09-16 15:06:00","2026-09-16","2026-09-16 19:35:00","2026-09-16","Yellow","Normal Operations","A04","2026-09-16 15:41:00","35","35","269","Departed","Departed","","1"
"SYN-01797","2026-09-16 15:15:00","2026-09-16","2026-09-16 18:15:00","2026-09-16","Yellow","Normal Operations","A04","2026-09-16 15:39:00","24","24","180","Departed","Departed","","1"
"SYN-01798","2026-09-16 15:17:00","2026-09-16","2026-09-16 17:45:00","2026-09-16","Green","Normal Operations","A05","2026-09-16 15:51:00","34","34","148","Departed","Departed","","1"
"SYN-01799","2026-09-16 15:22:00","2026-09-16","2026-09-16 17:57:00","2026-09-16","Green","Normal Operations","A04","2026-09-16 15:57:00","35","35","155","Departed","Departed","","1"
"SYN-01800","2026-09-16 15:33:00","2026-09-16","2026-09-16 17:03:00","2026-09-16","Blue","Normal Operations","A04","2026-09-16 15:47:00","14","14","90","Departed","Departed","","1"
"SYN-01801","2026-09-16 16:12:00","2026-09-16","2026-09-16 21:05:00","2026-09-16","Blue","Normal Operations","A04","2026-09-16 16:46:00","34","34","293","Departed","Departed","","1"
"SYN-01802","2026-09-16 16:18:00","2026-09-16","2026-09-16 21:36:00","2026-09-16","Green","Normal Operations","A04","2026-09-16 16:43:00","25","25","318","Departed","Departed","","1"
"SYN-01803","2026-09-16 16:27:00","2026-09-16","2026-09-16 19:01:00","2026-09-16","Green","Normal Operations","A04","2026-09-16 16:56:00","29","29","154","Departed","Departed","","1"
"SYN-01804","2026-09-16 16:29:00","2026-09-16","2026-09-16 18:48:00","2026-09-16","Blue","Normal Operations","A05","2026-09-16 16:58:00","29","29","139","Departed","Departed","","1"
"SYN-01805","2026-09-16 16:39:00","2026-09-16","2026-09-16 19:15:00","2026-09-16","Yellow","Normal Operations","A05","2026-09-16 17:01:00","22","22","156","Departed","Departed","","1"
"SYN-01806","2026-09-16 16:49:00","2026-09-16","2026-09-16 19:28:00","2026-09-16","Yellow","Normal Operations","A05","2026-09-16 17:15:00","26","26","159","Departed","Departed","","1"
"SYN-01807","2026-09-16 17:24:00","2026-09-16","2026-09-16 19:26:00","2026-09-16","Yellow","Normal Operations","A05","2026-09-16 17:54:00","30","30","122","Departed","Departed","","1"
"SYN-01808","2026-09-16 17:44:00","2026-09-16","2026-09-16 20:09:00","2026-09-16","Yellow","Normal Operations","A05","2026-09-16 18:03:00","19","19","145","Departed","Departed","","1"
"SYN-01809","2026-09-16 17:47:00","2026-09-16","2026-09-16 21:19:00","2026-09-16","Yellow","Normal Operations","A05","2026-09-16 18:14:00","27","27","212","Departed","Departed","","1"
"SYN-01810","2026-09-16 17:58:00","2026-09-16","2026-09-16 21:07:00","2026-09-16","Green","Normal Operations","A04","2026-09-16 18:30:00","32","32","189","Departed","Departed","","1"
"SYN-01811","2026-09-16 18:09:00","2026-09-16","2026-09-16 20:36:00","2026-09-16","Yellow","Normal Operations","A04","2026-09-16 18:26:00","17","17","147","Departed","Departed","","1"
"SYN-01812","2026-09-16 18:52:00","2026-09-16","2026-09-16 21:26:00","2026-09-16","Green","Normal Operations","A04","2026-09-16 19:09:00","17","17","154","Departed","Departed","","1"
"SYN-01813","2026-09-16 18:55:00","2026-09-16","2026-09-16 22:56:00","2026-09-16","Green","Normal Operations","A04","2026-09-16 19:25:00","30","30","241","Departed","Departed","","1"
"SYN-01814","2026-09-16 19:01:00","2026-09-16","2026-09-16 21:40:00","2026-09-16","Green","Normal Operations","A04","2026-09-16 19:35:00","34","34","159","Departed","Departed","","1"
"SYN-01815","2026-09-16 19:06:00","2026-09-16","2026-09-17 00:29:00","2026-09-17","Green","Normal Operations","A04","2026-09-16 19:23:00","17","17","323","Departed","Departed","","1"
"SYN-01816","2026-09-16 19:30:00","2026-09-16","2026-09-16 23:36:00","2026-09-16","Orange","Normal Operations","A04","2026-09-16 19:50:00","20","20","246","Departed","Departed","","1"
"SYN-01817","2026-09-16 19:33:00","2026-09-16","2026-09-16 22:13:00","2026-09-16","Yellow","Normal Operations","A04","2026-09-16 20:05:00","32","32","160","Departed","Departed","","1"
"SYN-01818","2026-09-16 19:44:00","2026-09-16","2026-09-17 00:09:00","2026-09-17","Orange","Normal Operations","A05","2026-09-16 20:04:00","20","20","265","Departed","Departed","","1"
"SYN-01819","2026-09-16 19:52:00","2026-09-16","2026-09-16 22:35:00","2026-09-16","Green","Normal Operations","A04","2026-09-16 20:31:00","39","39","163","Departed","Departed","","1"
"SYN-01820","2026-09-16 20:30:00","2026-09-16","2026-09-16 22:22:00","2026-09-16","Green","Normal Operations","A04","2026-09-16 20:53:00","23","23","112","Departed","Departed","","1"
"SYN-01821","2026-09-16 20:40:00","2026-09-16","2026-09-17 01:17:00","2026-09-17","Yellow","Normal Operations","A05","2026-09-16 21:07:00","27","27","277","Departed","Departed","","1"
"SYN-01822","2026-09-16 20:48:00","2026-09-16","2026-09-16 23:10:00","2026-09-16","Yellow","Normal Operations","A05","2026-09-16 21:09:00","21","21","142","Departed","Departed","","1"
"SYN-01823","2026-09-16 21:08:00","2026-09-16","2026-09-16 23:36:00","2026-09-16","Yellow","Normal Operations","A04","2026-09-16 21:35:00","27","27","148","Departed","Departed","","1"
"SYN-01824","2026-09-16 21:27:00","2026-09-16","2026-09-16 23:25:00","2026-09-16","Blue","Normal Operations","A05","2026-09-16 21:59:00","32","32","118","Departed","Departed","","1"
"SYN-01825","2026-09-16 21:28:00","2026-09-16","2026-09-17 01:17:00","2026-09-17","Green","Normal Operations","A04","2026-09-16 21:58:00","30","30","229","Departed","Departed","","1"
"SYN-01826","2026-09-16 21:33:00","2026-09-16","2026-09-16 23:33:00","2026-09-16","Green","Normal Operations","A05","2026-09-16 22:08:00","35","35","120","Departed","Departed","","1"
"SYN-01827","2026-09-16 21:39:00","2026-09-16","2026-09-16 23:18:00","2026-09-16","Green","Normal Operations","A04","2026-09-16 22:02:00","23","23","99","Departed","Departed","","1"
"SYN-01828","2026-09-16 21:58:00","2026-09-16","2026-09-17 01:00:00","2026-09-17","Yellow","Normal Operations","A04","2026-09-16 22:25:00","27","27","182","Departed","Departed","","1"
"SYN-01829","2026-09-16 22:07:00","2026-09-16","2026-09-17 01:01:00","2026-09-17","Yellow","Normal Operations","A04","2026-09-16 22:28:00","21","21","174","Departed","Departed","","1"
"SYN-01830","2026-09-16 22:15:00","2026-09-16","2026-09-17 00:05:00","2026-09-17","Yellow","Normal Operations","A04","2026-09-16 22:45:00","30","30","110","Departed","Departed","","1"
"SYN-01831","2026-09-16 22:38:00","2026-09-16","2026-09-17 00:50:00","2026-09-17","Orange","Normal Operations","A04","2026-09-16 22:51:00","13","13","132","Departed","Departed","","1"
"SYN-01832","2026-09-16 22:59:00","2026-09-16","2026-09-17 00:37:00","2026-09-17","Orange","Normal Operations","A04","2026-09-16 23:18:00","19","19","98","Departed","Departed","","1"
"SYN-01833","2026-09-16 23:11:00","2026-09-16","2026-09-17 01:29:00","2026-09-17","Yellow","Normal Operations","A04","2026-09-16 23:30:00","19","19","138","Departed","Departed","","1"
"SYN-01834","2026-09-16 23:39:00","2026-09-16","2026-09-17 02:38:00","2026-09-17","Yellow","Normal Operations","A04","2026-09-16 23:57:00","18","18","179","Departed","Departed","","1"
"SYN-01835","2026-09-16 23:51:00","2026-09-16","2026-09-17 04:16:00","2026-09-17","Yellow","Normal Operations","A04","2026-09-17 00:09:00","18","18","265","Departed","Departed","","1"
"SYN-01836","2026-09-17 00:07:00","2026-09-17","2026-09-17 01:41:00","2026-09-17","Orange","Normal Operations","A04","2026-09-17 00:19:00","12","12","94","Departed","Departed","","1"
"SYN-01837","2026-09-17 00:40:00","2026-09-17","2026-09-17 06:06:00","2026-09-17","Orange","Normal Operations","A05","2026-09-17 00:59:00","19","19","326","Departed","Departed","","1"
"SYN-01838","2026-09-17 01:33:00","2026-09-17","2026-09-17 04:04:00","2026-09-17","Yellow","Normal Operations","A04","2026-09-17 01:58:00","25","25","151","Departed","Departed","","1"
"SYN-01839","2026-09-17 01:54:00","2026-09-17","2026-09-17 04:44:00","2026-09-17","Yellow","Normal Operations","A04","2026-09-17 02:11:00","17","17","170","Departed","Departed","","1"
"SYN-01840","2026-09-17 02:17:00","2026-09-17","2026-09-17 04:21:00","2026-09-17","Yellow","Normal Operations","A04","2026-09-17 02:35:00","18","18","124","Departed","Departed","","1"
"SYN-01841","2026-09-17 02:30:00","2026-09-17","2026-09-17 04:13:00","2026-09-17","Green","Normal Operations","A04","2026-09-17 02:49:00","19","19","103","Departed","Departed","","1"
"SYN-01842","2026-09-17 02:42:00","2026-09-17","2026-09-17 05:14:00","2026-09-17","Yellow","Normal Operations","A04","2026-09-17 03:01:00","19","19","152","Departed","Departed","","1"
"SYN-01843","2026-09-17 03:20:00","2026-09-17","2026-09-17 07:33:00","2026-09-17","Blue","Normal Operations","A04","2026-09-17 03:57:00","37","37","253","Departed","Departed","","1"
"SYN-01844","2026-09-17 03:27:00","2026-09-17","2026-09-17 04:58:00","2026-09-17","Red","Normal Operations","A03","2026-09-17 03:29:00","2","2","91","Departed","Departed","","1"
"SYN-01845","2026-09-17 04:15:00","2026-09-17","2026-09-17 06:13:00","2026-09-17","Orange","Normal Operations","A04","2026-09-17 04:29:00","14","14","118","Departed","Departed","","1"
"SYN-01846","2026-09-17 04:37:00","2026-09-17","2026-09-17 09:24:00","2026-09-17","Green","Normal Operations","A05","2026-09-17 04:56:00","19","19","287","Departed","Departed","","1"
"SYN-01847","2026-09-17 05:14:00","2026-09-17","2026-09-17 07:39:00","2026-09-17","Yellow","Normal Operations","A04","2026-09-17 05:42:00","28","28","145","Departed","Departed","","1"
"SYN-01848","2026-09-17 05:21:00","2026-09-17","2026-09-17 09:59:00","2026-09-17","Green","Normal Operations","A04","2026-09-17 05:49:00","28","28","278","Departed","Departed","","1"
"SYN-01849","2026-09-17 05:28:00","2026-09-17","2026-09-17 08:32:00","2026-09-17","Blue","Normal Operations","A04","2026-09-17 06:06:00","38","38","184","Departed","Departed","","1"
"SYN-01850","2026-09-17 06:27:00","2026-09-17","2026-09-17 11:44:00","2026-09-17","Green","Normal Operations","A04","2026-09-17 07:05:00","38","38","317","Departed","Departed","","1"
"SYN-01851","2026-09-17 06:45:00","2026-09-17","2026-09-17 12:19:00","2026-09-17","Yellow","Normal Operations","A05","2026-09-17 07:13:00","28","28","334","Departed","Departed","","1"
"SYN-01852","2026-09-17 07:19:00","2026-09-17","2026-09-17 09:17:00","2026-09-17","Orange","Normal Operations","A05","2026-09-17 07:38:00","19","19","118","Departed","Departed","","1"
"SYN-01853","2026-09-17 07:23:00","2026-09-17","2026-09-17 09:58:00","2026-09-17","Yellow","Normal Operations","A04","2026-09-17 07:55:00","32","32","155","Departed","Departed","","1"
"SYN-01854","2026-09-17 07:30:00","2026-09-17","2026-09-17 10:14:00","2026-09-17","Green","Normal Operations","A04","2026-09-17 07:55:00","25","25","164","Departed","Departed","","1"
"SYN-01855","2026-09-17 07:49:00","2026-09-17","2026-09-17 10:28:00","2026-09-17","Yellow","Normal Operations","A04","2026-09-17 08:23:00","34","34","159","Departed","Departed","","1"
"SYN-01856","2026-09-17 07:57:00","2026-09-17","2026-09-17 09:57:00","2026-09-17","Green","Normal Operations","A04","2026-09-17 08:19:00","22","22","120","Departed","Departed","","1"
"SYN-01857","2026-09-17 08:01:00","2026-09-17","2026-09-17 09:55:00","2026-09-17","Yellow","Normal Operations","A04","2026-09-17 08:20:00","19","19","114","Departed","Departed","","1"
"SYN-01858","2026-09-17 08:08:00","2026-09-17","2026-09-17 10:31:00","2026-09-17","Green","Normal Operations","A04","2026-09-17 08:42:00","34","34","143","Departed","Departed","","1"
"SYN-01859","2026-09-17 08:15:00","2026-09-17","2026-09-17 11:17:00","2026-09-17","Blue","Normal Operations","A05","2026-09-17 08:34:00","19","19","182","Departed","Departed","","1"
"SYN-01860","2026-09-17 09:09:00","2026-09-17","2026-09-17 11:46:00","2026-09-17","Red","Normal Operations","A03","2026-09-17 09:11:00","2","2","157","Departed","Departed","","1"
"SYN-01861","2026-09-17 09:13:00","2026-09-17","2026-09-17 12:21:00","2026-09-17","Yellow","Normal Operations","A04","2026-09-17 09:43:00","30","30","188","Departed","Departed","","1"
"SYN-01862","2026-09-17 09:19:00","2026-09-17","2026-09-17 11:49:00","2026-09-17","Green","Normal Operations","A04","2026-09-17 09:54:00","35","35","150","Departed","Departed","","1"
"SYN-01863","2026-09-17 10:09:00","2026-09-17","2026-09-17 17:20:00","2026-09-17","Yellow","High Demand","A04","2026-09-17 11:06:00","57","57","431","Departed","Departed","","1"
"SYN-01864","2026-09-17 10:10:00","2026-09-17","2026-09-17 13:04:00","2026-09-17","Green","High Demand","A05","2026-09-17 10:42:00","32","32","174","Departed","Departed","","1"
"SYN-01865","2026-09-17 10:20:00","2026-09-17","2026-09-17 12:28:00","2026-09-17","Green","High Demand","A04","2026-09-17 10:44:00","24","24","128","Departed","Departed","","1"
"SYN-01866","2026-09-17 10:20:00","2026-09-17","2026-09-17 12:41:00","2026-09-17","Yellow","High Demand","A04","2026-09-17 11:15:00","55","55","141","Departed","Departed","","1"
"SYN-01867","2026-09-17 10:25:00","2026-09-17","2026-09-17 14:44:00","2026-09-17","Green","High Demand","A04","2026-09-17 11:16:00","51","51","259","Departed","Departed","","1"
"SYN-01868","2026-09-17 10:26:00","2026-09-17","2026-09-17 14:05:00","2026-09-17","Yellow","High Demand","A04","2026-09-17 11:26:00","60","60","219","Departed","Departed","","1"
"SYN-01869","2026-09-17 10:45:00","2026-09-17","2026-09-17 13:08:00","2026-09-17","Blue","High Demand","A05","2026-09-17 11:52:00","67","67","143","Departed","Departed","","1"
"SYN-01870","2026-09-17 10:46:00","2026-09-17","2026-09-17 15:17:00","2026-09-17","Green","High Demand","A04","2026-09-17 11:55:00","69","69","271","Departed","Departed","","1"
"SYN-01871","2026-09-17 10:47:00","2026-09-17","2026-09-17 19:53:00","2026-09-17","Blue","High Demand","A04","2026-09-17 12:02:00","75","75","546","Departed","Departed","","1"
"SYN-01872","2026-09-17 11:09:00","2026-09-17","2026-09-17 15:22:00","2026-09-17","Green","High Demand","A05","2026-09-17 12:13:00","64","64","253","Departed","Departed","","1"
"SYN-01873","2026-09-17 11:13:00","2026-09-17","2026-09-17 13:38:00","2026-09-17","Yellow","High Demand","A04","2026-09-17 11:33:00","20","20","145","Departed","Departed","","1"
"SYN-01874","2026-09-17 11:22:00","2026-09-17","2026-09-17 19:12:00","2026-09-17","Yellow","High Demand","A04","2026-09-17 12:11:00","49","49","470","Departed","Departed","","1"
"SYN-01875","2026-09-17 11:32:00","2026-09-17","2026-09-17 15:11:00","2026-09-17","Blue","High Demand","A04","2026-09-17 12:22:00","50","50","219","Departed","Departed","","1"
"SYN-01876","2026-09-17 11:38:00","2026-09-17","2026-09-17 19:34:00","2026-09-17","Yellow","High Demand","A04","2026-09-17 11:58:00","20","20","476","Departed","Departed","","1"
"SYN-01877","2026-09-17 11:48:00","2026-09-17","2026-09-17 13:41:00","2026-09-17","Blue","High Demand","A04","2026-09-17 12:02:00","14","14","113","Departed","Departed","","1"
"SYN-01878","2026-09-17 11:48:00","2026-09-17","2026-09-17 13:23:00","2026-09-17","Orange","High Demand","A04","2026-09-17 12:05:00","17","17","95","Departed","Departed","","1"
"SYN-01879","2026-09-17 11:52:00","2026-09-17","2026-09-17 15:08:00","2026-09-17","Yellow","High Demand","A04","2026-09-17 12:53:00","61","61","196","Departed","Departed","","1"
"SYN-01880","2026-09-17 11:53:00","2026-09-17","2026-09-17 14:05:00","2026-09-17","Yellow","High Demand","A04","2026-09-17 12:42:00","49","49","132","Departed","Departed","","1"
"SYN-01881","2026-09-17 12:02:00","2026-09-17","2026-09-17 21:06:00","2026-09-17","Blue","High Demand","A04","2026-09-17 12:33:00","31","31","544","Departed","Departed","","1"
"SYN-01882","2026-09-17 12:14:00","2026-09-17","2026-09-17 18:34:00","2026-09-17","Green","High Demand","A04","2026-09-17 12:40:00","26","26","380","Departed","Departed","","1"
"SYN-01883","2026-09-17 12:15:00","2026-09-17","2026-09-17 14:44:00","2026-09-17","Orange","High Demand","A04","2026-09-17 12:28:00","13","13","149","Departed","Departed","","1"
"SYN-01884","2026-09-17 12:26:00","2026-09-17","2026-09-17 14:33:00","2026-09-17","Green","High Demand","A04","2026-09-17 12:48:00","22","22","127","Departed","Departed","","1"
"SYN-01885","2026-09-17 12:28:00","2026-09-17","2026-09-17 15:09:00","2026-09-17","Green","High Demand","A05","2026-09-17 13:16:00","48","48","161","Departed","Departed","","1"
"SYN-01886","2026-09-17 12:42:00","2026-09-17","2026-09-17 17:05:00","2026-09-17","Green","High Demand","A05","2026-09-17 13:22:00","40","40","263","Departed","Departed","","1"
"SYN-01887","2026-09-17 12:52:00","2026-09-17","2026-09-17 16:26:00","2026-09-17","Yellow","High Demand","A04","2026-09-17 13:55:00","63","63","214","Departed","Departed","","1"
"SYN-01888","2026-09-17 12:54:00","2026-09-17","2026-09-17 16:14:00","2026-09-17","Green","High Demand","A04","2026-09-17 14:02:00","68","68","200","Departed","Departed","","1"
"SYN-01889","2026-09-17 13:05:00","2026-09-17","2026-09-17 17:31:00","2026-09-17","Yellow","High Demand","A04","2026-09-17 14:14:00","69","69","266","Departed","Departed","","1"
"SYN-01890","2026-09-17 13:17:00","2026-09-17","2026-09-17 17:33:00","2026-09-17","Yellow","High Demand","A04","2026-09-17 14:14:00","57","57","256","Departed","Departed","","1"
"SYN-01891","2026-09-17 13:32:00","2026-09-17","2026-09-17 16:27:00","2026-09-17","Yellow","High Demand","A04","2026-09-17 14:17:00","45","45","175","Departed","Departed","","1"
"SYN-01892","2026-09-17 13:37:00","2026-09-17","2026-09-17 16:08:00","2026-09-17","Yellow","High Demand","A05","2026-09-17 14:43:00","66","66","151","Departed","Departed","","1"
"SYN-01893","2026-09-17 13:40:00","2026-09-17","2026-09-17 17:53:00","2026-09-17","Green","High Demand","A04","2026-09-17 14:26:00","46","46","253","Departed","Departed","","1"
"SYN-01894","2026-09-17 13:43:00","2026-09-17","2026-09-17 16:41:00","2026-09-17","Yellow","High Demand","A04","2026-09-17 14:35:00","52","52","178","Departed","Departed","","1"
"SYN-01895","2026-09-17 13:54:00","2026-09-17","2026-09-17 16:04:00","2026-09-17","Green","High Demand","A05","2026-09-17 14:31:00","37","37","130","Departed","Departed","","1"
"SYN-01896","2026-09-17 13:54:00","2026-09-17","2026-09-17 18:23:00","2026-09-17","Yellow","High Demand","A04","2026-09-17 14:56:00","62","62","269","Departed","Departed","","1"
"SYN-01897","2026-09-17 13:55:00","2026-09-17","2026-09-17 15:45:00","2026-09-17","Yellow","High Demand","A05","2026-09-17 14:22:00","27","27","110","Departed","Departed","","1"
"SYN-01898","2026-09-17 14:05:00","2026-09-17","2026-09-17 18:18:00","2026-09-17","Yellow","High Demand","A04","2026-09-17 14:53:00","48","48","253","Departed","Departed","","1"
"SYN-01899","2026-09-17 14:06:00","2026-09-17","2026-09-17 17:12:00","2026-09-17","Yellow","High Demand","A04","2026-09-17 14:59:00","53","53","186","Departed","Departed","","1"
"SYN-01900","2026-09-17 14:07:00","2026-09-17","2026-09-17 16:36:00","2026-09-17","Orange","High Demand","A04","2026-09-17 14:45:00","38","38","149","Departed","Departed","","1"
"SYN-01901","2026-09-17 14:18:00","2026-09-17","2026-09-17 17:27:00","2026-09-17","Green","High Demand","A04","2026-09-17 14:59:00","41","41","189","Departed","Departed","","1"
"SYN-01902","2026-09-17 14:21:00","2026-09-17","2026-09-17 18:15:00","2026-09-17","Blue","High Demand","A05","2026-09-17 15:33:00","72","72","234","Departed","Departed","","1"
"SYN-01903","2026-09-17 14:24:00","2026-09-17","2026-09-17 16:50:00","2026-09-17","Yellow","High Demand","A04","2026-09-17 15:08:00","44","44","146","Departed","Departed","","1"
"SYN-01904","2026-09-17 14:27:00","2026-09-17","2026-09-17 19:06:00","2026-09-17","Red","High Demand","A03","2026-09-17 14:29:00","2","2","279","Departed","Departed","","1"
"SYN-01905","2026-09-17 14:38:00","2026-09-17","2026-09-17 17:25:00","2026-09-17","Green","High Demand","A05","2026-09-17 15:15:00","37","37","167","Departed","Departed","","1"
"SYN-01906","2026-09-17 14:40:00","2026-09-17","2026-09-17 18:00:00","2026-09-17","Green","High Demand","A05","2026-09-17 15:09:00","29","29","200","Departed","Departed","","1"
"SYN-01907","2026-09-17 14:58:00","2026-09-17","2026-09-17 17:15:00","2026-09-17","Green","High Demand","A04","2026-09-17 15:18:00","20","20","137","Departed","Departed","","1"
"SYN-01908","2026-09-17 15:04:00","2026-09-17","2026-09-17 18:33:00","2026-09-17","Orange","High Demand","A04","2026-09-17 15:26:00","22","22","209","Departed","Departed","","1"
"SYN-01909","2026-09-17 15:06:00","2026-09-17","2026-09-17 18:12:00","2026-09-17","Green","High Demand","A05","2026-09-17 15:20:00","14","14","186","Departed","Departed","","1"
"SYN-01910","2026-09-17 15:18:00","2026-09-17","2026-09-17 18:08:00","2026-09-17","Yellow","High Demand","A04","2026-09-17 15:46:00","28","28","170","Departed","Departed","","1"
"SYN-01911","2026-09-17 15:19:00","2026-09-17","2026-09-17 18:40:00","2026-09-17","Yellow","High Demand","A04","2026-09-17 15:57:00","38","38","201","Departed","Departed","","1"
"SYN-01912","2026-09-17 15:22:00","2026-09-17","2026-09-17 17:51:00","2026-09-17","Green","High Demand","A04","2026-09-17 16:16:00","54","54","149","Departed","Departed","","1"
"SYN-01913","2026-09-17 15:24:00","2026-09-17","2026-09-17 17:53:00","2026-09-17","Yellow","High Demand","A04","2026-09-17 16:18:00","54","54","149","Departed","Departed","","1"
"SYN-01914","2026-09-17 15:32:00","2026-09-17","2026-09-17 18:36:00","2026-09-17","Yellow","High Demand","A04","2026-09-17 16:26:00","54","54","184","Departed","Departed","","1"
"SYN-01915","2026-09-17 15:38:00","2026-09-17","2026-09-17 19:37:00","2026-09-17","Green","High Demand","A04","2026-09-17 16:27:00","49","49","239","Departed","Departed","","1"
"SYN-01916","2026-09-17 15:40:00","2026-09-17","2026-09-17 21:52:00","2026-09-17","Orange","High Demand","A04","2026-09-17 16:36:00","56","56","372","Departed","Departed","","1"
"SYN-01917","2026-09-17 15:51:00","2026-09-17","2026-09-17 18:18:00","2026-09-17","Green","High Demand","A04","2026-09-17 16:41:00","50","50","147","Departed","Departed","","1"
"SYN-01918","2026-09-17 16:03:00","2026-09-17","2026-09-17 20:48:00","2026-09-17","Yellow","High Demand","A04","2026-09-17 17:14:00","71","71","285","Departed","Departed","","1"
"SYN-01919","2026-09-17 16:03:00","2026-09-17","2026-09-17 19:35:00","2026-09-17","Yellow","High Demand","A04","2026-09-17 17:12:00","69","69","212","Departed","Departed","","1"
"SYN-01920","2026-09-17 16:05:00","2026-09-17","2026-09-17 21:12:00","2026-09-17","Green","High Demand","A04","2026-09-17 17:15:00","70","70","307","Departed","Departed","","1"
"SYN-01921","2026-09-17 16:08:00","2026-09-17","2026-09-17 22:42:00","2026-09-17","Yellow","High Demand","A05","2026-09-17 16:49:00","41","41","394","Departed","Departed","","1"
"SYN-01922","2026-09-17 16:11:00","2026-09-17","2026-09-17 20:34:00","2026-09-17","Green","High Demand","A04","2026-09-17 17:27:00","76","76","263","Departed","Departed","","1"
"SYN-01923","2026-09-17 16:15:00","2026-09-17","2026-09-17 20:04:00","2026-09-17","Blue","High Demand","A04","2026-09-17 17:31:00","76","76","229","Departed","Departed","","1"
"SYN-01924","2026-09-17 16:46:00","2026-09-17","2026-09-17 19:29:00","2026-09-17","Orange","High Demand","A04","2026-09-17 17:33:00","47","47","163","Departed","Departed","","1"
"SYN-01925","2026-09-17 16:51:00","2026-09-17","2026-09-17 22:58:00","2026-09-17","Orange","High Demand","A04","2026-09-17 17:51:00","60","60","367","Departed","Departed","","1"
"SYN-01926","2026-09-17 17:07:00","2026-09-17","2026-09-17 21:07:00","2026-09-17","Yellow","High Demand","A04","2026-09-17 17:53:00","46","46","240","Departed","Departed","","1"
"SYN-01927","2026-09-17 17:08:00","2026-09-17","2026-09-17 20:28:00","2026-09-17","Green","High Demand","A04","2026-09-17 17:53:00","45","45","200","Departed","Departed","","1"
"SYN-01928","2026-09-17 17:13:00","2026-09-17","2026-09-17 21:49:00","2026-09-17","Green","High Demand","A04","2026-09-17 18:08:00","55","55","276","Departed","Departed","","1"
"SYN-01929","2026-09-17 17:22:00","2026-09-17","2026-09-17 21:43:00","2026-09-17","Yellow","High Demand","A04","2026-09-17 18:25:00","63","63","261","Departed","Departed","","1"
"SYN-01930","2026-09-17 17:37:00","2026-09-17","2026-09-17 19:33:00","2026-09-17","Orange","High Demand","A05","2026-09-17 17:58:00","21","21","116","Departed","Departed","","1"
"SYN-01931","2026-09-17 17:40:00","2026-09-17","2026-09-17 21:41:00","2026-09-17","Green","High Demand","A04","2026-09-17 18:35:00","55","55","241","Departed","Departed","","1"
"SYN-01932","2026-09-17 17:40:00","2026-09-17","2026-09-17 22:33:00","2026-09-17","Yellow","High Demand","A04","2026-09-17 18:26:00","46","46","293","Departed","Departed","","1"
"SYN-01933","2026-09-17 18:03:00","2026-09-17","2026-09-17 20:53:00","2026-09-17","Green","High Demand","A05","2026-09-17 18:49:00","46","46","170","Departed","Departed","","1"
"SYN-01934","2026-09-17 18:22:00","2026-09-17","2026-09-17 20:48:00","2026-09-17","Yellow","High Demand","A05","2026-09-17 19:03:00","41","41","146","Departed","Departed","","1"
"SYN-01935","2026-09-17 18:26:00","2026-09-17","2026-09-17 20:12:00","2026-09-17","Red","High Demand","A03","2026-09-17 18:28:00","2","2","106","Departed","Departed","","1"
"SYN-01936","2026-09-17 18:30:00","2026-09-17","2026-09-17 23:34:00","2026-09-17","Orange","High Demand","A04","2026-09-17 18:43:00","13","13","304","Departed","Departed","","1"
"SYN-01937","2026-09-17 18:36:00","2026-09-17","2026-09-17 22:05:00","2026-09-17","Green","High Demand","A04","2026-09-17 19:46:00","70","70","209","Departed","Departed","","1"
"SYN-01938","2026-09-17 18:44:00","2026-09-17","2026-09-17 22:44:00","2026-09-17","Green","High Demand","A04","2026-09-17 19:36:00","52","52","240","Departed","Departed","","1"
"SYN-01939","2026-09-17 18:50:00","2026-09-17","2026-09-17 21:57:00","2026-09-17","Orange","High Demand","A05","2026-09-17 19:07:00","17","17","187","Departed","Departed","","1"
"SYN-01940","2026-09-17 18:50:00","2026-09-17","2026-09-17 23:54:00","2026-09-17","Green","High Demand","A04","2026-09-17 19:21:00","31","31","304","Departed","Departed","","1"
"SYN-01941","2026-09-17 18:56:00","2026-09-17","2026-09-17 20:43:00","2026-09-17","Orange","High Demand","A04","2026-09-17 19:17:00","21","21","107","Departed","Departed","","1"
"SYN-01942","2026-09-17 19:01:00","2026-09-17","2026-09-17 20:43:00","2026-09-17","Green","High Demand","A05","2026-09-17 19:33:00","32","32","102","Departed","Departed","","1"
"SYN-01943","2026-09-17 19:16:00","2026-09-17","2026-09-17 22:45:00","2026-09-17","Yellow","High Demand","A04","2026-09-17 20:09:00","53","53","209","Departed","Departed","","1"
"SYN-01944","2026-09-17 19:17:00","2026-09-17","2026-09-17 22:25:00","2026-09-17","Green","High Demand","A04","2026-09-17 20:28:00","71","71","188","Departed","Departed","","1"
"SYN-01945","2026-09-17 19:21:00","2026-09-17","2026-09-17 23:17:00","2026-09-17","Green","High Demand","A04","2026-09-17 19:46:00","25","25","236","Departed","Departed","","1"
"SYN-01946","2026-09-17 19:23:00","2026-09-17","2026-09-17 23:45:00","2026-09-17","Yellow","High Demand","A04","2026-09-17 20:27:00","64","64","262","Departed","Departed","","1"
"SYN-01947","2026-09-17 19:27:00","2026-09-17","2026-09-17 23:00:00","2026-09-17","Yellow","High Demand","A04","2026-09-17 19:45:00","18","18","213","Departed","Departed","","1"
"SYN-01948","2026-09-17 19:45:00","2026-09-17","2026-09-17 22:22:00","2026-09-17","Green","High Demand","A04","2026-09-17 20:41:00","56","56","157","Departed","Departed","","1"
"SYN-01949","2026-09-17 19:51:00","2026-09-17","2026-09-17 22:13:00","2026-09-17","Yellow","High Demand","A04","2026-09-17 20:52:00","61","61","142","Departed","Departed","","1"
"SYN-01950","2026-09-17 19:54:00","2026-09-17","2026-09-17 22:23:00","2026-09-17","Yellow","High Demand","A04","2026-09-17 20:54:00","60","60","149","Departed","Departed","","1"
"SYN-01951","2026-09-17 19:58:00","2026-09-17","2026-09-17 22:49:00","2026-09-17","Red","High Demand","A03","2026-09-17 20:00:00","2","2","171","Departed","Departed","","1"
"SYN-01952","2026-09-17 20:03:00","2026-09-17","2026-09-17 22:48:00","2026-09-17","Green","High Demand","A04","2026-09-17 20:49:00","46","46","165","Departed","Departed","","1"
"SYN-01953","2026-09-17 20:22:00","2026-09-17","2026-09-18 00:30:00","2026-09-18","Yellow","High Demand","A05","2026-09-17 20:45:00","23","23","248","Departed","Departed","","1"
"SYN-01954","2026-09-17 20:25:00","2026-09-17","2026-09-18 04:33:00","2026-09-18","Yellow","High Demand","A04","2026-09-17 20:48:00","23","23","488","Departed","Departed","","1"
"SYN-01955","2026-09-17 20:26:00","2026-09-17","2026-09-18 00:17:00","2026-09-18","Yellow","High Demand","A04","2026-09-17 20:58:00","32","32","231","Departed","Departed","","1"
"SYN-01956","2026-09-17 20:40:00","2026-09-17","2026-09-18 00:29:00","2026-09-18","Yellow","High Demand","A04","2026-09-17 21:14:00","34","34","229","Departed","Departed","","1"
"SYN-01957","2026-09-17 20:54:00","2026-09-17","2026-09-17 23:08:00","2026-09-17","Orange","High Demand","A04","2026-09-17 21:41:00","47","47","134","Departed","Departed","","1"
"SYN-01958","2026-09-17 20:55:00","2026-09-17","2026-09-18 00:51:00","2026-09-18","Green","High Demand","A04","2026-09-17 22:08:00","73","73","236","Departed","Departed","","1"
"SYN-01959","2026-09-17 20:58:00","2026-09-17","2026-09-18 02:08:00","2026-09-18","Green","High Demand","A05","2026-09-17 21:51:00","53","53","310","Departed","Departed","","1"
"SYN-01960","2026-09-17 21:07:00","2026-09-17","2026-09-17 22:52:00","2026-09-17","Green","High Demand","A05","2026-09-17 21:23:00","16","16","105","Departed","Departed","","1"
"SYN-01961","2026-09-17 21:10:00","2026-09-17","2026-09-18 00:17:00","2026-09-18","Green","High Demand","A04","2026-09-17 22:25:00","75","75","187","Departed","Departed","","1"
"SYN-01962","2026-09-17 21:19:00","2026-09-17","2026-09-18 01:59:00","2026-09-18","Blue","High Demand","A04","2026-09-17 22:05:00","46","46","280","Departed","Departed","","1"
"SYN-01963","2026-09-17 21:24:00","2026-09-17","2026-09-18 01:40:00","2026-09-18","Yellow","High Demand","A05","2026-09-17 22:21:00","57","57","256","Departed","Departed","","1"
"SYN-01964","2026-09-17 21:27:00","2026-09-17","2026-09-18 02:05:00","2026-09-18","Blue","High Demand","A04","2026-09-17 22:38:00","71","71","278","Departed","Departed","","1"
"SYN-01965","2026-09-17 21:30:00","2026-09-17","2026-09-17 23:30:00","2026-09-17","Green","High Demand","A04","2026-09-17 22:13:00","43","43","120","Departed","Departed","","1"
"SYN-01966","2026-09-17 21:37:00","2026-09-17","2026-09-18 04:39:00","2026-09-18","Yellow","High Demand","A04","2026-09-17 22:22:00","45","45","422","Departed","Departed","","1"
"SYN-01967","2026-09-17 21:41:00","2026-09-17","2026-09-18 01:51:00","2026-09-18","Blue","High Demand","A04","2026-09-17 22:35:00","54","54","250","Departed","Departed","","1"
"SYN-01968","2026-09-17 21:58:00","2026-09-17","2026-09-18 00:35:00","2026-09-18","Yellow","High Demand","A04","2026-09-17 23:04:00","66","66","157","Departed","Departed","","1"
"SYN-01969","2026-09-17 21:58:00","2026-09-17","2026-09-18 02:07:00","2026-09-18","Orange","High Demand","A04","2026-09-17 22:44:00","46","46","249","Departed","Departed","","1"
"SYN-01970","2026-09-17 22:10:00","2026-09-17","2026-09-18 00:23:00","2026-09-18","Orange","Normal Operations","A05","2026-09-17 22:22:00","12","12","133","Departed","Departed","","1"
"SYN-01971","2026-09-17 22:24:00","2026-09-17","2026-09-18 00:57:00","2026-09-18","Orange","Normal Operations","A04","2026-09-17 22:45:00","21","21","153","Departed","Departed","","1"
"SYN-01972","2026-09-17 22:29:00","2026-09-17","2026-09-18 03:28:00","2026-09-18","Green","Normal Operations","A04","2026-09-17 22:57:00","28","28","299","Departed","Departed","","1"
"SYN-01973","2026-09-17 22:30:00","2026-09-17","2026-09-18 02:43:00","2026-09-18","Yellow","Normal Operations","A04","2026-09-17 23:00:00","30","30","253","Departed","Departed","","1"
"SYN-01974","2026-09-17 23:01:00","2026-09-17","2026-09-18 01:08:00","2026-09-18","Yellow","Normal Operations","A04","2026-09-17 23:20:00","19","19","127","Departed","Departed","","1"
"SYN-01975","2026-09-17 23:49:00","2026-09-17","2026-09-18 03:22:00","2026-09-18","Yellow","Normal Operations","A05","2026-09-18 00:09:00","20","20","213","Departed","Departed","","1"
"SYN-01976","2026-09-17 23:51:00","2026-09-17","2026-09-18 05:20:00","2026-09-18","Blue","Normal Operations","A04","2026-09-18 00:11:00","20","20","329","Departed","Departed","","1"
"SYN-01977","2026-09-17 23:52:00","2026-09-17","2026-09-18 04:15:00","2026-09-18","Green","Normal Operations","A05","2026-09-18 00:27:00","35","35","263","Departed","Departed","","1"
"SYN-01978","2026-09-17 23:54:00","2026-09-17","2026-09-18 02:30:00","2026-09-18","Yellow","Normal Operations","A04","2026-09-18 00:09:00","15","15","156","Departed","Departed","","1"
"SYN-01979","2026-09-17 23:57:00","2026-09-17","2026-09-18 02:42:00","2026-09-18","Yellow","Normal Operations","A04","2026-09-18 00:32:00","35","35","165","Departed","Departed","","1"
"SYN-01980","2026-09-18 00:01:00","2026-09-18","2026-09-18 02:36:00","2026-09-18","Red","Normal Operations","A03","2026-09-18 00:03:00","2","2","155","Departed","Departed","","1"
"SYN-01981","2026-09-18 00:11:00","2026-09-18","2026-09-18 02:46:00","2026-09-18","Green","Normal Operations","A05","2026-09-18 00:46:00","35","35","155","Departed","Departed","","1"
"SYN-01982","2026-09-18 00:29:00","2026-09-18","2026-09-18 03:32:00","2026-09-18","Yellow","Normal Operations","A04","2026-09-18 00:57:00","28","28","183","Departed","Departed","","1"
"SYN-01983","2026-09-18 01:57:00","2026-09-18","2026-09-18 03:58:00","2026-09-18","Green","Normal Operations","A04","2026-09-18 02:13:00","16","16","121","Departed","Departed","","1"
"SYN-01984","2026-09-18 02:23:00","2026-09-18","2026-09-18 04:28:00","2026-09-18","Orange","Normal Operations","A04","2026-09-18 02:33:00","10","10","125","Departed","Departed","","1"
"SYN-01985","2026-09-18 02:53:00","2026-09-18","2026-09-18 05:25:00","2026-09-18","Green","Normal Operations","A04","2026-09-18 03:12:00","19","19","152","Departed","Departed","","1"
"SYN-01986","2026-09-18 03:05:00","2026-09-18","2026-09-18 05:38:00","2026-09-18","Yellow","Normal Operations","A05","2026-09-18 03:27:00","22","22","153","Departed","Departed","","1"
"SYN-01987","2026-09-18 04:31:00","2026-09-18","2026-09-18 06:35:00","2026-09-18","Green","Normal Operations","A04","2026-09-18 04:52:00","21","21","124","Departed","Departed","","1"
"SYN-01988","2026-09-18 04:47:00","2026-09-18","2026-09-18 07:07:00","2026-09-18","Green","Normal Operations","A04","2026-09-18 05:20:00","33","33","140","Departed","Departed","","1"
"SYN-01989","2026-09-18 04:59:00","2026-09-18","2026-09-18 06:46:00","2026-09-18","Green","Normal Operations","A04","2026-09-18 05:25:00","26","26","107","Departed","Departed","","1"
"SYN-01990","2026-09-18 05:56:00","2026-09-18","2026-09-18 09:18:00","2026-09-18","Red","Normal Operations","A03","2026-09-18 05:58:00","2","2","202","Departed","Departed","","1"
"SYN-01991","2026-09-18 06:26:00","2026-09-18","2026-09-18 11:40:00","2026-09-18","Yellow","Normal Operations","A04","2026-09-18 07:05:00","39","39","314","Departed","Departed","","1"
"SYN-01992","2026-09-18 07:09:00","2026-09-18","2026-09-18 09:57:00","2026-09-18","Yellow","Normal Operations","A04","2026-09-18 07:42:00","33","33","168","Departed","Departed","","1"
"SYN-01993","2026-09-18 07:21:00","2026-09-18","2026-09-18 09:56:00","2026-09-18","Yellow","Normal Operations","A04","2026-09-18 07:52:00","31","31","155","Departed","Departed","","1"
"SYN-01994","2026-09-18 07:21:00","2026-09-18","2026-09-18 10:21:00","2026-09-18","Orange","Normal Operations","A04","2026-09-18 07:38:00","17","17","180","Departed","Departed","","1"
"SYN-01995","2026-09-18 07:31:00","2026-09-18","2026-09-18 10:13:00","2026-09-18","Yellow","Normal Operations","A05","2026-09-18 07:50:00","19","19","162","Departed","Departed","","1"
"SYN-01996","2026-09-18 07:38:00","2026-09-18","2026-09-18 11:17:00","2026-09-18","Yellow","Normal Operations","A04","2026-09-18 08:02:00","24","24","219","Departed","Departed","","1"
"SYN-01997","2026-09-18 08:11:00","2026-09-18","2026-09-18 10:21:00","2026-09-18","Yellow","Normal Operations","A04","2026-09-18 08:35:00","24","24","130","Departed","Departed","","1"
"SYN-01998","2026-09-18 08:13:00","2026-09-18","2026-09-18 11:08:00","2026-09-18","Blue","Normal Operations","A04","2026-09-18 08:37:00","24","24","175","Departed","Departed","","1"
"SYN-01999","2026-09-18 08:26:00","2026-09-18","2026-09-18 11:35:00","2026-09-18","Green","Normal Operations","A05","2026-09-18 08:53:00","27","27","189","Departed","Departed","","1"
"SYN-02000","2026-09-18 08:44:00","2026-09-18","2026-09-18 12:00:00","2026-09-18","Green","Normal Operations","A04","2026-09-18 09:21:00","37","37","196","Departed","Departed","","1"
"SYN-02001","2026-09-18 08:58:00","2026-09-18","2026-09-18 11:27:00","2026-09-18","Yellow","Normal Operations","A05","2026-09-18 09:28:00","30","30","149","Departed","Departed","","1"
"SYN-02002","2026-09-18 09:21:00","2026-09-18","2026-09-18 12:40:00","2026-09-18","Orange","Normal Operations","A05","2026-09-18 09:31:00","10","10","199","Departed","Departed","","1"
"SYN-02003","2026-09-18 09:47:00","2026-09-18","2026-09-18 12:47:00","2026-09-18","Green","Normal Operations","A04","2026-09-18 10:08:00","21","21","180","Departed","Departed","","1"
"SYN-02004","2026-09-18 09:51:00","2026-09-18","2026-09-18 13:09:00","2026-09-18","Blue","Normal Operations","A04","2026-09-18 10:29:00","38","38","198","Departed","Departed","","1"
"SYN-02005","2026-09-18 10:03:00","2026-09-18","2026-09-18 13:58:00","2026-09-18","Green","High Demand","A04","2026-09-18 11:00:00","57","57","235","Departed","Departed","","1"
"SYN-02006","2026-09-18 10:19:00","2026-09-18","2026-09-18 18:18:00","2026-09-18","Green","High Demand","A04","2026-09-18 10:54:00","35","35","479","Departed","Departed","","1"
"SYN-02007","2026-09-18 10:20:00","2026-09-18","2026-09-18 12:12:00","2026-09-18","Blue","High Demand","A05","2026-09-18 10:48:00","28","28","112","Departed","Departed","","1"
"SYN-02008","2026-09-18 10:27:00","2026-09-18","2026-09-18 13:47:00","2026-09-18","Yellow","High Demand","A04","2026-09-18 11:31:00","64","64","200","Departed","Departed","","1"
"SYN-02009","2026-09-18 10:30:00","2026-09-18","2026-09-18 12:53:00","2026-09-18","Yellow","High Demand","A04","2026-09-18 11:35:00","65","65","143","Departed","Departed","","1"
"SYN-02010","2026-09-18 10:32:00","2026-09-18","2026-09-18 14:04:00","2026-09-18","Green","High Demand","A04","2026-09-18 10:47:00","15","15","212","Departed","Departed","","1"
"SYN-02011","2026-09-18 10:38:00","2026-09-18","2026-09-18 12:38:00","2026-09-18","Yellow","High Demand","A05","2026-09-18 11:25:00","47","47","120","Departed","Departed","","1"
"SYN-02012","2026-09-18 10:45:00","2026-09-18","2026-09-18 13:48:00","2026-09-18","Green","High Demand","A04","2026-09-18 11:59:00","74","74","183","Departed","Departed","","1"
"SYN-02013","2026-09-18 10:53:00","2026-09-18","2026-09-18 13:59:00","2026-09-18","Yellow","High Demand","A05","2026-09-18 11:29:00","36","36","186","Departed","Departed","","1"
"SYN-02014","2026-09-18 11:02:00","2026-09-18","2026-09-18 14:43:00","2026-09-18","Yellow","High Demand","A04","2026-09-18 11:46:00","44","44","221","Departed","Departed","","1"
"SYN-02015","2026-09-18 11:09:00","2026-09-18","2026-09-18 13:27:00","2026-09-18","Yellow","High Demand","A04","2026-09-18 11:35:00","26","26","138","Departed","Departed","","1"
"SYN-02016","2026-09-18 11:10:00","2026-09-18","2026-09-18 13:50:00","2026-09-18","Orange","High Demand","A04","2026-09-18 11:28:00","18","18","160","Departed","Departed","","1"
"SYN-02017","2026-09-18 11:26:00","2026-09-18","2026-09-18 14:59:00","2026-09-18","Yellow","High Demand","A05","2026-09-18 12:22:00","56","56","213","Departed","Departed","","1"
"SYN-02018","2026-09-18 11:33:00","2026-09-18","2026-09-18 17:59:00","2026-09-18","Yellow","High Demand","A05","2026-09-18 12:01:00","28","28","386","Departed","Departed","","1"
"SYN-02019","2026-09-18 11:33:00","2026-09-18","2026-09-18 13:22:00","2026-09-18","Green","High Demand","A04","2026-09-18 11:54:00","21","21","109","Departed","Departed","","1"
"SYN-02020","2026-09-18 11:44:00","2026-09-18","2026-09-18 14:24:00","2026-09-18","Green","High Demand","A04","2026-09-18 12:23:00","39","39","160","Departed","Departed","","1"
"SYN-02021","2026-09-18 11:47:00","2026-09-18","2026-09-18 14:35:00","2026-09-18","Green","High Demand","A04","2026-09-18 12:24:00","37","37","168","Departed","Departed","","1"
"SYN-02022","2026-09-18 11:55:00","2026-09-18","2026-09-18 15:58:00","2026-09-18","Yellow","High Demand","A05","2026-09-18 12:22:00","27","27","243","Departed","Departed","","1"
"SYN-02023","2026-09-18 12:16:00","2026-09-18","2026-09-18 16:31:00","2026-09-18","Green","High Demand","A04","2026-09-18 12:46:00","30","30","255","Departed","Departed","","1"
"SYN-02024","2026-09-18 12:20:00","2026-09-18","2026-09-18 15:07:00","2026-09-18","Green","High Demand","A05","2026-09-18 12:55:00","35","35","167","Departed","Departed","","1"
"SYN-02025","2026-09-18 12:26:00","2026-09-18","2026-09-18 14:47:00","2026-09-18","Orange","High Demand","A04","2026-09-18 12:43:00","17","17","141","Departed","Departed","","1"
"SYN-02026","2026-09-18 12:46:00","2026-09-18","2026-09-18 17:22:00","2026-09-18","Yellow","High Demand","A04","2026-09-18 13:52:00","66","66","276","Departed","Departed","","1"
"SYN-02027","2026-09-18 12:52:00","2026-09-18","2026-09-18 15:59:00","2026-09-18","Orange","High Demand","A04","2026-09-18 13:05:00","13","13","187","Departed","Departed","","1"
"SYN-02028","2026-09-18 12:52:00","2026-09-18","2026-09-18 15:57:00","2026-09-18","Green","High Demand","A05","2026-09-18 13:38:00","46","46","185","Departed","Departed","","1"
"SYN-02029","2026-09-18 12:57:00","2026-09-18","2026-09-18 15:09:00","2026-09-18","Yellow","High Demand","A04","2026-09-18 13:58:00","61","61","132","Departed","Departed","","1"
"SYN-02030","2026-09-18 13:12:00","2026-09-18","2026-09-18 20:13:00","2026-09-18","Yellow","High Demand","A04","2026-09-18 14:12:00","60","60","421","Departed","Departed","","1"
"SYN-02031","2026-09-18 13:20:00","2026-09-18","2026-09-18 15:49:00","2026-09-18","Green","High Demand","A05","2026-09-18 13:40:00","20","20","149","Departed","Departed","","1"
"SYN-02032","2026-09-18 13:20:00","2026-09-18","2026-09-18 16:33:00","2026-09-18","Yellow","High Demand","A05","2026-09-18 14:31:00","71","71","193","Departed","Departed","","1"
"SYN-02033","2026-09-18 13:30:00","2026-09-18","2026-09-18 17:10:00","2026-09-18","Red","High Demand","A03","2026-09-18 13:32:00","2","2","220","Departed","Departed","","1"
"SYN-02034","2026-09-18 13:37:00","2026-09-18","2026-09-18 17:28:00","2026-09-18","Green","High Demand","A04","2026-09-18 14:29:00","52","52","231","Departed","Departed","","1"
"SYN-02035","2026-09-18 13:39:00","2026-09-18","2026-09-18 20:47:00","2026-09-18","Green","High Demand","A05","2026-09-18 14:44:00","65","65","428","Departed","Departed","","1"
"SYN-02036","2026-09-18 13:56:00","2026-09-18","2026-09-18 22:02:00","2026-09-18","Blue","High Demand","A04","2026-09-18 14:53:00","57","57","486","Departed","Departed","","1"
"SYN-02037","2026-09-18 14:01:00","2026-09-18","2026-09-18 15:59:00","2026-09-18","Green","High Demand","A04","2026-09-18 14:33:00","32","32","118","Departed","Departed","","1"
"SYN-02038","2026-09-18 14:04:00","2026-09-18","2026-09-18 18:11:00","2026-09-18","Blue","High Demand","A05","2026-09-18 14:39:00","35","35","247","Departed","Departed","","1"
"SYN-02039","2026-09-18 14:11:00","2026-09-18","2026-09-18 16:05:00","2026-09-18","Yellow","High Demand","A04","2026-09-18 14:43:00","32","32","114","Departed","Departed","","1"
"SYN-02040","2026-09-18 14:28:00","2026-09-18","2026-09-18 18:32:00","2026-09-18","Blue","High Demand","A04","2026-09-18 14:58:00","30","30","244","Departed","Departed","","1"
"SYN-02041","2026-09-18 14:35:00","2026-09-18","2026-09-18 19:00:00","2026-09-18","Yellow","High Demand","A04","2026-09-18 15:24:00","49","49","265","Departed","Departed","","1"
"SYN-02042","2026-09-18 14:40:00","2026-09-18","2026-09-18 17:46:00","2026-09-18","Green","High Demand","A04","2026-09-18 15:54:00","74","74","186","Departed","Departed","","1"
"SYN-02043","2026-09-18 14:49:00","2026-09-18","2026-09-18 17:17:00","2026-09-18","Green","High Demand","A04","2026-09-18 15:48:00","59","59","148","Departed","Departed","","1"
"SYN-02044","2026-09-18 14:52:00","2026-09-18","2026-09-18 17:25:00","2026-09-18","Orange","High Demand","A04","2026-09-18 15:05:00","13","13","153","Departed","Departed","","1"
"SYN-02045","2026-09-18 15:09:00","2026-09-18","2026-09-18 20:53:00","2026-09-18","Green","High Demand","A04","2026-09-18 15:51:00","42","42","344","Departed","Departed","","1"
"SYN-02046","2026-09-18 15:10:00","2026-09-18","2026-09-18 23:23:00","2026-09-18","Green","High Demand","A04","2026-09-18 16:26:00","76","76","493","Departed","Departed","","1"
"SYN-02047","2026-09-18 15:15:00","2026-09-18","2026-09-18 19:24:00","2026-09-18","Yellow","High Demand","A04","2026-09-18 16:07:00","52","52","249","Departed","Departed","","1"
"SYN-02048","2026-09-18 15:22:00","2026-09-18","2026-09-18 17:42:00","2026-09-18","Yellow","High Demand","A05","2026-09-18 16:26:00","64","64","140","Departed","Departed","","1"
"SYN-02049","2026-09-18 15:24:00","2026-09-18","2026-09-18 17:37:00","2026-09-18","Yellow","High Demand","A04","2026-09-18 16:06:00","42","42","133","Departed","Departed","","1"
"SYN-02050","2026-09-18 15:34:00","2026-09-18","2026-09-18 20:03:00","2026-09-18","Yellow","High Demand","A04","2026-09-18 16:39:00","65","65","269","Departed","Departed","","1"
"SYN-02051","2026-09-18 15:36:00","2026-09-18","2026-09-18 17:57:00","2026-09-18","Yellow","High Demand","A04","2026-09-18 16:14:00","38","38","141","Departed","Departed","","1"
"SYN-02052","2026-09-18 15:48:00","2026-09-18","2026-09-18 20:27:00","2026-09-18","Green","High Demand","A04","2026-09-18 16:40:00","52","52","279","Departed","Departed","","1"
"SYN-02053","2026-09-18 15:50:00","2026-09-18","2026-09-18 18:37:00","2026-09-18","Green","High Demand","A04","2026-09-18 16:51:00","61","61","167","Departed","Departed","","1"
"SYN-02054","2026-09-18 16:09:00","2026-09-18","2026-09-18 20:16:00","2026-09-18","Green","High Demand","A05","2026-09-18 16:46:00","37","37","247","Departed","Departed","","1"
"SYN-02055","2026-09-18 16:19:00","2026-09-18","2026-09-18 19:13:00","2026-09-18","Green","High Demand","A05","2026-09-18 17:13:00","54","54","174","Departed","Departed","","1"
"SYN-02056","2026-09-18 16:20:00","2026-09-18","2026-09-18 23:03:00","2026-09-18","Green","High Demand","A04","2026-09-18 17:33:00","73","73","403","Departed","Departed","","1"
"SYN-02057","2026-09-18 16:24:00","2026-09-18","2026-09-18 19:07:00","2026-09-18","Yellow","High Demand","A05","2026-09-18 17:12:00","48","48","163","Departed","Departed","","1"
"SYN-02058","2026-09-18 16:29:00","2026-09-18","2026-09-18 20:16:00","2026-09-18","Blue","High Demand","A04","2026-09-18 17:17:00","48","48","227","Departed","Departed","","1"
"SYN-02059","2026-09-18 16:36:00","2026-09-18","2026-09-18 18:55:00","2026-09-18","Yellow","High Demand","A04","2026-09-18 17:39:00","63","63","139","Departed","Departed","","1"
"SYN-02060","2026-09-18 16:59:00","2026-09-18","2026-09-18 19:22:00","2026-09-18","Green","High Demand","A05","2026-09-18 17:56:00","57","57","143","Departed","Departed","","1"
"SYN-02061","2026-09-18 17:21:00","2026-09-18","2026-09-18 20:52:00","2026-09-18","Green","High Demand","A04","2026-09-18 18:25:00","64","64","211","Departed","Departed","","1"
"SYN-02062","2026-09-18 17:30:00","2026-09-18","2026-09-18 19:42:00","2026-09-18","Yellow","High Demand","A04","2026-09-18 17:59:00","29","29","132","Departed","Departed","","1"
"SYN-02063","2026-09-18 17:30:00","2026-09-18","2026-09-18 18:59:00","2026-09-18","Red","High Demand","A03","2026-09-18 17:32:00","2","2","89","Departed","Departed","","1"
"SYN-02064","2026-09-18 17:34:00","2026-09-18","2026-09-18 21:21:00","2026-09-18","Orange","High Demand","A04","2026-09-18 17:54:00","20","20","227","Departed","Departed","","1"
"SYN-02065","2026-09-18 17:35:00","2026-09-18","2026-09-18 23:08:00","2026-09-18","Green","High Demand","A04","2026-09-18 18:51:00","76","76","333","Departed","Departed","","1"
"SYN-02066","2026-09-18 17:42:00","2026-09-18","2026-09-19 00:26:00","2026-09-19","Yellow","High Demand","A04","2026-09-18 18:52:00","70","70","404","Departed","Departed","","1"
"SYN-02067","2026-09-18 17:49:00","2026-09-18","2026-09-18 21:37:00","2026-09-18","Yellow","High Demand","A04","2026-09-18 18:56:00","67","67","228","Departed","Departed","","1"
"SYN-02068","2026-09-18 17:57:00","2026-09-18","2026-09-19 00:28:00","2026-09-19","Green","High Demand","A04","2026-09-18 18:22:00","25","25","391","Departed","Departed","","1"
"SYN-02069","2026-09-18 18:06:00","2026-09-18","2026-09-19 02:28:00","2026-09-19","Green","High Demand","A04","2026-09-18 18:32:00","26","26","502","Departed","Departed","","1"
"SYN-02070","2026-09-18 18:06:00","2026-09-18","2026-09-18 20:37:00","2026-09-18","Yellow","High Demand","A05","2026-09-18 19:20:00","74","74","151","Departed","Departed","","1"
"SYN-02071","2026-09-18 18:13:00","2026-09-18","2026-09-18 20:15:00","2026-09-18","Orange","High Demand","A05","2026-09-18 18:37:00","24","24","122","Departed","Departed","","1"
"SYN-02072","2026-09-18 18:14:00","2026-09-18","2026-09-18 20:39:00","2026-09-18","Green","High Demand","A05","2026-09-18 19:10:00","56","56","145","Departed","Departed","","1"
"SYN-02073","2026-09-18 18:20:00","2026-09-18","2026-09-18 21:28:00","2026-09-18","Red","High Demand","A03","2026-09-18 18:22:00","2","2","188","Departed","Departed","","1"
"SYN-02074","2026-09-18 18:47:00","2026-09-18","2026-09-18 22:26:00","2026-09-18","Green","High Demand","A04","2026-09-18 19:48:00","61","61","219","Departed","Departed","","1"
"SYN-02075","2026-09-18 18:49:00","2026-09-18","2026-09-18 21:46:00","2026-09-18","Green","High Demand","A04","2026-09-18 19:05:00","16","16","177","Departed","Departed","","1"
"SYN-02076","2026-09-18 18:58:00","2026-09-18","2026-09-18 22:23:00","2026-09-18","Yellow","High Demand","A04","2026-09-18 19:48:00","50","50","205","Departed","Departed","","1"
"SYN-02077","2026-09-18 19:02:00","2026-09-18","2026-09-18 23:04:00","2026-09-18","Green","High Demand","A04","2026-09-18 20:01:00","59","59","242","Departed","Departed","","1"
"SYN-02078","2026-09-18 19:10:00","2026-09-18","2026-09-18 23:36:00","2026-09-18","Blue","High Demand","A04","2026-09-18 20:21:00","71","71","266","Departed","Departed","","1"
"SYN-02079","2026-09-18 19:13:00","2026-09-18","2026-09-19 02:18:00","2026-09-19","Yellow","High Demand","A04","2026-09-18 19:31:00","18","18","425","Departed","Departed","","1"
"SYN-02080","2026-09-18 19:30:00","2026-09-18","2026-09-18 22:09:00","2026-09-18","Orange","High Demand","A04","2026-09-18 19:48:00","18","18","159","Departed","Departed","","1"
"SYN-02081","2026-09-18 19:34:00","2026-09-18","2026-09-18 22:50:00","2026-09-18","Yellow","High Demand","A04","2026-09-18 20:17:00","43","43","196","Departed","Departed","","1"
"SYN-02082","2026-09-18 19:38:00","2026-09-18","2026-09-18 23:31:00","2026-09-18","Green","High Demand","A04","2026-09-18 20:37:00","59","59","233","Departed","Departed","","1"
"SYN-02083","2026-09-18 19:48:00","2026-09-18","2026-09-18 22:18:00","2026-09-18","Orange","High Demand","A04","2026-09-18 20:08:00","20","20","150","Departed","Departed","","1"
"SYN-02084","2026-09-18 19:57:00","2026-09-18","2026-09-18 22:07:00","2026-09-18","Yellow","High Demand","A04","2026-09-18 20:26:00","29","29","130","Departed","Departed","","1"
"SYN-02085","2026-09-18 20:13:00","2026-09-18","2026-09-19 04:47:00","2026-09-19","Orange","High Demand","A05","2026-09-18 20:34:00","21","21","514","Departed","Departed","","1"
"SYN-02086","2026-09-18 20:35:00","2026-09-18","2026-09-19 00:23:00","2026-09-19","Yellow","High Demand","A05","2026-09-18 21:28:00","53","53","228","Departed","Departed","","1"
"SYN-02087","2026-09-18 20:43:00","2026-09-18","2026-09-19 00:22:00","2026-09-19","Green","High Demand","A04","2026-09-18 21:54:00","71","71","219","Departed","Departed","","1"
"SYN-02088","2026-09-18 20:45:00","2026-09-18","2026-09-18 22:50:00","2026-09-18","Yellow","High Demand","A04","2026-09-18 21:24:00","39","39","125","Departed","Departed","","1"
"SYN-02089","2026-09-18 20:47:00","2026-09-18","2026-09-19 03:49:00","2026-09-19","Yellow","High Demand","A05","2026-09-18 21:09:00","22","22","422","Departed","Departed","","1"
"SYN-02090","2026-09-18 20:48:00","2026-09-18","2026-09-19 00:44:00","2026-09-19","Yellow","High Demand","A05","2026-09-18 21:47:00","59","59","236","Departed","Departed","","1"
"SYN-02091","2026-09-18 20:54:00","2026-09-18","2026-09-19 03:51:00","2026-09-19","Orange","High Demand","A04","2026-09-18 21:09:00","15","15","417","Departed","Departed","","1"
"SYN-02092","2026-09-18 21:07:00","2026-09-18","2026-09-19 01:00:00","2026-09-19","Yellow","High Demand","A04","2026-09-18 21:45:00","38","38","233","Departed","Departed","","1"
"SYN-02093","2026-09-18 21:09:00","2026-09-18","2026-09-19 00:20:00","2026-09-19","Orange","High Demand","A04","2026-09-18 21:37:00","28","28","191","Departed","Departed","","1"
"SYN-02094","2026-09-18 21:20:00","2026-09-18","2026-09-19 01:11:00","2026-09-19","Green","High Demand","A04","2026-09-18 22:13:00","53","53","231","Departed","Departed","","1"
"SYN-02095","2026-09-18 21:21:00","2026-09-18","2026-09-18 23:51:00","2026-09-18","Orange","High Demand","A05","2026-09-18 21:39:00","18","18","150","Departed","Departed","","1"
"SYN-02096","2026-09-18 21:37:00","2026-09-18","2026-09-19 01:21:00","2026-09-19","Blue","High Demand","A04","2026-09-18 21:59:00","22","22","224","Departed","Departed","","1"
"SYN-02097","2026-09-18 21:40:00","2026-09-18","2026-09-19 01:53:00","2026-09-19","Green","High Demand","A04","2026-09-18 22:37:00","57","57","253","Departed","Departed","","1"
"SYN-02098","2026-09-18 21:41:00","2026-09-18","2026-09-19 03:10:00","2026-09-19","Yellow","High Demand","A04","2026-09-18 22:28:00","47","47","329","Departed","Departed","","1"
"SYN-02099","2026-09-18 21:43:00","2026-09-18","2026-09-19 02:31:00","2026-09-19","Yellow","High Demand","A04","2026-09-18 22:15:00","32","32","288","Departed","Departed","","1"
"SYN-02100","2026-09-18 22:34:00","2026-09-18","2026-09-19 03:01:00","2026-09-19","Green","Normal Operations","A04","2026-09-18 23:11:00","37","37","267","Departed","Departed","","1"
"SYN-02101","2026-09-18 22:35:00","2026-09-18","2026-09-19 01:21:00","2026-09-19","Yellow","Normal Operations","A04","2026-09-18 23:10:00","35","35","166","Departed","Departed","","1"
"SYN-02102","2026-09-18 22:51:00","2026-09-18","2026-09-19 00:22:00","2026-09-19","Orange","Normal Operations","A04","2026-09-18 23:02:00","11","11","91","Departed","Departed","","1"
"SYN-02103","2026-09-18 22:52:00","2026-09-18","2026-09-19 03:00:00","2026-09-19","Yellow","Normal Operations","A04","2026-09-18 23:14:00","22","22","248","Departed","Departed","","1"
"SYN-02104","2026-09-18 23:19:00","2026-09-18","2026-09-19 02:22:00","2026-09-19","Green","Normal Operations","A04","2026-09-18 23:42:00","23","23","183","Departed","Departed","","1"
"SYN-02105","2026-09-18 23:24:00","2026-09-18","2026-09-19 01:45:00","2026-09-19","Blue","Normal Operations","A05","2026-09-18 23:48:00","24","24","141","Departed","Departed","","1"
"SYN-02106","2026-09-18 23:34:00","2026-09-18","2026-09-19 02:46:00","2026-09-19","Yellow","Normal Operations","A04","2026-09-19 00:01:00","27","27","192","Departed","Departed","","1"
"SYN-02107","2026-09-18 23:39:00","2026-09-18","2026-09-19 02:42:00","2026-09-19","Green","Normal Operations","A04","2026-09-19 00:00:00","21","21","183","Departed","Departed","","1"
"SYN-02108","2026-09-18 23:40:00","2026-09-18","2026-09-19 02:09:00","2026-09-19","Yellow","Normal Operations","A04","2026-09-19 00:09:00","29","29","149","Departed","Departed","","1"
"SYN-02109","2026-09-18 23:44:00","2026-09-18","2026-09-19 01:51:00","2026-09-19","Green","Normal Operations","A04","2026-09-19 00:16:00","32","32","127","Departed","Departed","","1"
"SYN-02110","2026-09-19 00:06:00","2026-09-19","2026-09-19 01:59:00","2026-09-19","Blue","Normal Operations","A05","2026-09-19 00:46:00","40","40","113","Departed","Departed","","1"
"SYN-02111","2026-09-19 00:19:00","2026-09-19","2026-09-19 03:36:00","2026-09-19","Green","Normal Operations","A04","2026-09-19 00:51:00","32","32","197","Departed","Departed","","1"
"SYN-02112","2026-09-19 01:21:00","2026-09-19","2026-09-19 05:46:00","2026-09-19","Blue","Normal Operations","A04","2026-09-19 01:40:00","19","19","265","Departed","Departed","","1"
"SYN-02113","2026-09-19 01:22:00","2026-09-19","2026-09-19 04:12:00","2026-09-19","Red","Normal Operations","A03","2026-09-19 01:24:00","2","2","170","Departed","Departed","","1"
"SYN-02114","2026-09-19 01:50:00","2026-09-19","2026-09-19 04:10:00","2026-09-19","Yellow","Normal Operations","A05","2026-09-19 02:10:00","20","20","140","Departed","Departed","","1"
"SYN-02115","2026-09-19 02:32:00","2026-09-19","2026-09-19 04:14:00","2026-09-19","Blue","Normal Operations","A04","2026-09-19 03:01:00","29","29","102","Departed","Departed","","1"
"SYN-02116","2026-09-19 02:37:00","2026-09-19","2026-09-19 05:15:00","2026-09-19","Yellow","Normal Operations","A04","2026-09-19 03:08:00","31","31","158","Departed","Departed","","1"
"SYN-02117","2026-09-19 02:38:00","2026-09-19","2026-09-19 05:18:00","2026-09-19","Yellow","Normal Operations","A04","2026-09-19 02:58:00","20","20","160","Departed","Departed","","1"
"SYN-02118","2026-09-19 03:19:00","2026-09-19","2026-09-19 06:10:00","2026-09-19","Yellow","Normal Operations","A04","2026-09-19 03:50:00","31","31","171","Departed","Departed","","1"
"SYN-02119","2026-09-19 03:26:00","2026-09-19","2026-09-19 07:29:00","2026-09-19","Orange","Normal Operations","A04","2026-09-19 03:45:00","19","19","243","Departed","Departed","","1"
"SYN-02120","2026-09-19 04:32:00","2026-09-19","2026-09-19 06:32:00","2026-09-19","Yellow","Normal Operations","A04","2026-09-19 04:57:00","25","25","120","Departed","Departed","","1"
"SYN-02121","2026-09-19 04:36:00","2026-09-19","2026-09-19 07:23:00","2026-09-19","Yellow","Normal Operations","A05","2026-09-19 05:18:00","42","42","167","Departed","Departed","","1"
"SYN-02122","2026-09-19 04:47:00","2026-09-19","2026-09-19 06:42:00","2026-09-19","Green","Normal Operations","A05","2026-09-19 05:07:00","20","20","115","Departed","Departed","","1"
"SYN-02123","2026-09-19 05:46:00","2026-09-19","2026-09-19 07:26:00","2026-09-19","Orange","Normal Operations","A05","2026-09-19 05:58:00","12","12","100","Departed","Departed","","1"
"SYN-02124","2026-09-19 06:37:00","2026-09-19","2026-09-19 08:47:00","2026-09-19","Green","Normal Operations","A04","2026-09-19 07:15:00","38","38","130","Departed","Departed","","1"
"SYN-02125","2026-09-19 07:05:00","2026-09-19","2026-09-19 09:46:00","2026-09-19","Blue","Normal Operations","A05","2026-09-19 07:28:00","23","23","161","Departed","Departed","","1"
"SYN-02126","2026-09-19 07:31:00","2026-09-19","2026-09-19 09:43:00","2026-09-19","Red","Normal Operations","A03","2026-09-19 07:33:00","2","2","132","Departed","Departed","","1"
"SYN-02127","2026-09-19 07:49:00","2026-09-19","2026-09-19 12:44:00","2026-09-19","Yellow","Normal Operations","A05","2026-09-19 08:21:00","32","32","295","Departed","Departed","","1"
"SYN-02128","2026-09-19 07:50:00","2026-09-19","2026-09-19 12:00:00","2026-09-19","Yellow","Normal Operations","A05","2026-09-19 08:14:00","24","24","250","Departed","Departed","","1"
"SYN-02129","2026-09-19 08:09:00","2026-09-19","2026-09-19 12:50:00","2026-09-19","Green","Normal Operations","A04","2026-09-19 08:26:00","17","17","281","Departed","Departed","","1"
"SYN-02130","2026-09-19 08:10:00","2026-09-19","2026-09-19 10:10:00","2026-09-19","Yellow","Normal Operations","A05","2026-09-19 08:37:00","27","27","120","Departed","Departed","","1"
"SYN-02131","2026-09-19 08:16:00","2026-09-19","2026-09-19 10:01:00","2026-09-19","Yellow","Normal Operations","A04","2026-09-19 08:45:00","29","29","105","Departed","Departed","","1"
"SYN-02132","2026-09-19 08:43:00","2026-09-19","2026-09-19 10:29:00","2026-09-19","Blue","Normal Operations","A04","2026-09-19 09:07:00","24","24","106","Departed","Departed","","1"
"SYN-02133","2026-09-19 08:45:00","2026-09-19","2026-09-19 11:21:00","2026-09-19","Green","Normal Operations","A04","2026-09-19 09:08:00","23","23","156","Departed","Departed","","1"
"SYN-02134","2026-09-19 09:05:00","2026-09-19","2026-09-19 12:14:00","2026-09-19","Yellow","Normal Operations","A04","2026-09-19 09:30:00","25","25","189","Departed","Departed","","1"
"SYN-02135","2026-09-19 09:23:00","2026-09-19","2026-09-19 11:06:00","2026-09-19","Orange","Normal Operations","A05","2026-09-19 09:39:00","16","16","103","Departed","Departed","","1"
"SYN-02136","2026-09-19 09:24:00","2026-09-19","2026-09-19 11:46:00","2026-09-19","Yellow","Normal Operations","A05","2026-09-19 09:54:00","30","30","142","Departed","Departed","","1"
"SYN-02137","2026-09-19 09:32:00","2026-09-19","2026-09-19 14:06:00","2026-09-19","Blue","Normal Operations","A04","2026-09-19 10:01:00","29","29","274","Departed","Departed","","1"
"SYN-02138","2026-09-19 09:46:00","2026-09-19","2026-09-19 12:57:00","2026-09-19","Orange","Normal Operations","A04","2026-09-19 09:58:00","12","12","191","Departed","Departed","","1"
"SYN-02139","2026-09-19 10:12:00","2026-09-19","2026-09-19 14:30:00","2026-09-19","Yellow","Normal Operations","A04","2026-09-19 10:53:00","41","41","258","Departed","Departed","","1"
"SYN-02140","2026-09-19 10:27:00","2026-09-19","2026-09-19 13:21:00","2026-09-19","Yellow","Normal Operations","A04","2026-09-19 11:01:00","34","34","174","Departed","Departed","","1"
"SYN-02141","2026-09-19 10:36:00","2026-09-19","2026-09-19 15:02:00","2026-09-19","Green","Normal Operations","A05","2026-09-19 10:59:00","23","23","266","Departed","Departed","","1"
"SYN-02142","2026-09-19 10:39:00","2026-09-19","2026-09-19 12:46:00","2026-09-19","Green","Normal Operations","A04","2026-09-19 11:03:00","24","24","127","Departed","Departed","","1"
"SYN-02143","2026-09-19 10:45:00","2026-09-19","2026-09-19 13:05:00","2026-09-19","Green","Normal Operations","A05","2026-09-19 11:02:00","17","17","140","Departed","Departed","","1"
"SYN-02144","2026-09-19 11:10:00","2026-09-19","2026-09-19 16:12:00","2026-09-19","Blue","Normal Operations","A04","2026-09-19 11:47:00","37","37","302","Departed","Departed","","1"
"SYN-02145","2026-09-19 11:23:00","2026-09-19","2026-09-19 13:39:00","2026-09-19","Green","Normal Operations","A04","2026-09-19 11:46:00","23","23","136","Departed","Departed","","1"
"SYN-02146","2026-09-19 11:31:00","2026-09-19","2026-09-19 14:29:00","2026-09-19","Yellow","Normal Operations","A04","2026-09-19 11:53:00","22","22","178","Departed","Departed","","1"
"SYN-02147","2026-09-19 11:38:00","2026-09-19","2026-09-19 15:50:00","2026-09-19","Yellow","Normal Operations","A04","2026-09-19 12:03:00","25","25","252","Departed","Departed","","1"
"SYN-02148","2026-09-19 11:44:00","2026-09-19","2026-09-19 14:27:00","2026-09-19","Green","Normal Operations","A04","2026-09-19 12:22:00","38","38","163","Departed","Departed","","1"
"SYN-02149","2026-09-19 12:06:00","2026-09-19","2026-09-19 15:13:00","2026-09-19","Green","Normal Operations","A05","2026-09-19 12:46:00","40","40","187","Departed","Departed","","1"
"SYN-02150","2026-09-19 12:12:00","2026-09-19","2026-09-19 13:49:00","2026-09-19","Orange","Normal Operations","A04","2026-09-19 12:27:00","15","15","97","Departed","Departed","","1"
"SYN-02151","2026-09-19 12:20:00","2026-09-19","2026-09-19 17:41:00","2026-09-19","Blue","Normal Operations","A04","2026-09-19 12:45:00","25","25","321","Departed","Departed","","1"
"SYN-02152","2026-09-19 12:40:00","2026-09-19","2026-09-19 14:29:00","2026-09-19","Green","Normal Operations","A04","2026-09-19 13:09:00","29","29","109","Departed","Departed","","1"
"SYN-02153","2026-09-19 12:56:00","2026-09-19","2026-09-19 16:05:00","2026-09-19","Blue","Normal Operations","A05","2026-09-19 13:34:00","38","38","189","Departed","Departed","","1"
"SYN-02154","2026-09-19 13:04:00","2026-09-19","2026-09-19 14:56:00","2026-09-19","Blue","Normal Operations","A04","2026-09-19 13:25:00","21","21","112","Departed","Departed","","1"
"SYN-02155","2026-09-19 13:26:00","2026-09-19","2026-09-19 15:11:00","2026-09-19","Green","Normal Operations","A05","2026-09-19 13:41:00","15","15","105","Departed","Departed","","1"
"SYN-02156","2026-09-19 13:30:00","2026-09-19","2026-09-19 15:19:00","2026-09-19","Yellow","Normal Operations","A04","2026-09-19 14:01:00","31","31","109","Departed","Departed","","1"
"SYN-02157","2026-09-19 13:32:00","2026-09-19","2026-09-19 15:13:00","2026-09-19","Orange","Normal Operations","A04","2026-09-19 13:54:00","22","22","101","Departed","Departed","","1"
"SYN-02158","2026-09-19 13:35:00","2026-09-19","2026-09-19 18:51:00","2026-09-19","Orange","Normal Operations","A04","2026-09-19 13:53:00","18","18","316","Departed","Departed","","1"
"SYN-02159","2026-09-19 14:01:00","2026-09-19","2026-09-19 15:47:00","2026-09-19","Orange","Normal Operations","A05","2026-09-19 14:18:00","17","17","106","Departed","Departed","","1"
"SYN-02160","2026-09-19 14:07:00","2026-09-19","2026-09-19 16:36:00","2026-09-19","Green","Normal Operations","A05","2026-09-19 14:20:00","13","13","149","Departed","Departed","","1"
"SYN-02161","2026-09-19 14:29:00","2026-09-19","2026-09-19 16:04:00","2026-09-19","Green","Normal Operations","A05","2026-09-19 14:48:00","19","19","95","Departed","Departed","","1"
"SYN-02162","2026-09-19 14:51:00","2026-09-19","2026-09-19 16:41:00","2026-09-19","Blue","Normal Operations","A05","2026-09-19 15:21:00","30","30","110","Departed","Departed","","1"
"SYN-02163","2026-09-19 15:34:00","2026-09-19","2026-09-19 19:54:00","2026-09-19","Blue","Normal Operations","A04","2026-09-19 15:57:00","23","23","260","Departed","Departed","","1"
"SYN-02164","2026-09-19 15:35:00","2026-09-19","2026-09-19 17:11:00","2026-09-19","Yellow","Normal Operations","A04","2026-09-19 15:53:00","18","18","96","Departed","Departed","","1"
"SYN-02165","2026-09-19 15:43:00","2026-09-19","2026-09-19 19:00:00","2026-09-19","Green","Normal Operations","A04","2026-09-19 16:18:00","35","35","197","Departed","Departed","","1"
"SYN-02166","2026-09-19 15:51:00","2026-09-19","2026-09-19 19:58:00","2026-09-19","Yellow","Normal Operations","A05","2026-09-19 16:30:00","39","39","247","Departed","Departed","","1"
"SYN-02167","2026-09-19 16:13:00","2026-09-19","2026-09-19 21:13:00","2026-09-19","Green","Normal Operations","A04","2026-09-19 16:47:00","34","34","300","Departed","Departed","","1"
"SYN-02168","2026-09-19 16:42:00","2026-09-19","2026-09-19 20:11:00","2026-09-19","Green","Normal Operations","A04","2026-09-19 17:04:00","22","22","209","Departed","Departed","","1"
"SYN-02169","2026-09-19 16:54:00","2026-09-19","2026-09-19 19:08:00","2026-09-19","Yellow","Normal Operations","A04","2026-09-19 17:34:00","40","40","134","Departed","Departed","","1"
"SYN-02170","2026-09-19 17:04:00","2026-09-19","2026-09-19 18:57:00","2026-09-19","Yellow","Normal Operations","A05","2026-09-19 17:18:00","14","14","113","Departed","Departed","","1"
"SYN-02171","2026-09-19 17:10:00","2026-09-19","2026-09-19 19:42:00","2026-09-19","Green","Normal Operations","A04","2026-09-19 17:44:00","34","34","152","Departed","Departed","","1"
"SYN-02172","2026-09-19 17:33:00","2026-09-19","2026-09-19 21:27:00","2026-09-19","Green","Normal Operations","A04","2026-09-19 17:56:00","23","23","234","Departed","Departed","","1"
"SYN-02173","2026-09-19 17:38:00","2026-09-19","2026-09-19 19:45:00","2026-09-19","Yellow","Normal Operations","A04","2026-09-19 18:08:00","30","30","127","Departed","Departed","","1"
"SYN-02174","2026-09-19 17:42:00","2026-09-19","2026-09-19 20:10:00","2026-09-19","Yellow","Normal Operations","A04","2026-09-19 17:58:00","16","16","148","Departed","Departed","","1"
"SYN-02175","2026-09-19 17:58:00","2026-09-19","2026-09-19 20:17:00","2026-09-19","Yellow","Normal Operations","A04","2026-09-19 18:23:00","25","25","139","Departed","Departed","","1"
"SYN-02176","2026-09-19 18:04:00","2026-09-19","2026-09-19 20:01:00","2026-09-19","Yellow","Normal Operations","A04","2026-09-19 18:21:00","17","17","117","Departed","Departed","","1"
"SYN-02177","2026-09-19 18:36:00","2026-09-19","2026-09-19 20:31:00","2026-09-19","Green","Normal Operations","A05","2026-09-19 18:52:00","16","16","115","Departed","Departed","","1"
"SYN-02178","2026-09-19 18:39:00","2026-09-19","2026-09-19 20:08:00","2026-09-19","Orange","Normal Operations","A04","2026-09-19 18:55:00","16","16","89","Departed","Departed","","1"
"SYN-02179","2026-09-19 18:41:00","2026-09-19","2026-09-19 21:16:00","2026-09-19","Green","Normal Operations","A04","2026-09-19 19:04:00","23","23","155","Departed","Departed","","1"
"SYN-02180","2026-09-19 19:33:00","2026-09-19","2026-09-20 00:45:00","2026-09-20","Yellow","Normal Operations","A04","2026-09-19 19:53:00","20","20","312","Departed","Departed","","1"
"SYN-02181","2026-09-19 19:36:00","2026-09-19","2026-09-19 22:12:00","2026-09-19","Yellow","Normal Operations","A04","2026-09-19 20:01:00","25","25","156","Departed","Departed","","1"
"SYN-02182","2026-09-19 19:47:00","2026-09-19","2026-09-19 21:41:00","2026-09-19","Green","Normal Operations","A05","2026-09-19 20:10:00","23","23","114","Departed","Departed","","1"
"SYN-02183","2026-09-19 19:50:00","2026-09-19","2026-09-19 23:04:00","2026-09-19","Yellow","Normal Operations","A04","2026-09-19 20:21:00","31","31","194","Departed","Departed","","1"
"SYN-02184","2026-09-19 19:53:00","2026-09-19","2026-09-19 23:01:00","2026-09-19","Blue","Normal Operations","A04","2026-09-19 20:17:00","24","24","188","Departed","Departed","","1"
"SYN-02185","2026-09-19 20:11:00","2026-09-19","2026-09-19 23:09:00","2026-09-19","Green","Normal Operations","A04","2026-09-19 20:36:00","25","25","178","Departed","Departed","","1"
"SYN-02186","2026-09-19 20:15:00","2026-09-19","2026-09-19 22:45:00","2026-09-19","Blue","Normal Operations","A04","2026-09-19 20:40:00","25","25","150","Departed","Departed","","1"
"SYN-02187","2026-09-19 20:18:00","2026-09-19","2026-09-19 21:47:00","2026-09-19","Orange","Normal Operations","A04","2026-09-19 20:36:00","18","18","89","Departed","Departed","","1"
"SYN-02188","2026-09-19 20:53:00","2026-09-19","2026-09-19 23:35:00","2026-09-19","Green","Normal Operations","A05","2026-09-19 21:12:00","19","19","162","Departed","Departed","","1"
"SYN-02189","2026-09-19 21:38:00","2026-09-19","2026-09-20 00:29:00","2026-09-20","Yellow","Normal Operations","A05","2026-09-19 21:55:00","17","17","171","Departed","Departed","","1"
"SYN-02190","2026-09-19 21:42:00","2026-09-19","2026-09-20 00:55:00","2026-09-20","Yellow","Normal Operations","A04","2026-09-19 22:13:00","31","31","193","Departed","Departed","","1"
"SYN-02191","2026-09-19 21:55:00","2026-09-19","2026-09-20 02:07:00","2026-09-20","Yellow","Normal Operations","A04","2026-09-19 22:28:00","33","33","252","Departed","Departed","","1"
"SYN-02192","2026-09-19 22:01:00","2026-09-19","2026-09-19 23:32:00","2026-09-19","Green","Normal Operations","A05","2026-09-19 22:20:00","19","19","91","Departed","Departed","","1"
"SYN-02193","2026-09-19 22:04:00","2026-09-19","2026-09-20 01:05:00","2026-09-20","Yellow","Normal Operations","A04","2026-09-19 22:34:00","30","30","181","Departed","Departed","","1"
"SYN-02194","2026-09-19 22:25:00","2026-09-19","2026-09-20 00:22:00","2026-09-20","Yellow","Normal Operations","A04","2026-09-19 22:43:00","18","18","117","Departed","Departed","","1"
"SYN-02195","2026-09-19 22:26:00","2026-09-19","2026-09-20 03:23:00","2026-09-20","Green","Normal Operations","A04","2026-09-19 22:57:00","31","31","297","Departed","Departed","","1"
"SYN-02196","2026-09-19 22:54:00","2026-09-19","2026-09-20 01:34:00","2026-09-20","Green","Normal Operations","A05","2026-09-19 23:21:00","27","27","160","Departed","Departed","","1"
"SYN-02197","2026-09-19 22:58:00","2026-09-19","2026-09-20 02:10:00","2026-09-20","Yellow","Normal Operations","A04","2026-09-19 23:34:00","36","36","192","Departed","Departed","","1"
"SYN-02198","2026-09-19 23:13:00","2026-09-19","2026-09-20 01:33:00","2026-09-20","Green","Normal Operations","A05","2026-09-19 23:41:00","28","28","140","Departed","Departed","","1"
"SYN-02199","2026-09-19 23:34:00","2026-09-19","2026-09-20 02:18:00","2026-09-20","Green","Normal Operations","A05","2026-09-19 23:59:00","25","25","164","Departed","Departed","","1"
"SYN-02200","2026-09-19 23:35:00","2026-09-19","2026-09-20 02:12:00","2026-09-20","Yellow","Normal Operations","A04","2026-09-20 00:10:00","35","35","157","Departed","Departed","","1"
"SYN-02201","2026-09-19 23:45:00","2026-09-19","2026-09-20 02:35:00","2026-09-20","Green","Normal Operations","A04","2026-09-20 00:08:00","23","23","170","Departed","Departed","","1"
"SYN-02202","2026-09-19 23:52:00","2026-09-19","2026-09-20 01:50:00","2026-09-20","Yellow","Normal Operations","A04","2026-09-20 00:27:00","35","35","118","Departed","Departed","","1"
"SYN-02203","2026-09-19 23:57:00","2026-09-19","2026-09-20 02:49:00","2026-09-20","Blue","Normal Operations","A04","2026-09-20 00:16:00","19","19","172","Departed","Departed","","1"
"SYN-02204","2026-09-20 00:09:00","2026-09-20","2026-09-20 04:12:00","2026-09-20","Green","Normal Operations","A04","2026-09-20 00:46:00","37","37","243","Departed","Departed","","1"
"SYN-02205","2026-09-20 00:14:00","2026-09-20","2026-09-20 03:20:00","2026-09-20","Yellow","Normal Operations","A04","2026-09-20 00:44:00","30","30","186","Departed","Departed","","1"
"SYN-02206","2026-09-20 00:17:00","2026-09-20","2026-09-20 02:49:00","2026-09-20","Yellow","Normal Operations","A05","2026-09-20 00:34:00","17","17","152","Departed","Departed","","1"
"SYN-02207","2026-09-20 01:05:00","2026-09-20","2026-09-20 03:45:00","2026-09-20","Green","Normal Operations","A04","2026-09-20 01:22:00","17","17","160","Departed","Departed","","1"
"SYN-02208","2026-09-20 01:58:00","2026-09-20","2026-09-20 03:39:00","2026-09-20","Orange","Normal Operations","A04","2026-09-20 02:16:00","18","18","101","Departed","Departed","","1"
"SYN-02209","2026-09-20 02:21:00","2026-09-20","2026-09-20 03:46:00","2026-09-20","Orange","Normal Operations","A04","2026-09-20 02:33:00","12","12","85","Departed","Departed","","1"
"SYN-02210","2026-09-20 02:34:00","2026-09-20","2026-09-20 04:26:00","2026-09-20","Orange","Normal Operations","A05","2026-09-20 02:52:00","18","18","112","Departed","Departed","","1"
"SYN-02211","2026-09-20 03:15:00","2026-09-20","2026-09-20 07:20:00","2026-09-20","Green","Normal Operations","A04","2026-09-20 03:41:00","26","26","245","Departed","Departed","","1"
"SYN-02212","2026-09-20 03:50:00","2026-09-20","2026-09-20 06:24:00","2026-09-20","Yellow","Normal Operations","A04","2026-09-20 04:27:00","37","37","154","Departed","Departed","","1"
"SYN-02213","2026-09-20 04:12:00","2026-09-20","2026-09-20 06:46:00","2026-09-20","Yellow","Normal Operations","A04","2026-09-20 04:28:00","16","16","154","Departed","Departed","","1"
"SYN-02214","2026-09-20 04:43:00","2026-09-20","2026-09-20 07:09:00","2026-09-20","Green","Normal Operations","A04","2026-09-20 05:14:00","31","31","146","Departed","Departed","","1"
"SYN-02215","2026-09-20 04:50:00","2026-09-20","2026-09-20 07:31:00","2026-09-20","Yellow","Normal Operations","A04","2026-09-20 05:14:00","24","24","161","Departed","Departed","","1"
"SYN-02216","2026-09-20 05:01:00","2026-09-20","2026-09-20 06:50:00","2026-09-20","Orange","Normal Operations","A04","2026-09-20 05:14:00","13","13","109","Departed","Departed","","1"
"SYN-02217","2026-09-20 05:51:00","2026-09-20","2026-09-20 08:29:00","2026-09-20","Yellow","Normal Operations","A04","2026-09-20 06:25:00","34","34","158","Departed","Departed","","1"
"SYN-02218","2026-09-20 06:16:00","2026-09-20","2026-09-20 08:50:00","2026-09-20","Green","Normal Operations","A05","2026-09-20 06:55:00","39","39","154","Departed","Departed","","1"
"SYN-02219","2026-09-20 06:37:00","2026-09-20","2026-09-20 08:31:00","2026-09-20","Yellow","Normal Operations","A04","2026-09-20 07:12:00","35","35","114","Departed","Departed","","1"
"SYN-02220","2026-09-20 06:52:00","2026-09-20","2026-09-20 09:46:00","2026-09-20","Orange","Normal Operations","A04","2026-09-20 07:05:00","13","13","174","Departed","Departed","","1"
"SYN-02221","2026-09-20 07:09:00","2026-09-20","2026-09-20 09:46:00","2026-09-20","Yellow","Normal Operations","A04","2026-09-20 07:30:00","21","21","157","Departed","Departed","","1"
"SYN-02222","2026-09-20 07:34:00","2026-09-20","2026-09-20 09:51:00","2026-09-20","Green","Normal Operations","A04","2026-09-20 07:55:00","21","21","137","Departed","Departed","","1"
"SYN-02223","2026-09-20 07:37:00","2026-09-20","2026-09-20 11:37:00","2026-09-20","Yellow","Normal Operations","A04","2026-09-20 07:58:00","21","21","240","Departed","Departed","","1"
"SYN-02224","2026-09-20 07:50:00","2026-09-20","2026-09-20 11:53:00","2026-09-20","Red","Normal Operations","A03","2026-09-20 07:52:00","2","2","243","Departed","Departed","","1"
"SYN-02225","2026-09-20 07:50:00","2026-09-20","2026-09-20 10:24:00","2026-09-20","Green","Normal Operations","A05","2026-09-20 08:25:00","35","35","154","Departed","Departed","","1"
"SYN-02226","2026-09-20 08:06:00","2026-09-20","2026-09-20 09:56:00","2026-09-20","Yellow","Normal Operations","A05","2026-09-20 08:23:00","17","17","110","Departed","Departed","","1"
"SYN-02227","2026-09-20 08:08:00","2026-09-20","2026-09-20 09:54:00","2026-09-20","Yellow","Normal Operations","A05","2026-09-20 08:26:00","18","18","106","Departed","Departed","","1"
"SYN-02228","2026-09-20 08:12:00","2026-09-20","2026-09-20 10:44:00","2026-09-20","Yellow","Normal Operations","A04","2026-09-20 08:29:00","17","17","152","Departed","Departed","","1"
"SYN-02229","2026-09-20 08:51:00","2026-09-20","2026-09-20 11:39:00","2026-09-20","Blue","Normal Operations","A05","2026-09-20 09:15:00","24","24","168","Departed","Departed","","1"
"SYN-02230","2026-09-20 09:23:00","2026-09-20","2026-09-20 14:52:00","2026-09-20","Yellow","Normal Operations","A04","2026-09-20 09:41:00","18","18","329","Departed","Departed","","1"
"SYN-02231","2026-09-20 09:29:00","2026-09-20","2026-09-20 13:15:00","2026-09-20","Orange","Normal Operations","A05","2026-09-20 09:49:00","20","20","226","Departed","Departed","","1"
"SYN-02232","2026-09-20 09:48:00","2026-09-20","2026-09-20 12:29:00","2026-09-20","Orange","Normal Operations","A04","2026-09-20 10:00:00","12","12","161","Departed","Departed","","1"
"SYN-02233","2026-09-20 10:04:00","2026-09-20","2026-09-20 12:57:00","2026-09-20","Green","Normal Operations","A04","2026-09-20 10:39:00","35","35","173","Departed","Departed","","1"
"SYN-02234","2026-09-20 10:28:00","2026-09-20","2026-09-20 14:08:00","2026-09-20","Green","Normal Operations","A05","2026-09-20 10:56:00","28","28","220","Departed","Departed","","1"
"SYN-02235","2026-09-20 10:29:00","2026-09-20","2026-09-20 12:25:00","2026-09-20","Yellow","Normal Operations","A04","2026-09-20 10:45:00","16","16","116","Departed","Departed","","1"
"SYN-02236","2026-09-20 10:41:00","2026-09-20","2026-09-20 13:25:00","2026-09-20","Green","Normal Operations","A04","2026-09-20 10:59:00","18","18","164","Departed","Departed","","1"
"SYN-02237","2026-09-20 10:59:00","2026-09-20","2026-09-20 13:24:00","2026-09-20","Orange","Normal Operations","A04","2026-09-20 11:09:00","10","10","145","Departed","Departed","","1"
"SYN-02238","2026-09-20 11:15:00","2026-09-20","2026-09-20 15:52:00","2026-09-20","Green","Normal Operations","A04","2026-09-20 11:53:00","38","38","277","Departed","Departed","","1"
"SYN-02239","2026-09-20 11:26:00","2026-09-20","2026-09-20 14:18:00","2026-09-20","Green","Normal Operations","A04","2026-09-20 12:01:00","35","35","172","Departed","Departed","","1"
"SYN-02240","2026-09-20 11:27:00","2026-09-20","2026-09-20 13:42:00","2026-09-20","Orange","Normal Operations","A04","2026-09-20 11:41:00","14","14","135","Departed","Departed","","1"
"SYN-02241","2026-09-20 11:27:00","2026-09-20","2026-09-20 13:36:00","2026-09-20","Orange","Normal Operations","A05","2026-09-20 11:42:00","15","15","129","Departed","Departed","","1"
"SYN-02242","2026-09-20 12:12:00","2026-09-20","2026-09-20 14:43:00","2026-09-20","Red","Normal Operations","A03","2026-09-20 12:14:00","2","2","151","Departed","Departed","","1"
"SYN-02243","2026-09-20 12:15:00","2026-09-20","2026-09-20 13:49:00","2026-09-20","Orange","Normal Operations","A04","2026-09-20 12:32:00","17","17","94","Departed","Departed","","1"
"SYN-02244","2026-09-20 12:27:00","2026-09-20","2026-09-20 14:11:00","2026-09-20","Green","Normal Operations","A04","2026-09-20 12:48:00","21","21","104","Departed","Departed","","1"
"SYN-02245","2026-09-20 12:30:00","2026-09-20","2026-09-20 15:16:00","2026-09-20","Yellow","Normal Operations","A04","2026-09-20 13:10:00","40","40","166","Departed","Departed","","1"
"SYN-02246","2026-09-20 12:57:00","2026-09-20","2026-09-20 15:57:00","2026-09-20","Yellow","Normal Operations","A04","2026-09-20 13:33:00","36","36","180","Departed","Departed","","1"
"SYN-02247","2026-09-20 13:13:00","2026-09-20","2026-09-20 15:26:00","2026-09-20","Green","Normal Operations","A04","2026-09-20 13:38:00","25","25","133","Departed","Departed","","1"
"SYN-02248","2026-09-20 13:21:00","2026-09-20","2026-09-20 16:22:00","2026-09-20","Yellow","Normal Operations","A04","2026-09-20 13:40:00","19","19","181","Departed","Departed","","1"
"SYN-02249","2026-09-20 13:45:00","2026-09-20","2026-09-20 16:18:00","2026-09-20","Orange","Normal Operations","A04","2026-09-20 13:54:00","9","9","153","Departed","Departed","","1"
"SYN-02250","2026-09-20 14:14:00","2026-09-20","2026-09-20 17:14:00","2026-09-20","Yellow","Normal Operations","A05","2026-09-20 14:42:00","28","28","180","Departed","Departed","","1"
"SYN-02251","2026-09-20 14:18:00","2026-09-20","2026-09-20 18:26:00","2026-09-20","Yellow","Normal Operations","A05","2026-09-20 14:35:00","17","17","248","Departed","Departed","","1"
"SYN-02252","2026-09-20 14:24:00","2026-09-20","2026-09-20 17:16:00","2026-09-20","Blue","Normal Operations","A04","2026-09-20 14:46:00","22","22","172","Departed","Departed","","1"
"SYN-02253","2026-09-20 15:29:00","2026-09-20","2026-09-20 18:21:00","2026-09-20","Green","Normal Operations","A05","2026-09-20 15:55:00","26","26","172","Departed","Departed","","1"
"SYN-02254","2026-09-20 15:41:00","2026-09-20","2026-09-20 20:05:00","2026-09-20","Yellow","Normal Operations","A05","2026-09-20 16:18:00","37","37","264","Departed","Departed","","1"
"SYN-02255","2026-09-20 15:44:00","2026-09-20","2026-09-20 17:43:00","2026-09-20","Yellow","Normal Operations","A04","2026-09-20 16:12:00","28","28","119","Departed","Departed","","1"
"SYN-02256","2026-09-20 16:03:00","2026-09-20","2026-09-20 18:17:00","2026-09-20","Blue","Normal Operations","A04","2026-09-20 16:24:00","21","21","134","Departed","Departed","","1"
"SYN-02257","2026-09-20 16:12:00","2026-09-20","2026-09-20 19:00:00","2026-09-20","Yellow","Normal Operations","A04","2026-09-20 16:38:00","26","26","168","Departed","Departed","","1"
"SYN-02258","2026-09-20 16:46:00","2026-09-20","2026-09-20 21:34:00","2026-09-20","Yellow","Normal Operations","A04","2026-09-20 17:13:00","27","27","288","Departed","Departed","","1"
"SYN-02259","2026-09-20 16:48:00","2026-09-20","2026-09-20 18:53:00","2026-09-20","Blue","Normal Operations","A04","2026-09-20 17:06:00","18","18","125","Departed","Departed","","1"
"SYN-02260","2026-09-20 16:51:00","2026-09-20","2026-09-20 20:16:00","2026-09-20","Yellow","Normal Operations","A05","2026-09-20 17:32:00","41","41","205","Departed","Departed","","1"
"SYN-02261","2026-09-20 17:13:00","2026-09-20","2026-09-20 22:31:00","2026-09-20","Orange","Normal Operations","A04","2026-09-20 17:35:00","22","22","318","Departed","Departed","","1"
"SYN-02262","2026-09-20 17:15:00","2026-09-20","2026-09-20 19:50:00","2026-09-20","Yellow","Normal Operations","A04","2026-09-20 17:49:00","34","34","155","Departed","Departed","","1"
"SYN-02263","2026-09-20 17:20:00","2026-09-20","2026-09-20 20:01:00","2026-09-20","Yellow","Normal Operations","A04","2026-09-20 17:42:00","22","22","161","Departed","Departed","","1"
"SYN-02264","2026-09-20 17:48:00","2026-09-20","2026-09-20 22:09:00","2026-09-20","Yellow","Normal Operations","A04","2026-09-20 18:06:00","18","18","261","Departed","Departed","","1"
"SYN-02265","2026-09-20 17:51:00","2026-09-20","2026-09-20 20:25:00","2026-09-20","Yellow","Normal Operations","A04","2026-09-20 18:29:00","38","38","154","Departed","Departed","","1"
"SYN-02266","2026-09-20 18:14:00","2026-09-20","2026-09-20 20:52:00","2026-09-20","Green","Normal Operations","A04","2026-09-20 18:47:00","33","33","158","Departed","Departed","","1"
"SYN-02267","2026-09-20 18:22:00","2026-09-20","2026-09-20 20:35:00","2026-09-20","Orange","Normal Operations","A04","2026-09-20 18:41:00","19","19","133","Departed","Departed","","1"
"SYN-02268","2026-09-20 18:22:00","2026-09-20","2026-09-20 21:03:00","2026-09-20","Yellow","Normal Operations","A05","2026-09-20 18:49:00","27","27","161","Departed","Departed","","1"
"SYN-02269","2026-09-20 18:29:00","2026-09-20","2026-09-20 20:41:00","2026-09-20","Green","Normal Operations","A04","2026-09-20 19:00:00","31","31","132","Departed","Departed","","1"
"SYN-02270","2026-09-20 19:02:00","2026-09-20","2026-09-20 21:51:00","2026-09-20","Yellow","Normal Operations","A04","2026-09-20 19:23:00","21","21","169","Departed","Departed","","1"
"SYN-02271","2026-09-20 19:15:00","2026-09-20","2026-09-20 22:07:00","2026-09-20","Blue","Normal Operations","A04","2026-09-20 19:38:00","23","23","172","Departed","Departed","","1"
"SYN-02272","2026-09-20 19:24:00","2026-09-20","2026-09-20 21:51:00","2026-09-20","Orange","Normal Operations","A04","2026-09-20 19:38:00","14","14","147","Departed","Departed","","1"
"SYN-02273","2026-09-20 19:25:00","2026-09-20","2026-09-20 23:20:00","2026-09-20","Green","Normal Operations","A05","2026-09-20 19:41:00","16","16","235","Departed","Departed","","1"
"SYN-02274","2026-09-20 19:54:00","2026-09-20","2026-09-21 00:19:00","2026-09-21","Yellow","Normal Operations","A04","2026-09-20 20:22:00","28","28","265","Departed","Departed","","1"
"SYN-02275","2026-09-20 19:58:00","2026-09-20","2026-09-20 22:27:00","2026-09-20","Orange","Normal Operations","A04","2026-09-20 20:22:00","24","24","149","Departed","Departed","","1"
"SYN-02276","2026-09-20 20:09:00","2026-09-20","2026-09-20 23:05:00","2026-09-20","Yellow","Normal Operations","A04","2026-09-20 20:27:00","18","18","176","Departed","Departed","","1"
"SYN-02277","2026-09-20 20:16:00","2026-09-20","2026-09-20 23:02:00","2026-09-20","Yellow","Normal Operations","A04","2026-09-20 20:39:00","23","23","166","Departed","Departed","","1"
"SYN-02278","2026-09-20 20:34:00","2026-09-20","2026-09-20 22:24:00","2026-09-20","Yellow","Normal Operations","A04","2026-09-20 20:50:00","16","16","110","Departed","Departed","","1"
"SYN-02279","2026-09-20 20:34:00","2026-09-20","2026-09-20 22:39:00","2026-09-20","Green","Normal Operations","A04","2026-09-20 20:52:00","18","18","125","Departed","Departed","","1"
"SYN-02280","2026-09-20 20:34:00","2026-09-20","2026-09-20 22:07:00","2026-09-20","Green","Normal Operations","A05","2026-09-20 20:56:00","22","22","93","Departed","Departed","","1"
"SYN-02281","2026-09-20 21:03:00","2026-09-20","2026-09-21 01:17:00","2026-09-21","Yellow","Normal Operations","A05","2026-09-20 21:27:00","24","24","254","Departed","Departed","","1"
"SYN-02282","2026-09-20 21:05:00","2026-09-20","2026-09-20 23:52:00","2026-09-20","Green","Normal Operations","A05","2026-09-20 21:34:00","29","29","167","Departed","Departed","","1"
"SYN-02283","2026-09-20 21:24:00","2026-09-20","2026-09-20 23:31:00","2026-09-20","Orange","Normal Operations","A04","2026-09-20 21:44:00","20","20","127","Departed","Departed","","1"
"SYN-02284","2026-09-20 21:28:00","2026-09-20","2026-09-21 01:12:00","2026-09-21","Orange","Normal Operations","A04","2026-09-20 21:43:00","15","15","224","Departed","Departed","","1"
"SYN-02285","2026-09-20 21:31:00","2026-09-20","2026-09-21 02:13:00","2026-09-21","Green","Normal Operations","A04","2026-09-20 22:09:00","38","38","282","Departed","Departed","","1"
"SYN-02286","2026-09-20 22:01:00","2026-09-20","2026-09-21 01:13:00","2026-09-21","Green","Normal Operations","A05","2026-09-20 22:35:00","34","34","192","Departed","Departed","","1"
"SYN-02287","2026-09-20 22:22:00","2026-09-20","2026-09-21 00:19:00","2026-09-21","Blue","Normal Operations","A05","2026-09-20 22:49:00","27","27","117","Departed","Departed","","1"
"SYN-02288","2026-09-20 22:28:00","2026-09-20","2026-09-21 01:17:00","2026-09-21","Green","Normal Operations","A04","2026-09-20 23:06:00","38","38","169","Departed","Departed","","1"
"SYN-02289","2026-09-20 22:57:00","2026-09-20","2026-09-21 00:59:00","2026-09-21","Green","Normal Operations","A04","2026-09-20 23:20:00","23","23","122","Departed","Departed","","1"
"SYN-02290","2026-09-20 23:15:00","2026-09-20","2026-09-21 01:06:00","2026-09-21","Yellow","Normal Operations","A04","2026-09-20 23:44:00","29","29","111","Departed","Departed","","1"
"SYN-02291","2026-09-20 23:34:00","2026-09-20","2026-09-21 01:16:00","2026-09-21","Green","Normal Operations","A04","2026-09-20 23:59:00","25","25","102","Departed","Departed","","1"
"SYN-02292","2026-09-20 23:37:00","2026-09-20","2026-09-21 01:42:00","2026-09-21","Yellow","Normal Operations","A05","2026-09-21 00:05:00","28","28","125","Departed","Departed","","1"
"SYN-02293","2026-09-20 23:37:00","2026-09-20","2026-09-21 01:45:00","2026-09-21","Orange","Normal Operations","A04","2026-09-20 23:52:00","15","15","128","Departed","Departed","","1"
"SYN-02294","2026-09-20 23:45:00","2026-09-20","2026-09-21 01:43:00","2026-09-21","Blue","Normal Operations","A04","2026-09-21 00:22:00","37","37","118","Departed","Departed","","1"
"SYN-02295","2026-09-20 23:48:00","2026-09-20","2026-09-21 01:27:00","2026-09-21","Blue","Normal Operations","A04","2026-09-21 00:11:00","23","23","99","Departed","Departed","","1"
"SYN-02296","2026-09-21 00:31:00","2026-09-21","2026-09-21 03:29:00","2026-09-21","Yellow","Normal Operations","A04","2026-09-21 00:58:00","27","27","178","Departed","Departed","","1"
"SYN-02297","2026-09-21 00:37:00","2026-09-21","2026-09-21 02:30:00","2026-09-21","Green","Normal Operations","A04","2026-09-21 00:56:00","19","19","113","Departed","Departed","","1"
"SYN-02298","2026-09-21 01:03:00","2026-09-21","2026-09-21 04:23:00","2026-09-21","Green","Normal Operations","A05","2026-09-21 01:41:00","38","38","200","Departed","Departed","","1"
"SYN-02299","2026-09-21 01:10:00","2026-09-21","2026-09-21 03:02:00","2026-09-21","Yellow","Normal Operations","A05","2026-09-21 01:37:00","27","27","112","Departed","Departed","","1"
"SYN-02300","2026-09-21 02:37:00","2026-09-21","2026-09-21 04:39:00","2026-09-21","Green","Normal Operations","A04","2026-09-21 03:02:00","25","25","122","Departed","Departed","","1"
"SYN-02301","2026-09-21 03:05:00","2026-09-21","2026-09-21 06:08:00","2026-09-21","Yellow","Normal Operations","A04","2026-09-21 03:42:00","37","37","183","Departed","Departed","","1"
"SYN-02302","2026-09-21 03:14:00","2026-09-21","2026-09-21 04:45:00","2026-09-21","Yellow","Normal Operations","A05","2026-09-21 03:32:00","18","18","91","Departed","Departed","","1"
"SYN-02303","2026-09-21 03:20:00","2026-09-21","2026-09-21 06:24:00","2026-09-21","Green","Normal Operations","A04","2026-09-21 03:50:00","30","30","184","Departed","Departed","","1"
"SYN-02304","2026-09-21 04:19:00","2026-09-21","2026-09-21 07:13:00","2026-09-21","Blue","Normal Operations","A04","2026-09-21 04:49:00","30","30","174","Departed","Departed","","1"
"SYN-02305","2026-09-21 04:36:00","2026-09-21","2026-09-21 07:29:00","2026-09-21","Green","Normal Operations","A04","2026-09-21 05:02:00","26","26","173","Departed","Departed","","1"
"SYN-02306","2026-09-21 05:07:00","2026-09-21","2026-09-21 08:49:00","2026-09-21","Orange","Normal Operations","A05","2026-09-21 05:21:00","14","14","222","Departed","Departed","","1"
"SYN-02307","2026-09-21 05:38:00","2026-09-21","2026-09-21 08:05:00","2026-09-21","Blue","Normal Operations","A04","2026-09-21 06:05:00","27","27","147","Departed","Departed","","1"
"SYN-02308","2026-09-21 05:45:00","2026-09-21","2026-09-21 08:40:00","2026-09-21","Yellow","Normal Operations","A04","2026-09-21 06:05:00","20","20","175","Departed","Departed","","1"
"SYN-02309","2026-09-21 06:06:00","2026-09-21","2026-09-21 08:01:00","2026-09-21","Yellow","Normal Operations","A04","2026-09-21 06:31:00","25","25","115","Departed","Departed","","1"
"SYN-02310","2026-09-21 06:38:00","2026-09-21","2026-09-21 09:24:00","2026-09-21","Yellow","Normal Operations","A04","2026-09-21 07:11:00","33","33","166","Departed","Departed","","1"
"SYN-02311","2026-09-21 07:22:00","2026-09-21","2026-09-21 09:25:00","2026-09-21","Yellow","Normal Operations","A04","2026-09-21 07:43:00","21","21","123","Departed","Departed","","1"
"SYN-02312","2026-09-21 07:22:00","2026-09-21","2026-09-21 10:13:00","2026-09-21","Green","Normal Operations","A05","2026-09-21 07:53:00","31","31","171","Departed","Departed","","1"
"SYN-02313","2026-09-21 07:39:00","2026-09-21","2026-09-21 12:18:00","2026-09-21","Blue","Normal Operations","A04","2026-09-21 08:07:00","28","28","279","Departed","Departed","","1"
"SYN-02314","2026-09-21 07:42:00","2026-09-21","2026-09-21 12:09:00","2026-09-21","Orange","Normal Operations","A05","2026-09-21 08:00:00","18","18","267","Departed","Departed","","1"
"SYN-02315","2026-09-21 07:44:00","2026-09-21","2026-09-21 10:36:00","2026-09-21","Green","Normal Operations","A04","2026-09-21 08:05:00","21","21","172","Departed","Departed","","1"
"SYN-02316","2026-09-21 08:09:00","2026-09-21","2026-09-21 11:17:00","2026-09-21","Green","Normal Operations","A04","2026-09-21 08:42:00","33","33","188","Departed","Departed","","1"
"SYN-02317","2026-09-21 08:17:00","2026-09-21","2026-09-21 11:13:00","2026-09-21","Yellow","Normal Operations","A05","2026-09-21 08:54:00","37","37","176","Departed","Departed","","1"
"SYN-02318","2026-09-21 08:23:00","2026-09-21","2026-09-21 10:22:00","2026-09-21","Blue","Normal Operations","A04","2026-09-21 09:00:00","37","37","119","Departed","Departed","","1"
"SYN-02319","2026-09-21 08:50:00","2026-09-21","2026-09-21 12:59:00","2026-09-21","Green","Normal Operations","A04","2026-09-21 09:12:00","22","22","249","Departed","Departed","","1"
"SYN-02320","2026-09-21 09:21:00","2026-09-21","2026-09-21 12:08:00","2026-09-21","Green","Normal Operations","A04","2026-09-21 09:38:00","17","17","167","Departed","Departed","","1"
"SYN-02321","2026-09-21 09:52:00","2026-09-21","2026-09-21 12:18:00","2026-09-21","Green","Normal Operations","A05","2026-09-21 10:21:00","29","29","146","Departed","Departed","","1"
"SYN-02322","2026-09-21 09:56:00","2026-09-21","2026-09-21 12:54:00","2026-09-21","Yellow","Normal Operations","A04","2026-09-21 10:30:00","34","34","178","Departed","Departed","","1"
"SYN-02323","2026-09-21 09:59:00","2026-09-21","2026-09-21 11:40:00","2026-09-21","Yellow","Normal Operations","A04","2026-09-21 10:17:00","18","18","101","Departed","Departed","","1"
"SYN-02324","2026-09-21 10:01:00","2026-09-21","2026-09-21 11:59:00","2026-09-21","Green","Normal Operations","A05","2026-09-21 10:36:00","35","35","118","Departed","Departed","","1"
"SYN-02325","2026-09-21 10:06:00","2026-09-21","2026-09-21 13:03:00","2026-09-21","Green","Normal Operations","A04","2026-09-21 10:38:00","32","32","177","Departed","Departed","","1"
"SYN-02326","2026-09-21 10:10:00","2026-09-21","2026-09-21 12:43:00","2026-09-21","Yellow","Normal Operations","A04","2026-09-21 10:46:00","36","36","153","Departed","Departed","","1"
"SYN-02327","2026-09-21 10:46:00","2026-09-21","2026-09-21 13:28:00","2026-09-21","Green","Normal Operations","A05","2026-09-21 11:16:00","30","30","162","Departed","Departed","","1"
"SYN-02328","2026-09-21 11:16:00","2026-09-21","2026-09-21 13:49:00","2026-09-21","Yellow","Normal Operations","A05","2026-09-21 11:37:00","21","21","153","Departed","Departed","","1"
"SYN-02329","2026-09-21 11:17:00","2026-09-21","2026-09-21 13:40:00","2026-09-21","Yellow","Normal Operations","A04","2026-09-21 11:40:00","23","23","143","Departed","Departed","","1"
"SYN-02330","2026-09-21 11:44:00","2026-09-21","2026-09-21 13:52:00","2026-09-21","Blue","Normal Operations","A04","2026-09-21 12:21:00","37","37","128","Departed","Departed","","1"
"SYN-02331","2026-09-21 11:50:00","2026-09-21","2026-09-21 15:06:00","2026-09-21","Red","Normal Operations","A03","2026-09-21 11:52:00","2","2","196","Departed","Departed","","1"
"SYN-02332","2026-09-21 11:58:00","2026-09-21","2026-09-21 14:15:00","2026-09-21","Yellow","Normal Operations","A04","2026-09-21 12:12:00","14","14","137","Departed","Departed","","1"
"SYN-02333","2026-09-21 11:59:00","2026-09-21","2026-09-21 13:49:00","2026-09-21","Yellow","Normal Operations","A05","2026-09-21 12:39:00","40","40","110","Departed","Departed","","1"
"SYN-02334","2026-09-21 12:08:00","2026-09-21","2026-09-21 17:26:00","2026-09-21","Yellow","Normal Operations","A05","2026-09-21 12:41:00","33","33","318","Departed","Departed","","1"
"SYN-02335","2026-09-21 12:18:00","2026-09-21","2026-09-21 15:22:00","2026-09-21","Green","Normal Operations","A04","2026-09-21 12:50:00","32","32","184","Departed","Departed","","1"
"SYN-02336","2026-09-21 12:37:00","2026-09-21","2026-09-21 15:07:00","2026-09-21","Yellow","Normal Operations","A05","2026-09-21 13:16:00","39","39","150","Departed","Departed","","1"
"SYN-02337","2026-09-21 12:46:00","2026-09-21","2026-09-21 16:13:00","2026-09-21","Yellow","Normal Operations","A05","2026-09-21 13:08:00","22","22","207","Departed","Departed","","1"
"SYN-02338","2026-09-21 12:48:00","2026-09-21","2026-09-21 14:53:00","2026-09-21","Green","Normal Operations","A04","2026-09-21 13:10:00","22","22","125","Departed","Departed","","1"
"SYN-02339","2026-09-21 12:53:00","2026-09-21","2026-09-21 14:49:00","2026-09-21","Yellow","Normal Operations","A04","2026-09-21 13:16:00","23","23","116","Departed","Departed","","1"
"SYN-02340","2026-09-21 13:02:00","2026-09-21","2026-09-21 15:57:00","2026-09-21","Yellow","Normal Operations","A05","2026-09-21 13:42:00","40","40","175","Departed","Departed","","1"
"SYN-02341","2026-09-21 13:20:00","2026-09-21","2026-09-21 16:11:00","2026-09-21","Orange","Normal Operations","A04","2026-09-21 13:35:00","15","15","171","Departed","Departed","","1"
"SYN-02342","2026-09-21 13:26:00","2026-09-21","2026-09-21 17:43:00","2026-09-21","Blue","Normal Operations","A05","2026-09-21 13:48:00","22","22","257","Departed","Departed","","1"
"SYN-02343","2026-09-21 13:33:00","2026-09-21","2026-09-21 15:27:00","2026-09-21","Green","Normal Operations","A04","2026-09-21 13:47:00","14","14","114","Departed","Departed","","1"
"SYN-02344","2026-09-21 13:33:00","2026-09-21","2026-09-21 16:26:00","2026-09-21","Yellow","Normal Operations","A05","2026-09-21 14:06:00","33","33","173","Departed","Departed","","1"
"SYN-02345","2026-09-21 13:55:00","2026-09-21","2026-09-21 16:36:00","2026-09-21","Green","Normal Operations","A04","2026-09-21 14:26:00","31","31","161","Departed","Departed","","1"
"SYN-02346","2026-09-21 14:17:00","2026-09-21","2026-09-21 16:59:00","2026-09-21","Yellow","Normal Operations","A05","2026-09-21 14:43:00","26","26","162","Departed","Departed","","1"
"SYN-02347","2026-09-21 14:18:00","2026-09-21","2026-09-21 16:47:00","2026-09-21","Red","Normal Operations","A03","2026-09-21 14:20:00","2","2","149","Departed","Departed","","1"
"SYN-02348","2026-09-21 14:42:00","2026-09-21","2026-09-21 16:46:00","2026-09-21","Orange","Normal Operations","A04","2026-09-21 14:57:00","15","15","124","Departed","Departed","","1"
"SYN-02349","2026-09-21 14:51:00","2026-09-21","2026-09-21 16:40:00","2026-09-21","Yellow","Normal Operations","A04","2026-09-21 15:25:00","34","34","109","Departed","Departed","","1"
"SYN-02350","2026-09-21 15:19:00","2026-09-21","2026-09-21 17:02:00","2026-09-21","Green","Normal Operations","A04","2026-09-21 15:37:00","18","18","103","Departed","Departed","","1"
"SYN-02351","2026-09-21 15:23:00","2026-09-21","2026-09-21 17:19:00","2026-09-21","Orange","Normal Operations","A04","2026-09-21 15:43:00","20","20","116","Departed","Departed","","1"
"SYN-02352","2026-09-21 15:42:00","2026-09-21","2026-09-21 18:02:00","2026-09-21","Yellow","Normal Operations","A04","2026-09-21 16:11:00","29","29","140","Departed","Departed","","1"
"SYN-02353","2026-09-21 15:48:00","2026-09-21","2026-09-21 17:28:00","2026-09-21","Orange","Normal Operations","A04","2026-09-21 16:01:00","13","13","100","Departed","Departed","","1"
"SYN-02354","2026-09-21 15:48:00","2026-09-21","2026-09-21 21:18:00","2026-09-21","Yellow","Normal Operations","A04","2026-09-21 16:06:00","18","18","330","Departed","Departed","","1"
"SYN-02355","2026-09-21 15:56:00","2026-09-21","2026-09-21 19:08:00","2026-09-21","Green","Normal Operations","A04","2026-09-21 16:26:00","30","30","192","Departed","Departed","","1"
"SYN-02356","2026-09-21 16:02:00","2026-09-21","2026-09-21 20:09:00","2026-09-21","Yellow","Normal Operations","A04","2026-09-21 16:32:00","30","30","247","Departed","Departed","","1"
"SYN-02357","2026-09-21 16:07:00","2026-09-21","2026-09-21 18:22:00","2026-09-21","Orange","Normal Operations","A04","2026-09-21 16:21:00","14","14","135","Departed","Departed","","1"
"SYN-02358","2026-09-21 16:17:00","2026-09-21","2026-09-21 18:13:00","2026-09-21","Yellow","Normal Operations","A04","2026-09-21 16:51:00","34","34","116","Departed","Departed","","1"
"SYN-02359","2026-09-21 17:22:00","2026-09-21","2026-09-21 21:35:00","2026-09-21","Yellow","Normal Operations","A04","2026-09-21 17:49:00","27","27","253","Departed","Departed","","1"
"SYN-02360","2026-09-21 17:27:00","2026-09-21","2026-09-21 19:26:00","2026-09-21","Orange","Normal Operations","A05","2026-09-21 17:43:00","16","16","119","Departed","Departed","","1"
"SYN-02361","2026-09-21 17:31:00","2026-09-21","2026-09-21 20:52:00","2026-09-21","Yellow","Normal Operations","A05","2026-09-21 17:54:00","23","23","201","Departed","Departed","","1"
"SYN-02362","2026-09-21 18:06:00","2026-09-21","2026-09-21 21:16:00","2026-09-21","Green","Normal Operations","A05","2026-09-21 18:32:00","26","26","190","Departed","Departed","","1"
"SYN-02363","2026-09-21 18:39:00","2026-09-21","2026-09-21 20:44:00","2026-09-21","Green","Normal Operations","A05","2026-09-21 19:08:00","29","29","125","Departed","Departed","","1"
"SYN-02364","2026-09-21 18:44:00","2026-09-21","2026-09-21 22:41:00","2026-09-21","Yellow","Normal Operations","A04","2026-09-21 19:09:00","25","25","237","Departed","Departed","","1"
"SYN-02365","2026-09-21 18:58:00","2026-09-21","2026-09-21 21:45:00","2026-09-21","Green","Normal Operations","A05","2026-09-21 19:17:00","19","19","167","Departed","Departed","","1"
"SYN-02366","2026-09-21 19:01:00","2026-09-21","2026-09-21 23:53:00","2026-09-21","Green","Normal Operations","A04","2026-09-21 19:16:00","15","15","292","Departed","Departed","","1"
"SYN-02367","2026-09-21 19:02:00","2026-09-21","2026-09-21 21:44:00","2026-09-21","Blue","Normal Operations","A05","2026-09-21 19:23:00","21","21","162","Departed","Departed","","1"
"SYN-02368","2026-09-21 19:05:00","2026-09-21","2026-09-21 21:50:00","2026-09-21","Yellow","Normal Operations","A04","2026-09-21 19:25:00","20","20","165","Departed","Departed","","1"
"SYN-02369","2026-09-21 19:26:00","2026-09-21","2026-09-21 23:24:00","2026-09-21","Blue","Normal Operations","A05","2026-09-21 20:02:00","36","36","238","Departed","Departed","","1"
"SYN-02370","2026-09-21 19:53:00","2026-09-21","2026-09-21 22:52:00","2026-09-21","Green","Normal Operations","A04","2026-09-21 20:12:00","19","19","179","Departed","Departed","","1"
"SYN-02371","2026-09-21 20:01:00","2026-09-21","2026-09-21 21:54:00","2026-09-21","Green","Normal Operations","A04","2026-09-21 20:18:00","17","17","113","Departed","Departed","","1"
"SYN-02372","2026-09-21 20:24:00","2026-09-21","2026-09-21 22:16:00","2026-09-21","Yellow","Normal Operations","A04","2026-09-21 20:56:00","32","32","112","Departed","Departed","","1"
"SYN-02373","2026-09-21 20:33:00","2026-09-21","2026-09-21 23:49:00","2026-09-21","Green","Normal Operations","A04","2026-09-21 21:07:00","34","34","196","Departed","Departed","","1"
"SYN-02374","2026-09-21 20:44:00","2026-09-21","2026-09-21 23:50:00","2026-09-21","Yellow","Normal Operations","A04","2026-09-21 21:11:00","27","27","186","Departed","Departed","","1"
"SYN-02375","2026-09-21 21:01:00","2026-09-21","2026-09-21 23:06:00","2026-09-21","Green","Normal Operations","A04","2026-09-21 21:34:00","33","33","125","Departed","Departed","","1"
"SYN-02376","2026-09-21 21:30:00","2026-09-21","2026-09-21 23:48:00","2026-09-21","Red","Normal Operations","A03","2026-09-21 21:32:00","2","2","138","Departed","Departed","","1"
"SYN-02377","2026-09-21 21:33:00","2026-09-21","2026-09-22 03:06:00","2026-09-22","Yellow","Normal Operations","A04","2026-09-21 21:52:00","19","19","333","Departed","Departed","","1"
"SYN-02378","2026-09-21 22:31:00","2026-09-21","2026-09-22 03:23:00","2026-09-22","Green","Normal Operations","A04","2026-09-21 23:01:00","30","30","292","Departed","Departed","","1"
"SYN-02379","2026-09-21 22:40:00","2026-09-21","2026-09-22 00:12:00","2026-09-22","Orange","Normal Operations","A04","2026-09-21 22:56:00","16","16","92","Departed","Departed","","1"
"SYN-02380","2026-09-21 22:47:00","2026-09-21","2026-09-22 01:48:00","2026-09-22","Yellow","Normal Operations","A04","2026-09-21 23:18:00","31","31","181","Departed","Departed","","1"
"SYN-02381","2026-09-21 22:58:00","2026-09-21","2026-09-22 01:04:00","2026-09-22","Yellow","Normal Operations","A04","2026-09-21 23:17:00","19","19","126","Departed","Departed","","1"
"SYN-02382","2026-09-21 23:27:00","2026-09-21","2026-09-22 02:34:00","2026-09-22","Green","Normal Operations","A04","2026-09-22 00:04:00","37","37","187","Departed","Departed","","1"
"SYN-02383","2026-09-21 23:29:00","2026-09-21","2026-09-22 01:11:00","2026-09-22","Orange","Normal Operations","A04","2026-09-21 23:41:00","12","12","102","Departed","Departed","","1"
"SYN-02384","2026-09-21 23:44:00","2026-09-21","2026-09-22 01:23:00","2026-09-22","Red","Normal Operations","A03","2026-09-21 23:46:00","2","2","99","Departed","Departed","","1"
"SYN-02385","2026-09-22 00:14:00","2026-09-22","2026-09-22 01:39:00","2026-09-22","Orange","Normal Operations","A04","2026-09-22 00:26:00","12","12","85","Departed","Departed","","1"
"SYN-02386","2026-09-22 00:43:00","2026-09-22","2026-09-22 03:26:00","2026-09-22","Yellow","Normal Operations","A04","2026-09-22 01:10:00","27","27","163","Departed","Departed","","1"
"SYN-02387","2026-09-22 01:06:00","2026-09-22","2026-09-22 04:31:00","2026-09-22","Yellow","Normal Operations","A04","2026-09-22 01:46:00","40","40","205","Departed","Departed","","1"
"SYN-02388","2026-09-22 01:48:00","2026-09-22","2026-09-22 05:03:00","2026-09-22","Blue","Normal Operations","A04","2026-09-22 02:09:00","21","21","195","Departed","Departed","","1"
"SYN-02389","2026-09-22 02:03:00","2026-09-22","2026-09-22 05:25:00","2026-09-22","Green","Normal Operations","A05","2026-09-22 02:44:00","41","41","202","Departed","Departed","","1"
"SYN-02390","2026-09-22 02:34:00","2026-09-22","2026-09-22 05:42:00","2026-09-22","Green","Normal Operations","A04","2026-09-22 03:12:00","38","38","188","Departed","Departed","","1"
"SYN-02391","2026-09-22 03:19:00","2026-09-22","2026-09-22 07:47:00","2026-09-22","Green","Normal Operations","A04","2026-09-22 03:40:00","21","21","268","Departed","Departed","","1"
"SYN-02392","2026-09-22 03:22:00","2026-09-22","2026-09-22 05:17:00","2026-09-22","Yellow","Normal Operations","A04","2026-09-22 03:50:00","28","28","115","Departed","Departed","","1"
"SYN-02393","2026-09-22 03:46:00","2026-09-22","2026-09-22 05:38:00","2026-09-22","Yellow","Normal Operations","A04","2026-09-22 04:19:00","33","33","112","Departed","Departed","","1"
"SYN-02394","2026-09-22 04:52:00","2026-09-22","2026-09-22 06:55:00","2026-09-22","Green","Normal Operations","A04","2026-09-22 05:09:00","17","17","123","Departed","Departed","","1"
"SYN-02395","2026-09-22 04:52:00","2026-09-22","2026-09-22 06:21:00","2026-09-22","Green","Normal Operations","A05","2026-09-22 05:06:00","14","14","89","Departed","Departed","","1"
"SYN-02396","2026-09-22 05:14:00","2026-09-22","2026-09-22 08:03:00","2026-09-22","Green","Normal Operations","A04","2026-09-22 05:49:00","35","35","169","Departed","Departed","","1"
"SYN-02397","2026-09-22 06:41:00","2026-09-22","2026-09-22 09:39:00","2026-09-22","Yellow","Normal Operations","A05","2026-09-22 07:04:00","23","23","178","Departed","Departed","","1"
"SYN-02398","2026-09-22 06:41:00","2026-09-22","2026-09-22 11:24:00","2026-09-22","Yellow","Normal Operations","A04","2026-09-22 06:56:00","15","15","283","Departed","Departed","","1"
"SYN-02399","2026-09-22 07:44:00","2026-09-22","2026-09-22 10:36:00","2026-09-22","Green","Normal Operations","A05","2026-09-22 08:05:00","21","21","172","Departed","Departed","","1"
"SYN-02400","2026-09-22 07:48:00","2026-09-22","2026-09-22 10:40:00","2026-09-22","Green","Normal Operations","A05","2026-09-22 08:05:00","17","17","172","Departed","Departed","","1"
"SYN-02401","2026-09-22 07:52:00","2026-09-22","2026-09-22 09:51:00","2026-09-22","Green","Normal Operations","A05","2026-09-22 08:29:00","37","37","119","Departed","Departed","","1"
"SYN-02402","2026-09-22 08:04:00","2026-09-22","2026-09-22 12:20:00","2026-09-22","Yellow","Normal Operations","A05","2026-09-22 08:36:00","32","32","256","Departed","Departed","","1"
"SYN-02403","2026-09-22 08:08:00","2026-09-22","2026-09-22 10:55:00","2026-09-22","Green","Normal Operations","A04","2026-09-22 08:39:00","31","31","167","Departed","Departed","","1"
"SYN-02404","2026-09-22 08:26:00","2026-09-22","2026-09-22 10:16:00","2026-09-22","Yellow","Normal Operations","A04","2026-09-22 08:59:00","33","33","110","Departed","Departed","","1"
"SYN-02405","2026-09-22 08:27:00","2026-09-22","2026-09-22 10:33:00","2026-09-22","Red","Normal Operations","A03","2026-09-22 08:29:00","2","2","126","Departed","Departed","","1"
"SYN-02406","2026-09-22 08:43:00","2026-09-22","2026-09-22 10:43:00","2026-09-22","Blue","Normal Operations","A04","2026-09-22 09:04:00","21","21","120","Departed","Departed","","1"
"SYN-02407","2026-09-22 08:48:00","2026-09-22","2026-09-22 11:01:00","2026-09-22","Red","Normal Operations","A03","2026-09-22 08:50:00","2","2","133","Departed","Departed","","1"
"SYN-02408","2026-09-22 09:06:00","2026-09-22","2026-09-22 13:47:00","2026-09-22","Green","Normal Operations","A04","2026-09-22 09:35:00","29","29","281","Departed","Departed","","1"
"SYN-02409","2026-09-22 09:25:00","2026-09-22","2026-09-22 12:08:00","2026-09-22","Blue","Normal Operations","A04","2026-09-22 09:46:00","21","21","163","Departed","Departed","","1"
"SYN-02410","2026-09-22 09:29:00","2026-09-22","2026-09-22 14:26:00","2026-09-22","Orange","Normal Operations","A04","2026-09-22 09:43:00","14","14","297","Departed","Departed","","1"
"SYN-02411","2026-09-22 09:30:00","2026-09-22","2026-09-22 12:38:00","2026-09-22","Yellow","Normal Operations","A05","2026-09-22 10:02:00","32","32","188","Departed","Departed","","1"
"SYN-02412","2026-09-22 09:56:00","2026-09-22","2026-09-22 12:06:00","2026-09-22","Green","Normal Operations","A04","2026-09-22 10:15:00","19","19","130","Departed","Departed","","1"
"SYN-02413","2026-09-22 09:58:00","2026-09-22","2026-09-22 13:22:00","2026-09-22","Green","Normal Operations","A04","2026-09-22 10:29:00","31","31","204","Departed","Departed","","1"
"SYN-02414","2026-09-22 10:02:00","2026-09-22","2026-09-22 11:46:00","2026-09-22","Blue","Normal Operations","A04","2026-09-22 10:32:00","30","30","104","Departed","Departed","","1"
"SYN-02415","2026-09-22 10:03:00","2026-09-22","2026-09-22 12:13:00","2026-09-22","Green","Normal Operations","A04","2026-09-22 10:23:00","20","20","130","Departed","Departed","","1"
"SYN-02416","2026-09-22 10:30:00","2026-09-22","2026-09-22 13:24:00","2026-09-22","Orange","Normal Operations","A04","2026-09-22 10:46:00","16","16","174","Departed","Departed","","1"
"SYN-02417","2026-09-22 10:52:00","2026-09-22","2026-09-22 12:23:00","2026-09-22","Green","Normal Operations","A04","2026-09-22 11:10:00","18","18","91","Departed","Departed","","1"
"SYN-02418","2026-09-22 11:07:00","2026-09-22","2026-09-22 14:12:00","2026-09-22","Green","Normal Operations","A05","2026-09-22 11:34:00","27","27","185","Departed","Departed","","1"
"SYN-02419","2026-09-22 11:12:00","2026-09-22","2026-09-22 14:22:00","2026-09-22","Yellow","Normal Operations","A04","2026-09-22 11:52:00","40","40","190","Departed","Departed","","1"
"SYN-02420","2026-09-22 11:44:00","2026-09-22","2026-09-22 14:33:00","2026-09-22","Yellow","Normal Operations","A05","2026-09-22 12:19:00","35","35","169","Departed","Departed","","1"
"SYN-02421","2026-09-22 11:56:00","2026-09-22","2026-09-22 14:22:00","2026-09-22","Green","Normal Operations","A04","2026-09-22 12:28:00","32","32","146","Departed","Departed","","1"
"SYN-02422","2026-09-22 12:23:00","2026-09-22","2026-09-22 14:08:00","2026-09-22","Yellow","Normal Operations","A04","2026-09-22 12:52:00","29","29","105","Departed","Departed","","1"
"SYN-02423","2026-09-22 12:30:00","2026-09-22","2026-09-22 15:20:00","2026-09-22","Yellow","Normal Operations","A04","2026-09-22 12:49:00","19","19","170","Departed","Departed","","1"
"SYN-02424","2026-09-22 12:35:00","2026-09-22","2026-09-22 17:17:00","2026-09-22","Yellow","Normal Operations","A04","2026-09-22 13:10:00","35","35","282","Departed","Departed","","1"
"SYN-02425","2026-09-22 12:50:00","2026-09-22","2026-09-22 16:10:00","2026-09-22","Green","Normal Operations","A04","2026-09-22 13:22:00","32","32","200","Departed","Departed","","1"
"SYN-02426","2026-09-22 13:29:00","2026-09-22","2026-09-22 15:27:00","2026-09-22","Green","Normal Operations","A05","2026-09-22 13:57:00","28","28","118","Departed","Departed","","1"
"SYN-02427","2026-09-22 13:56:00","2026-09-22","2026-09-22 15:32:00","2026-09-22","Green","Normal Operations","A04","2026-09-22 14:15:00","19","19","96","Departed","Departed","","1"
"SYN-02428","2026-09-22 13:58:00","2026-09-22","2026-09-22 17:15:00","2026-09-22","Green","Normal Operations","A04","2026-09-22 14:32:00","34","34","197","Departed","Departed","","1"
"SYN-02429","2026-09-22 14:07:00","2026-09-22","2026-09-22 16:31:00","2026-09-22","Green","Normal Operations","A04","2026-09-22 14:35:00","28","28","144","Departed","Departed","","1"
"SYN-02430","2026-09-22 14:12:00","2026-09-22","2026-09-22 18:28:00","2026-09-22","Green","Normal Operations","A04","2026-09-22 14:47:00","35","35","256","Departed","Departed","","1"
"SYN-02431","2026-09-22 14:30:00","2026-09-22","2026-09-22 16:24:00","2026-09-22","Yellow","Normal Operations","A04","2026-09-22 14:59:00","29","29","114","Departed","Departed","","1"
"SYN-02432","2026-09-22 14:31:00","2026-09-22","2026-09-22 19:10:00","2026-09-22","Blue","Normal Operations","A05","2026-09-22 14:53:00","22","22","279","Departed","Departed","","1"
"SYN-02433","2026-09-22 14:53:00","2026-09-22","2026-09-22 17:54:00","2026-09-22","Yellow","Normal Operations","A05","2026-09-22 15:19:00","26","26","181","Departed","Departed","","1"
"SYN-02434","2026-09-22 15:04:00","2026-09-22","2026-09-22 17:47:00","2026-09-22","Green","Normal Operations","A04","2026-09-22 15:23:00","19","19","163","Departed","Departed","","1"
"SYN-02435","2026-09-22 15:34:00","2026-09-22","2026-09-22 17:58:00","2026-09-22","Blue","Normal Operations","A04","2026-09-22 16:08:00","34","34","144","Departed","Departed","","1"
"SYN-02436","2026-09-22 15:51:00","2026-09-22","2026-09-22 18:32:00","2026-09-22","Green","Normal Operations","A04","2026-09-22 16:17:00","26","26","161","Departed","Departed","","1"
"SYN-02437","2026-09-22 16:11:00","2026-09-22","2026-09-22 18:30:00","2026-09-22","Orange","Normal Operations","A05","2026-09-22 16:24:00","13","13","139","Departed","Departed","","1"
"SYN-02438","2026-09-22 16:22:00","2026-09-22","2026-09-22 18:58:00","2026-09-22","Yellow","Normal Operations","A04","2026-09-22 16:42:00","20","20","156","Departed","Departed","","1"
"SYN-02439","2026-09-22 16:29:00","2026-09-22","2026-09-22 19:05:00","2026-09-22","Yellow","Normal Operations","A05","2026-09-22 17:01:00","32","32","156","Departed","Departed","","1"
"SYN-02440","2026-09-22 16:37:00","2026-09-22","2026-09-22 18:32:00","2026-09-22","Orange","Normal Operations","A05","2026-09-22 16:49:00","12","12","115","Departed","Departed","","1"
"SYN-02441","2026-09-22 16:46:00","2026-09-22","2026-09-22 20:27:00","2026-09-22","Red","Normal Operations","A03","2026-09-22 16:48:00","2","2","221","Departed","Departed","","1"
"SYN-02442","2026-09-22 16:48:00","2026-09-22","2026-09-22 21:24:00","2026-09-22","Yellow","Normal Operations","A05","2026-09-22 17:11:00","23","23","276","Departed","Departed","","1"
"SYN-02443","2026-09-22 17:16:00","2026-09-22","2026-09-22 19:28:00","2026-09-22","Red","Normal Operations","A03","2026-09-22 17:18:00","2","2","132","Departed","Departed","","1"
"SYN-02444","2026-09-22 17:37:00","2026-09-22","2026-09-22 19:44:00","2026-09-22","Green","Normal Operations","A04","2026-09-22 18:01:00","24","24","127","Departed","Departed","","1"
"SYN-02445","2026-09-22 17:41:00","2026-09-22","2026-09-22 20:20:00","2026-09-22","Yellow","Normal Operations","A04","2026-09-22 18:07:00","26","26","159","Departed","Departed","","1"
"SYN-02446","2026-09-22 18:16:00","2026-09-22","2026-09-22 20:17:00","2026-09-22","Yellow","Normal Operations","A04","2026-09-22 18:55:00","39","39","121","Departed","Departed","","1"
"SYN-02447","2026-09-22 18:17:00","2026-09-22","2026-09-22 20:09:00","2026-09-22","Yellow","Normal Operations","A04","2026-09-22 18:45:00","28","28","112","Departed","Departed","","1"
"SYN-02448","2026-09-22 18:41:00","2026-09-22","2026-09-22 20:23:00","2026-09-22","Green","Normal Operations","A04","2026-09-22 19:12:00","31","31","102","Departed","Departed","","1"
"SYN-02449","2026-09-22 18:59:00","2026-09-22","2026-09-22 21:09:00","2026-09-22","Orange","Normal Operations","A05","2026-09-22 19:09:00","10","10","130","Departed","Departed","","1"
"SYN-02450","2026-09-22 19:14:00","2026-09-22","2026-09-22 22:01:00","2026-09-22","Red","Normal Operations","A03","2026-09-22 19:16:00","2","2","167","Departed","Departed","","1"
"SYN-02451","2026-09-22 19:21:00","2026-09-22","2026-09-22 22:31:00","2026-09-22","Green","Normal Operations","A05","2026-09-22 20:00:00","39","39","190","Departed","Departed","","1"
"SYN-02452","2026-09-22 19:44:00","2026-09-22","2026-09-22 21:54:00","2026-09-22","Orange","Normal Operations","A04","2026-09-22 19:57:00","13","13","130","Departed","Departed","","1"
"SYN-02453","2026-09-22 19:50:00","2026-09-22","2026-09-22 21:46:00","2026-09-22","Green","Normal Operations","A05","2026-09-22 20:20:00","30","30","116","Departed","Departed","","1"
"SYN-02454","2026-09-22 20:25:00","2026-09-22","2026-09-22 23:14:00","2026-09-22","Blue","Normal Operations","A05","2026-09-22 20:43:00","18","18","169","Departed","Departed","","1"
"SYN-02455","2026-09-22 20:45:00","2026-09-22","2026-09-23 01:12:00","2026-09-23","Yellow","Normal Operations","A05","2026-09-22 21:19:00","34","34","267","Departed","Departed","","1"
"SYN-02456","2026-09-22 20:58:00","2026-09-22","2026-09-22 23:01:00","2026-09-22","Yellow","Normal Operations","A04","2026-09-22 21:37:00","39","39","123","Departed","Departed","","1"
"SYN-02457","2026-09-22 20:59:00","2026-09-22","2026-09-23 00:03:00","2026-09-23","Yellow","Normal Operations","A04","2026-09-22 21:31:00","32","32","184","Departed","Departed","","1"
"SYN-02458","2026-09-22 21:11:00","2026-09-22","2026-09-22 23:48:00","2026-09-22","Green","Normal Operations","A04","2026-09-22 21:47:00","36","36","157","Departed","Departed","","1"
"SYN-02459","2026-09-22 21:25:00","2026-09-22","2026-09-22 22:45:00","2026-09-22","Red","Normal Operations","A03","2026-09-22 21:27:00","2","2","80","Departed","Departed","","1"
"SYN-02460","2026-09-22 21:37:00","2026-09-22","2026-09-22 23:46:00","2026-09-22","Yellow","Normal Operations","A05","2026-09-22 22:15:00","38","38","129","Departed","Departed","","1"
"SYN-02461","2026-09-22 21:50:00","2026-09-22","2026-09-23 01:01:00","2026-09-23","Yellow","Normal Operations","A04","2026-09-22 22:15:00","25","25","191","Departed","Departed","","1"
"SYN-02462","2026-09-22 21:56:00","2026-09-22","2026-09-22 23:55:00","2026-09-22","Green","Normal Operations","A04","2026-09-22 22:10:00","14","14","119","Departed","Departed","","1"
"SYN-02463","2026-09-22 22:24:00","2026-09-22","2026-09-23 01:18:00","2026-09-23","Yellow","Normal Operations","A04","2026-09-22 22:44:00","20","20","174","Departed","Departed","","1"
"SYN-02464","2026-09-22 22:25:00","2026-09-22","2026-09-23 02:58:00","2026-09-23","Yellow","Normal Operations","A04","2026-09-22 22:55:00","30","30","273","Departed","Departed","","1"
"SYN-02465","2026-09-22 22:31:00","2026-09-22","2026-09-23 01:34:00","2026-09-23","Green","Normal Operations","A04","2026-09-22 22:50:00","19","19","183","Departed","Departed","","1"
"SYN-02466","2026-09-22 22:33:00","2026-09-22","2026-09-23 00:52:00","2026-09-23","Green","Normal Operations","A04","2026-09-22 23:01:00","28","28","139","Departed","Departed","","1"
"SYN-02467","2026-09-22 22:39:00","2026-09-22","2026-09-23 01:21:00","2026-09-23","Green","Normal Operations","A04","2026-09-22 22:59:00","20","20","162","Departed","Departed","","1"
"SYN-02468","2026-09-22 23:11:00","2026-09-22","2026-09-23 01:29:00","2026-09-23","Orange","Normal Operations","A04","2026-09-22 23:26:00","15","15","138","Departed","Departed","","1"
"SYN-02469","2026-09-22 23:18:00","2026-09-22","2026-09-23 04:05:00","2026-09-23","Green","Normal Operations","A04","2026-09-22 23:49:00","31","31","287","Departed","Departed","","1"
"SYN-02470","2026-09-22 23:26:00","2026-09-22","2026-09-23 03:23:00","2026-09-23","Green","Normal Operations","A04","2026-09-22 23:44:00","18","18","237","Departed","Departed","","1"
"SYN-02471","2026-09-22 23:37:00","2026-09-22","2026-09-23 01:31:00","2026-09-23","Orange","Normal Operations","A04","2026-09-22 23:54:00","17","17","114","Departed","Departed","","1"
"SYN-02472","2026-09-22 23:40:00","2026-09-22","2026-09-23 04:33:00","2026-09-23","Yellow","Normal Operations","A05","2026-09-23 00:02:00","22","22","293","Departed","Departed","","1"
"SYN-02473","2026-09-22 23:47:00","2026-09-22","2026-09-23 02:16:00","2026-09-23","Yellow","Normal Operations","A05","2026-09-23 00:13:00","26","26","149","Departed","Departed","","1"
"SYN-02474","2026-09-23 00:18:00","2026-09-23","2026-09-23 02:14:00","2026-09-23","Orange","Normal Operations","A05","2026-09-23 00:37:00","19","19","116","Departed","Departed","","1"
"SYN-02475","2026-09-23 00:58:00","2026-09-23","2026-09-23 03:11:00","2026-09-23","Yellow","Normal Operations","A05","2026-09-23 01:39:00","41","41","133","Departed","Departed","","1"
"SYN-02476","2026-09-23 01:11:00","2026-09-23","2026-09-23 03:22:00","2026-09-23","Yellow","Normal Operations","A05","2026-09-23 01:41:00","30","30","131","Departed","Departed","","1"
"SYN-02477","2026-09-23 01:26:00","2026-09-23","2026-09-23 04:13:00","2026-09-23","Orange","Normal Operations","A04","2026-09-23 01:43:00","17","17","167","Departed","Departed","","1"
"SYN-02478","2026-09-23 02:01:00","2026-09-23","2026-09-23 04:17:00","2026-09-23","Yellow","Normal Operations","A04","2026-09-23 02:42:00","41","41","136","Departed","Departed","","1"
"SYN-02479","2026-09-23 02:05:00","2026-09-23","2026-09-23 04:05:00","2026-09-23","Yellow","Normal Operations","A05","2026-09-23 02:31:00","26","26","120","Departed","Departed","","1"
"SYN-02480","2026-09-23 02:46:00","2026-09-23","2026-09-23 06:19:00","2026-09-23","Yellow","Normal Operations","A05","2026-09-23 03:17:00","31","31","213","Departed","Departed","","1"
"SYN-02481","2026-09-23 03:07:00","2026-09-23","2026-09-23 05:22:00","2026-09-23","Yellow","Normal Operations","A04","2026-09-23 03:40:00","33","33","135","Departed","Departed","","1"
"SYN-02482","2026-09-23 03:09:00","2026-09-23","2026-09-23 06:22:00","2026-09-23","Yellow","Normal Operations","A04","2026-09-23 03:38:00","29","29","193","Departed","Departed","","1"
"SYN-02483","2026-09-23 03:59:00","2026-09-23","2026-09-23 07:36:00","2026-09-23","Green","Normal Operations","A04","2026-09-23 04:21:00","22","22","217","Departed","Departed","","1"
"SYN-02484","2026-09-23 04:01:00","2026-09-23","2026-09-23 06:15:00","2026-09-23","Yellow","Normal Operations","A04","2026-09-23 04:20:00","19","19","134","Departed","Departed","","1"
"SYN-02485","2026-09-23 04:32:00","2026-09-23","2026-09-23 07:21:00","2026-09-23","Yellow","Normal Operations","A05","2026-09-23 05:06:00","34","34","169","Departed","Departed","","1"
"SYN-02486","2026-09-23 04:40:00","2026-09-23","2026-09-23 06:19:00","2026-09-23","Orange","Normal Operations","A04","2026-09-23 04:51:00","11","11","99","Departed","Departed","","1"
"SYN-02487","2026-09-23 05:17:00","2026-09-23","2026-09-23 10:16:00","2026-09-23","Orange","Normal Operations","A04","2026-09-23 05:31:00","14","14","299","Departed","Departed","","1"
"SYN-02488","2026-09-23 05:56:00","2026-09-23","2026-09-23 08:43:00","2026-09-23","Green","Normal Operations","A04","2026-09-23 06:24:00","28","28","167","Departed","Departed","","1"
"SYN-02489","2026-09-23 06:33:00","2026-09-23","2026-09-23 10:51:00","2026-09-23","Green","Normal Operations","A05","2026-09-23 06:52:00","19","19","258","Departed","Departed","","1"
"SYN-02490","2026-09-23 07:05:00","2026-09-23","2026-09-23 10:47:00","2026-09-23","Green","Normal Operations","A04","2026-09-23 07:38:00","33","33","222","Departed","Departed","","1"
"SYN-02491","2026-09-23 07:24:00","2026-09-23","2026-09-23 09:12:00","2026-09-23","Green","Normal Operations","A04","2026-09-23 07:55:00","31","31","108","Departed","Departed","","1"
"SYN-02492","2026-09-23 07:35:00","2026-09-23","2026-09-23 12:24:00","2026-09-23","Green","Normal Operations","A04","2026-09-23 08:07:00","32","32","289","Departed","Departed","","1"
"SYN-02493","2026-09-23 07:46:00","2026-09-23","2026-09-23 09:00:00","2026-09-23","Red","Normal Operations","A03","2026-09-23 07:48:00","2","2","74","Departed","Departed","","1"
"SYN-02494","2026-09-23 08:01:00","2026-09-23","2026-09-23 09:38:00","2026-09-23","Orange","Normal Operations","A04","2026-09-23 08:20:00","19","19","97","Departed","Departed","","1"
"SYN-02495","2026-09-23 08:03:00","2026-09-23","2026-09-23 12:30:00","2026-09-23","Green","Normal Operations","A04","2026-09-23 08:32:00","29","29","267","Departed","Departed","","1"
"SYN-02496","2026-09-23 08:05:00","2026-09-23","2026-09-23 10:07:00","2026-09-23","Blue","Normal Operations","A04","2026-09-23 08:42:00","37","37","122","Departed","Departed","","1"
"SYN-02497","2026-09-23 08:10:00","2026-09-23","2026-09-23 10:02:00","2026-09-23","Blue","Normal Operations","A04","2026-09-23 08:31:00","21","21","112","Departed","Departed","","1"
"SYN-02498","2026-09-23 08:31:00","2026-09-23","2026-09-23 11:20:00","2026-09-23","Green","Normal Operations","A04","2026-09-23 09:08:00","37","37","169","Departed","Departed","","1"
"SYN-02499","2026-09-23 09:24:00","2026-09-23","2026-09-23 12:34:00","2026-09-23","Green","Normal Operations","A05","2026-09-23 09:53:00","29","29","190","Departed","Departed","","1"
"SYN-02500","2026-09-23 09:40:00","2026-09-23","2026-09-23 12:18:00","2026-09-23","Green","Normal Operations","A04","2026-09-23 09:58:00","18","18","158","Departed","Departed","","1"
"SYN-02501","2026-09-23 09:45:00","2026-09-23","2026-09-23 12:07:00","2026-09-23","Red","Normal Operations","A03","2026-09-23 09:47:00","2","2","142","Departed","Departed","","1"
"SYN-02502","2026-09-23 09:56:00","2026-09-23","2026-09-23 12:49:00","2026-09-23","Green","Normal Operations","A04","2026-09-23 10:19:00","23","23","173","Departed","Departed","","1"
"SYN-02503","2026-09-23 10:11:00","2026-09-23","2026-09-23 13:09:00","2026-09-23","Blue","Normal Operations","A05","2026-09-23 10:40:00","29","29","178","Departed","Departed","","1"
"SYN-02504","2026-09-23 10:16:00","2026-09-23","2026-09-23 12:55:00","2026-09-23","Green","Normal Operations","A05","2026-09-23 10:47:00","31","31","159","Departed","Departed","","1"
"SYN-02505","2026-09-23 10:22:00","2026-09-23","2026-09-23 12:46:00","2026-09-23","Yellow","Normal Operations","A04","2026-09-23 10:52:00","30","30","144","Departed","Departed","","1"
"SYN-02506","2026-09-23 10:50:00","2026-09-23","2026-09-23 12:39:00","2026-09-23","Orange","Normal Operations","A04","2026-09-23 11:02:00","12","12","109","Departed","Departed","","1"
"SYN-02507","2026-09-23 11:21:00","2026-09-23","2026-09-23 13:45:00","2026-09-23","Green","Normal Operations","A05","2026-09-23 11:59:00","38","38","144","Departed","Departed","","1"
"SYN-02508","2026-09-23 11:25:00","2026-09-23","2026-09-23 13:38:00","2026-09-23","Blue","Normal Operations","A05","2026-09-23 11:58:00","33","33","133","Departed","Departed","","1"
"SYN-02509","2026-09-23 11:28:00","2026-09-23","2026-09-23 13:45:00","2026-09-23","Yellow","Normal Operations","A04","2026-09-23 12:06:00","38","38","137","Departed","Departed","","1"
"SYN-02510","2026-09-23 11:43:00","2026-09-23","2026-09-23 14:24:00","2026-09-23","Blue","Normal Operations","A04","2026-09-23 11:59:00","16","16","161","Departed","Departed","","1"
"SYN-02511","2026-09-23 11:57:00","2026-09-23","2026-09-23 14:01:00","2026-09-23","Yellow","Normal Operations","A04","2026-09-23 12:23:00","26","26","124","Departed","Departed","","1"
"SYN-02512","2026-09-23 12:18:00","2026-09-23","2026-09-23 14:54:00","2026-09-23","Orange","Normal Operations","A04","2026-09-23 12:33:00","15","15","156","Departed","Departed","","1"
"SYN-02513","2026-09-23 12:25:00","2026-09-23","2026-09-23 18:17:00","2026-09-23","Green","Normal Operations","A04","2026-09-23 12:45:00","20","20","352","Departed","Departed","","1"
"SYN-02514","2026-09-23 12:35:00","2026-09-23","2026-09-23 14:35:00","2026-09-23","Orange","Normal Operations","A04","2026-09-23 12:54:00","19","19","120","Departed","Departed","","1"
"SYN-02515","2026-09-23 12:47:00","2026-09-23","2026-09-23 15:18:00","2026-09-23","Yellow","Normal Operations","A04","2026-09-23 13:20:00","33","33","151","Departed","Departed","","1"
"SYN-02516","2026-09-23 12:48:00","2026-09-23","2026-09-23 15:05:00","2026-09-23","Yellow","Normal Operations","A04","2026-09-23 13:08:00","20","20","137","Departed","Departed","","1"
"SYN-02517","2026-09-23 12:51:00","2026-09-23","2026-09-23 14:54:00","2026-09-23","Yellow","Normal Operations","A04","2026-09-23 13:33:00","42","42","123","Departed","Departed","","1"
"SYN-02518","2026-09-23 13:07:00","2026-09-23","2026-09-23 15:25:00","2026-09-23","Yellow","Normal Operations","A04","2026-09-23 13:30:00","23","23","138","Departed","Departed","","1"
"SYN-02519","2026-09-23 13:29:00","2026-09-23","2026-09-23 15:45:00","2026-09-23","Yellow","Normal Operations","A05","2026-09-23 13:58:00","29","29","136","Departed","Departed","","1"
"SYN-02520","2026-09-23 13:36:00","2026-09-23","2026-09-23 16:45:00","2026-09-23","Green","Normal Operations","A04","2026-09-23 14:14:00","38","38","189","Departed","Departed","","1"
"SYN-02521","2026-09-23 13:54:00","2026-09-23","2026-09-23 16:14:00","2026-09-23","Yellow","Normal Operations","A05","2026-09-23 14:13:00","19","19","140","Departed","Departed","","1"
"SYN-02522","2026-09-23 14:16:00","2026-09-23","2026-09-23 16:40:00","2026-09-23","Green","Normal Operations","A05","2026-09-23 14:46:00","30","30","144","Departed","Departed","","1"
"SYN-02523","2026-09-23 14:18:00","2026-09-23","2026-09-23 18:43:00","2026-09-23","Green","Normal Operations","A05","2026-09-23 14:36:00","18","18","265","Departed","Departed","","1"
"SYN-02524","2026-09-23 14:31:00","2026-09-23","2026-09-23 16:36:00","2026-09-23","Yellow","Normal Operations","A04","2026-09-23 15:02:00","31","31","125","Departed","Departed","","1"
"SYN-02525","2026-09-23 14:31:00","2026-09-23","2026-09-23 16:45:00","2026-09-23","Yellow","Normal Operations","A04","2026-09-23 14:52:00","21","21","134","Departed","Departed","","1"
"SYN-02526","2026-09-23 14:37:00","2026-09-23","2026-09-23 17:06:00","2026-09-23","Blue","Normal Operations","A04","2026-09-23 15:07:00","30","30","149","Departed","Departed","","1"
"SYN-02527","2026-09-23 14:56:00","2026-09-23","2026-09-23 17:35:00","2026-09-23","Yellow","Normal Operations","A04","2026-09-23 15:30:00","34","34","159","Departed","Departed","","1"
"SYN-02528","2026-09-23 15:06:00","2026-09-23","2026-09-23 18:29:00","2026-09-23","Green","Normal Operations","A05","2026-09-23 15:33:00","27","27","203","Departed","Departed","","1"
"SYN-02529","2026-09-23 15:39:00","2026-09-23","2026-09-23 18:11:00","2026-09-23","Blue","Normal Operations","A04","2026-09-23 15:54:00","15","15","152","Departed","Departed","","1"
"SYN-02530","2026-09-23 15:59:00","2026-09-23","2026-09-23 19:37:00","2026-09-23","Red","Normal Operations","A03","2026-09-23 16:01:00","2","2","218","Departed","Departed","","1"
"SYN-02531","2026-09-23 16:13:00","2026-09-23","2026-09-23 20:27:00","2026-09-23","Yellow","Normal Operations","A04","2026-09-23 16:28:00","15","15","254","Departed","Departed","","1"
"SYN-02532","2026-09-23 16:13:00","2026-09-23","2026-09-23 18:21:00","2026-09-23","Orange","Normal Operations","A05","2026-09-23 16:33:00","20","20","128","Departed","Departed","","1"
"SYN-02533","2026-09-23 16:14:00","2026-09-23","2026-09-23 19:21:00","2026-09-23","Yellow","Normal Operations","A04","2026-09-23 16:53:00","39","39","187","Departed","Departed","","1"
"SYN-02534","2026-09-23 16:29:00","2026-09-23","2026-09-23 18:25:00","2026-09-23","Blue","Normal Operations","A04","2026-09-23 17:06:00","37","37","116","Departed","Departed","","1"
"SYN-02535","2026-09-23 16:31:00","2026-09-23","2026-09-23 19:25:00","2026-09-23","Green","Normal Operations","A05","2026-09-23 16:59:00","28","28","174","Departed","Departed","","1"
"SYN-02536","2026-09-23 17:12:00","2026-09-23","2026-09-23 19:53:00","2026-09-23","Yellow","Normal Operations","A05","2026-09-23 17:37:00","25","25","161","Departed","Departed","","1"
"SYN-02537","2026-09-23 17:16:00","2026-09-23","2026-09-23 19:23:00","2026-09-23","Yellow","Normal Operations","A04","2026-09-23 17:47:00","31","31","127","Departed","Departed","","1"
"SYN-02538","2026-09-23 17:28:00","2026-09-23","2026-09-23 19:34:00","2026-09-23","Blue","Normal Operations","A04","2026-09-23 17:45:00","17","17","126","Departed","Departed","","1"
"SYN-02539","2026-09-23 18:06:00","2026-09-23","2026-09-23 21:12:00","2026-09-23","Blue","Normal Operations","A04","2026-09-23 18:36:00","30","30","186","Departed","Departed","","1"
"SYN-02540","2026-09-23 18:11:00","2026-09-23","2026-09-23 20:03:00","2026-09-23","Orange","Normal Operations","A04","2026-09-23 18:23:00","12","12","112","Departed","Departed","","1"
"SYN-02541","2026-09-23 18:15:00","2026-09-23","2026-09-23 23:11:00","2026-09-23","Blue","Normal Operations","A04","2026-09-23 18:51:00","36","36","296","Departed","Departed","","1"
"SYN-02542","2026-09-23 18:55:00","2026-09-23","2026-09-23 21:12:00","2026-09-23","Red","Normal Operations","A03","2026-09-23 18:57:00","2","2","137","Departed","Departed","","1"
"SYN-02543","2026-09-23 19:06:00","2026-09-23","2026-09-23 21:33:00","2026-09-23","Yellow","Normal Operations","A04","2026-09-23 19:33:00","27","27","147","Departed","Departed","","1"
"SYN-02544","2026-09-23 19:12:00","2026-09-23","2026-09-23 22:59:00","2026-09-23","Red","Normal Operations","A03","2026-09-23 19:14:00","2","2","227","Departed","Departed","","1"
"SYN-02545","2026-09-23 19:17:00","2026-09-23","2026-09-23 21:44:00","2026-09-23","Yellow","Normal Operations","A04","2026-09-23 19:53:00","36","36","147","Departed","Departed","","1"
"SYN-02546","2026-09-23 19:41:00","2026-09-23","2026-09-23 21:09:00","2026-09-23","Yellow","Normal Operations","A04","2026-09-23 19:58:00","17","17","88","Departed","Departed","","1"
"SYN-02547","2026-09-23 19:45:00","2026-09-23","2026-09-23 21:47:00","2026-09-23","Yellow","Normal Operations","A04","2026-09-23 20:11:00","26","26","122","Departed","Departed","","1"
"SYN-02548","2026-09-23 19:50:00","2026-09-23","2026-09-23 22:05:00","2026-09-23","Green","Normal Operations","A04","2026-09-23 20:19:00","29","29","135","Departed","Departed","","1"
"SYN-02549","2026-09-23 20:01:00","2026-09-23","2026-09-23 22:48:00","2026-09-23","Yellow","Normal Operations","A04","2026-09-23 20:19:00","18","18","167","Departed","Departed","","1"
"SYN-02550","2026-09-23 20:23:00","2026-09-23","2026-09-24 01:47:00","2026-09-24","Yellow","Normal Operations","A04","2026-09-23 20:57:00","34","34","324","Departed","Departed","","1"
"SYN-02551","2026-09-23 20:36:00","2026-09-23","2026-09-23 22:44:00","2026-09-23","Blue","Normal Operations","A04","2026-09-23 21:11:00","35","35","128","Departed","Departed","","1"
"SYN-02552","2026-09-23 20:50:00","2026-09-23","2026-09-24 01:57:00","2026-09-24","Orange","Normal Operations","A05","2026-09-23 21:08:00","18","18","307","Departed","Departed","","1"
"SYN-02553","2026-09-23 20:58:00","2026-09-23","2026-09-24 00:55:00","2026-09-24","Green","Normal Operations","A04","2026-09-23 21:23:00","25","25","237","Departed","Departed","","1"
"SYN-02554","2026-09-23 20:59:00","2026-09-23","2026-09-23 23:25:00","2026-09-23","Yellow","Normal Operations","A05","2026-09-23 21:19:00","20","20","146","Departed","Departed","","1"
"SYN-02555","2026-09-23 21:20:00","2026-09-23","2026-09-23 23:55:00","2026-09-23","Orange","Normal Operations","A05","2026-09-23 21:40:00","20","20","155","Departed","Departed","","1"
"SYN-02556","2026-09-23 21:20:00","2026-09-23","2026-09-24 00:22:00","2026-09-24","Yellow","Normal Operations","A04","2026-09-23 21:41:00","21","21","182","Departed","Departed","","1"
"SYN-02557","2026-09-23 21:28:00","2026-09-23","2026-09-23 23:12:00","2026-09-23","Green","Normal Operations","A04","2026-09-23 21:50:00","22","22","104","Departed","Departed","","1"
"SYN-02558","2026-09-23 21:39:00","2026-09-23","2026-09-23 23:15:00","2026-09-23","Yellow","Normal Operations","A05","2026-09-23 22:02:00","23","23","96","Departed","Departed","","1"
"SYN-02559","2026-09-23 22:03:00","2026-09-23","2026-09-24 00:09:00","2026-09-24","Green","Normal Operations","A05","2026-09-23 22:40:00","37","37","126","Departed","Departed","","1"
"SYN-02560","2026-09-23 22:10:00","2026-09-23","2026-09-24 00:15:00","2026-09-24","Green","Normal Operations","A05","2026-09-23 22:28:00","18","18","125","Departed","Departed","","1"
"SYN-02561","2026-09-23 22:37:00","2026-09-23","2026-09-24 01:23:00","2026-09-24","Orange","Normal Operations","A05","2026-09-23 22:56:00","19","19","166","Departed","Departed","","1"
"SYN-02562","2026-09-23 23:31:00","2026-09-23","2026-09-24 01:23:00","2026-09-24","Green","Normal Operations","A05","2026-09-23 23:51:00","20","20","112","Departed","Departed","","1"
"SYN-02563","2026-09-23 23:32:00","2026-09-23","2026-09-24 02:40:00","2026-09-24","Green","Normal Operations","A04","2026-09-24 00:04:00","32","32","188","Departed","Departed","","1"
"SYN-02564","2026-09-23 23:38:00","2026-09-23","2026-09-24 01:35:00","2026-09-24","Green","Normal Operations","A04","2026-09-24 00:03:00","25","25","117","Departed","Departed","","1"
"SYN-02565","2026-09-23 23:51:00","2026-09-23","2026-09-24 02:02:00","2026-09-24","Green","Normal Operations","A04","2026-09-24 00:22:00","31","31","131","Departed","Departed","","1"
"SYN-02566","2026-09-23 23:58:00","2026-09-23","2026-09-24 02:07:00","2026-09-24","Yellow","Normal Operations","A04","2026-09-24 00:29:00","31","31","129","Departed","Departed","","1"
"SYN-02567","2026-09-24 00:34:00","2026-09-24","2026-09-24 03:09:00","2026-09-24","Green","Normal Operations","A04","2026-09-24 01:10:00","36","36","155","Departed","Departed","","1"
"SYN-02568","2026-09-24 01:11:00","2026-09-24","2026-09-24 03:36:00","2026-09-24","Green","Normal Operations","A04","2026-09-24 01:44:00","33","33","145","Departed","Departed","","1"
"SYN-02569","2026-09-24 01:37:00","2026-09-24","2026-09-24 04:02:00","2026-09-24","Green","Normal Operations","A04","2026-09-24 02:06:00","29","29","145","Departed","Departed","","1"
"SYN-02570","2026-09-24 02:31:00","2026-09-24","2026-09-24 04:53:00","2026-09-24","Blue","Normal Operations","A04","2026-09-24 02:51:00","20","20","142","Departed","Departed","","1"
"SYN-02571","2026-09-24 03:12:00","2026-09-24","2026-09-24 08:40:00","2026-09-24","Green","Normal Operations","A04","2026-09-24 03:49:00","37","37","328","Departed","Departed","","1"
"SYN-02572","2026-09-24 03:17:00","2026-09-24","2026-09-24 05:29:00","2026-09-24","Yellow","Normal Operations","A04","2026-09-24 03:54:00","37","37","132","Departed","Departed","","1"
"SYN-02573","2026-09-24 03:43:00","2026-09-24","2026-09-24 08:36:00","2026-09-24","Green","Normal Operations","A04","2026-09-24 04:03:00","20","20","293","Departed","Departed","","1"
"SYN-02574","2026-09-24 04:29:00","2026-09-24","2026-09-24 09:27:00","2026-09-24","Orange","Normal Operations","A05","2026-09-24 04:41:00","12","12","298","Departed","Departed","","1"
"SYN-02575","2026-09-24 05:16:00","2026-09-24","2026-09-24 08:36:00","2026-09-24","Green","Normal Operations","A04","2026-09-24 05:55:00","39","39","200","Departed","Departed","","1"
"SYN-02576","2026-09-24 05:30:00","2026-09-24","2026-09-24 09:51:00","2026-09-24","Yellow","Normal Operations","A04","2026-09-24 05:51:00","21","21","261","Departed","Departed","","1"
"SYN-02577","2026-09-24 05:37:00","2026-09-24","2026-09-24 08:08:00","2026-09-24","Green","Normal Operations","A04","2026-09-24 06:14:00","37","37","151","Departed","Departed","","1"
"SYN-02578","2026-09-24 06:44:00","2026-09-24","2026-09-24 08:46:00","2026-09-24","Green","Normal Operations","A04","2026-09-24 07:04:00","20","20","122","Departed","Departed","","1"
"SYN-02579","2026-09-24 07:23:00","2026-09-24","2026-09-24 09:32:00","2026-09-24","Green","Normal Operations","A04","2026-09-24 07:41:00","18","18","129","Departed","Departed","","1"
"SYN-02580","2026-09-24 07:25:00","2026-09-24","2026-09-24 10:22:00","2026-09-24","Orange","Normal Operations","A04","2026-09-24 07:44:00","19","19","177","Departed","Departed","","1"
"SYN-02581","2026-09-24 07:50:00","2026-09-24","2026-09-24 13:01:00","2026-09-24","Green","Normal Operations","A04","2026-09-24 08:20:00","30","30","311","Departed","Departed","","1"
"SYN-02582","2026-09-24 08:17:00","2026-09-24","2026-09-24 12:05:00","2026-09-24","Yellow","Normal Operations","A04","2026-09-24 08:33:00","16","16","228","Departed","Departed","","1"
"SYN-02583","2026-09-24 08:48:00","2026-09-24","2026-09-24 13:43:00","2026-09-24","Yellow","Normal Operations","A04","2026-09-24 09:08:00","20","20","295","Departed","Departed","","1"
"SYN-02584","2026-09-24 08:52:00","2026-09-24","2026-09-24 11:55:00","2026-09-24","Yellow","Normal Operations","A04","2026-09-24 09:13:00","21","21","183","Departed","Departed","","1"
"SYN-02585","2026-09-24 09:33:00","2026-09-24","2026-09-24 12:36:00","2026-09-24","Green","Normal Operations","A04","2026-09-24 10:09:00","36","36","183","Departed","Departed","","1"
"SYN-02586","2026-09-24 09:37:00","2026-09-24","2026-09-24 15:16:00","2026-09-24","Yellow","Normal Operations","A04","2026-09-24 10:17:00","40","40","339","Departed","Departed","","1"
"SYN-02587","2026-09-24 09:43:00","2026-09-24","2026-09-24 12:19:00","2026-09-24","Yellow","Normal Operations","A04","2026-09-24 10:08:00","25","25","156","Departed","Departed","","1"
"SYN-02588","2026-09-24 10:09:00","2026-09-24","2026-09-24 13:39:00","2026-09-24","Orange","High Demand","A04","2026-09-24 10:28:00","19","19","210","Departed","Departed","","1"
"SYN-02589","2026-09-24 10:15:00","2026-09-24","2026-09-24 11:43:00","2026-09-24","Orange","High Demand","A04","2026-09-24 10:32:00","17","17","88","Departed","Departed","","1"
"SYN-02590","2026-09-24 10:27:00","2026-09-24","2026-09-24 13:58:00","2026-09-24","Green","High Demand","A05","2026-09-24 11:41:00","74","74","211","Departed","Departed","","1"
"SYN-02591","2026-09-24 10:29:00","2026-09-24","2026-09-24 15:15:00","2026-09-24","Yellow","High Demand","A04","2026-09-24 11:37:00","68","68","286","Departed","Departed","","1"
"SYN-02592","2026-09-24 10:31:00","2026-09-24","2026-09-24 14:50:00","2026-09-24","Yellow","High Demand","A04","2026-09-24 11:21:00","50","50","259","Departed","Departed","","1"
"SYN-02593","2026-09-24 10:35:00","2026-09-24","2026-09-24 12:25:00","2026-09-24","Green","High Demand","A05","2026-09-24 10:54:00","19","19","110","Departed","Departed","","1"
"SYN-02594","2026-09-24 10:42:00","2026-09-24","2026-09-24 14:58:00","2026-09-24","Green","High Demand","A04","2026-09-24 11:40:00","58","58","256","Departed","Departed","","1"
"SYN-02595","2026-09-24 10:43:00","2026-09-24","2026-09-24 13:52:00","2026-09-24","Green","High Demand","A04","2026-09-24 11:07:00","24","24","189","Departed","Departed","","1"
"SYN-02596","2026-09-24 10:50:00","2026-09-24","2026-09-24 13:49:00","2026-09-24","Blue","High Demand","A04","2026-09-24 11:18:00","28","28","179","Departed","Departed","","1"
"SYN-02597","2026-09-24 10:59:00","2026-09-24","2026-09-24 13:55:00","2026-09-24","Yellow","High Demand","A05","2026-09-24 11:54:00","55","55","176","Departed","Departed","","1"
"SYN-02598","2026-09-24 11:14:00","2026-09-24","2026-09-24 14:04:00","2026-09-24","Yellow","High Demand","A05","2026-09-24 11:37:00","23","23","170","Departed","Departed","","1"
"SYN-02599","2026-09-24 11:19:00","2026-09-24","2026-09-24 15:36:00","2026-09-24","Green","High Demand","A05","2026-09-24 12:34:00","75","75","257","Departed","Departed","","1"
"SYN-02600","2026-09-24 11:21:00","2026-09-24","2026-09-24 19:16:00","2026-09-24","Yellow","High Demand","A04","2026-09-24 11:38:00","17","17","475","Departed","Departed","","1"
"SYN-02601","2026-09-24 11:21:00","2026-09-24","2026-09-24 17:57:00","2026-09-24","Green","High Demand","A04","2026-09-24 12:20:00","59","59","396","Departed","Departed","","1"
"SYN-02602","2026-09-24 11:23:00","2026-09-24","2026-09-24 13:35:00","2026-09-24","Orange","High Demand","A05","2026-09-24 11:46:00","23","23","132","Departed","Departed","","1"
"SYN-02603","2026-09-24 11:39:00","2026-09-24","2026-09-24 15:31:00","2026-09-24","Blue","High Demand","A05","2026-09-24 12:45:00","66","66","232","Departed","Departed","","1"
"SYN-02604","2026-09-24 11:46:00","2026-09-24","2026-09-24 15:30:00","2026-09-24","Yellow","High Demand","A05","2026-09-24 12:30:00","44","44","224","Departed","Departed","","1"
"SYN-02605","2026-09-24 12:04:00","2026-09-24","2026-09-24 16:12:00","2026-09-24","Green","High Demand","A04","2026-09-24 13:00:00","56","56","248","Departed","Departed","","1"
"SYN-02606","2026-09-24 12:16:00","2026-09-24","2026-09-24 15:09:00","2026-09-24","Yellow","High Demand","A04","2026-09-24 12:44:00","28","28","173","Departed","Departed","","1"
"SYN-02607","2026-09-24 12:17:00","2026-09-24","2026-09-24 16:20:00","2026-09-24","Green","High Demand","A05","2026-09-24 13:10:00","53","53","243","Departed","Departed","","1"
"SYN-02608","2026-09-24 12:41:00","2026-09-24","2026-09-24 14:37:00","2026-09-24","Green","High Demand","A04","2026-09-24 13:26:00","45","45","116","Departed","Departed","","1"
"SYN-02609","2026-09-24 12:43:00","2026-09-24","2026-09-24 14:15:00","2026-09-24","Orange","High Demand","A04","2026-09-24 13:02:00","19","19","92","Departed","Departed","","1"
"SYN-02610","2026-09-24 12:45:00","2026-09-24","2026-09-24 15:46:00","2026-09-24","Yellow","High Demand","A04","2026-09-24 13:53:00","68","68","181","Departed","Departed","","1"
"SYN-02611","2026-09-24 12:51:00","2026-09-24","2026-09-24 15:09:00","2026-09-24","Blue","High Demand","A04","2026-09-24 13:47:00","56","56","138","Departed","Departed","","1"
"SYN-02612","2026-09-24 13:01:00","2026-09-24","2026-09-24 17:23:00","2026-09-24","Blue","High Demand","A05","2026-09-24 13:57:00","56","56","262","Departed","Departed","","1"
"SYN-02613","2026-09-24 13:02:00","2026-09-24","2026-09-24 15:59:00","2026-09-24","Orange","High Demand","A04","2026-09-24 13:15:00","13","13","177","Departed","Departed","","1"
"SYN-02614","2026-09-24 13:05:00","2026-09-24","2026-09-24 14:43:00","2026-09-24","Yellow","High Demand","A04","2026-09-24 13:20:00","15","15","98","Departed","Departed","","1"
"SYN-02615","2026-09-24 13:08:00","2026-09-24","2026-09-24 16:23:00","2026-09-24","Green","High Demand","A05","2026-09-24 13:57:00","49","49","195","Departed","Departed","","1"
"SYN-02616","2026-09-24 13:20:00","2026-09-24","2026-09-24 19:44:00","2026-09-24","Yellow","High Demand","A04","2026-09-24 13:55:00","35","35","384","Departed","Departed","","1"
"SYN-02617","2026-09-24 13:24:00","2026-09-24","2026-09-24 14:51:00","2026-09-24","Red","High Demand","A03","2026-09-24 13:26:00","2","2","87","Departed","Departed","","1"
"SYN-02618","2026-09-24 13:29:00","2026-09-24","2026-09-24 16:27:00","2026-09-24","Green","High Demand","A04","2026-09-24 14:00:00","31","31","178","Departed","Departed","","1"
"SYN-02619","2026-09-24 13:42:00","2026-09-24","2026-09-24 19:11:00","2026-09-24","Orange","High Demand","A04","2026-09-24 13:55:00","13","13","329","Departed","Departed","","1"
"SYN-02620","2026-09-24 13:44:00","2026-09-24","2026-09-24 15:29:00","2026-09-24","Yellow","High Demand","A05","2026-09-24 14:06:00","22","22","105","Departed","Departed","","1"
"SYN-02621","2026-09-24 13:54:00","2026-09-24","2026-09-24 16:41:00","2026-09-24","Blue","High Demand","A04","2026-09-24 14:43:00","49","49","167","Departed","Departed","","1"
"SYN-02622","2026-09-24 14:09:00","2026-09-24","2026-09-24 17:27:00","2026-09-24","Yellow","High Demand","A04","2026-09-24 15:15:00","66","66","198","Departed","Departed","","1"
"SYN-02623","2026-09-24 14:15:00","2026-09-24","2026-09-24 16:02:00","2026-09-24","Yellow","High Demand","A04","2026-09-24 14:32:00","17","17","107","Departed","Departed","","1"
"SYN-02624","2026-09-24 14:22:00","2026-09-24","2026-09-24 17:12:00","2026-09-24","Green","High Demand","A04","2026-09-24 15:23:00","61","61","170","Departed","Departed","","1"
"SYN-02625","2026-09-24 14:28:00","2026-09-24","2026-09-24 21:48:00","2026-09-24","Green","High Demand","A04","2026-09-24 15:10:00","42","42","440","Departed","Departed","","1"
"SYN-02626","2026-09-24 14:33:00","2026-09-24","2026-09-24 18:25:00","2026-09-24","Yellow","High Demand","A05","2026-09-24 15:42:00","69","69","232","Departed","Departed","","1"
"SYN-02627","2026-09-24 14:34:00","2026-09-24","2026-09-24 18:04:00","2026-09-24","Yellow","High Demand","A04","2026-09-24 15:04:00","30","30","210","Departed","Departed","","1"
"SYN-02628","2026-09-24 14:40:00","2026-09-24","2026-09-24 20:34:00","2026-09-24","Yellow","High Demand","A05","2026-09-24 15:00:00","20","20","354","Departed","Departed","","1"
"SYN-02629","2026-09-24 14:41:00","2026-09-24","2026-09-24 17:15:00","2026-09-24","Blue","High Demand","A04","2026-09-24 15:35:00","54","54","154","Departed","Departed","","1"
"SYN-02630","2026-09-24 14:51:00","2026-09-24","2026-09-24 19:01:00","2026-09-24","Green","High Demand","A04","2026-09-24 15:14:00","23","23","250","Departed","Departed","","1"
"SYN-02631","2026-09-24 15:03:00","2026-09-24","2026-09-24 18:01:00","2026-09-24","Green","High Demand","A05","2026-09-24 15:30:00","27","27","178","Departed","Departed","","1"
"SYN-02632","2026-09-24 15:19:00","2026-09-24","2026-09-24 22:08:00","2026-09-24","Yellow","High Demand","A05","2026-09-24 15:42:00","23","23","409","Departed","Departed","","1"
"SYN-02633","2026-09-24 15:27:00","2026-09-24","2026-09-24 19:51:00","2026-09-24","Green","High Demand","A05","2026-09-24 16:38:00","71","71","264","Departed","Departed","","1"
"SYN-02634","2026-09-24 15:30:00","2026-09-24","2026-09-24 19:55:00","2026-09-24","Green","High Demand","A04","2026-09-24 16:36:00","66","66","265","Departed","Departed","","1"
"SYN-02635","2026-09-24 15:35:00","2026-09-24","2026-09-24 19:27:00","2026-09-24","Green","High Demand","A05","2026-09-24 16:06:00","31","31","232","Departed","Departed","","1"
"SYN-02636","2026-09-24 15:39:00","2026-09-24","2026-09-24 23:19:00","2026-09-24","Blue","High Demand","A04","2026-09-24 16:21:00","42","42","460","Departed","Departed","","1"
"SYN-02637","2026-09-24 15:50:00","2026-09-24","2026-09-24 21:28:00","2026-09-24","Green","High Demand","A05","2026-09-24 17:01:00","71","71","338","Departed","Departed","","1"
"SYN-02638","2026-09-24 15:57:00","2026-09-24","2026-09-24 18:49:00","2026-09-24","Orange","High Demand","A05","2026-09-24 16:16:00","19","19","172","Departed","Departed","","1"
"SYN-02639","2026-09-24 16:08:00","2026-09-24","2026-09-24 20:14:00","2026-09-24","Yellow","High Demand","A04","2026-09-24 17:11:00","63","63","246","Departed","Departed","","1"
"SYN-02640","2026-09-24 16:09:00","2026-09-24","2026-09-24 18:57:00","2026-09-24","Green","High Demand","A05","2026-09-24 17:05:00","56","56","168","Departed","Departed","","1"
"SYN-02641","2026-09-24 16:20:00","2026-09-24","2026-09-24 19:44:00","2026-09-24","Yellow","High Demand","A04","2026-09-24 17:23:00","63","63","204","Departed","Departed","","1"
"SYN-02642","2026-09-24 16:28:00","2026-09-24","2026-09-24 18:40:00","2026-09-24","Orange","High Demand","A04","2026-09-24 16:49:00","21","21","132","Departed","Departed","","1"
"SYN-02643","2026-09-24 16:37:00","2026-09-24","2026-09-24 21:09:00","2026-09-24","Green","High Demand","A04","2026-09-24 17:36:00","59","59","272","Departed","Departed","","1"
"SYN-02644","2026-09-24 16:37:00","2026-09-24","2026-09-24 18:53:00","2026-09-24","Yellow","High Demand","A04","2026-09-24 17:13:00","36","36","136","Departed","Departed","","1"
"SYN-02645","2026-09-24 16:44:00","2026-09-24","2026-09-24 20:00:00","2026-09-24","Yellow","High Demand","A05","2026-09-24 17:16:00","32","32","196","Departed","Departed","","1"
"SYN-02646","2026-09-24 16:52:00","2026-09-24","2026-09-24 19:51:00","2026-09-24","Yellow","High Demand","A04","2026-09-24 17:51:00","59","59","179","Departed","Departed","","1"
"SYN-02647","2026-09-24 17:10:00","2026-09-24","2026-09-24 21:57:00","2026-09-24","Yellow","High Demand","A04","2026-09-24 18:14:00","64","64","287","Departed","Departed","","1"
"SYN-02648","2026-09-24 17:13:00","2026-09-24","2026-09-24 19:53:00","2026-09-24","Green","High Demand","A04","2026-09-24 17:59:00","46","46","160","Departed","Departed","","1"
"SYN-02649","2026-09-24 17:21:00","2026-09-24","2026-09-24 20:14:00","2026-09-24","Yellow","High Demand","A04","2026-09-24 18:12:00","51","51","173","Departed","Departed","","1"
"SYN-02650","2026-09-24 17:28:00","2026-09-24","2026-09-25 01:20:00","2026-09-25","Blue","High Demand","A05","2026-09-24 18:37:00","69","69","472","Departed","Departed","","1"
"SYN-02651","2026-09-24 17:29:00","2026-09-24","2026-09-24 20:38:00","2026-09-24","Yellow","High Demand","A04","2026-09-24 18:11:00","42","42","189","Departed","Departed","","1"
"SYN-02652","2026-09-24 17:30:00","2026-09-24","2026-09-24 21:43:00","2026-09-24","Yellow","High Demand","A04","2026-09-24 18:31:00","61","61","253","Departed","Departed","","1"
"SYN-02653","2026-09-24 17:40:00","2026-09-24","2026-09-24 19:47:00","2026-09-24","Yellow","High Demand","A05","2026-09-24 18:08:00","28","28","127","Departed","Departed","","1"
"SYN-02654","2026-09-24 17:43:00","2026-09-24","2026-09-24 22:20:00","2026-09-24","Green","High Demand","A04","2026-09-24 18:22:00","39","39","277","Departed","Departed","","1"
"SYN-02655","2026-09-24 17:45:00","2026-09-24","2026-09-24 19:41:00","2026-09-24","Red","High Demand","A03","2026-09-24 17:47:00","2","2","116","Departed","Departed","","1"
"SYN-02656","2026-09-24 18:05:00","2026-09-24","2026-09-24 21:00:00","2026-09-24","Yellow","High Demand","A05","2026-09-24 18:22:00","17","17","175","Departed","Departed","","1"
"SYN-02657","2026-09-24 18:16:00","2026-09-24","2026-09-24 21:40:00","2026-09-24","Yellow","High Demand","A04","2026-09-24 18:34:00","18","18","204","Departed","Departed","","1"
"SYN-02658","2026-09-24 18:23:00","2026-09-24","2026-09-24 20:41:00","2026-09-24","Green","High Demand","A05","2026-09-24 19:07:00","44","44","138","Departed","Departed","","1"
"SYN-02659","2026-09-24 18:26:00","2026-09-24","2026-09-24 22:35:00","2026-09-24","Green","High Demand","A04","2026-09-24 19:32:00","66","66","249","Departed","Departed","","1"
"SYN-02660","2026-09-24 18:46:00","2026-09-24","2026-09-24 22:05:00","2026-09-24","Yellow","High Demand","A04","2026-09-24 20:00:00","74","74","199","Departed","Departed","","1"
"SYN-02661","2026-09-24 18:49:00","2026-09-24","2026-09-24 20:33:00","2026-09-24","Green","High Demand","A04","2026-09-24 19:14:00","25","25","104","Departed","Departed","","1"
"SYN-02662","2026-09-24 18:52:00","2026-09-24","2026-09-24 20:27:00","2026-09-24","Red","High Demand","A03","2026-09-24 18:54:00","2","2","95","Departed","Departed","","1"
"SYN-02663","2026-09-24 18:54:00","2026-09-24","2026-09-24 23:07:00","2026-09-24","Blue","High Demand","A04","2026-09-24 19:31:00","37","37","253","Departed","Departed","","1"
"SYN-02664","2026-09-24 19:12:00","2026-09-24","2026-09-25 03:20:00","2026-09-25","Yellow","High Demand","A04","2026-09-24 19:52:00","40","40","488","Departed","Departed","","1"
"SYN-02665","2026-09-24 19:17:00","2026-09-24","2026-09-24 22:57:00","2026-09-24","Yellow","High Demand","A04","2026-09-24 19:42:00","25","25","220","Departed","Departed","","1"
"SYN-02666","2026-09-24 19:24:00","2026-09-24","2026-09-24 22:41:00","2026-09-24","Yellow","High Demand","A04","2026-09-24 20:24:00","60","60","197","Departed","Departed","","1"
"SYN-02667","2026-09-24 19:25:00","2026-09-24","2026-09-24 23:11:00","2026-09-24","Orange","High Demand","A04","2026-09-24 19:44:00","19","19","226","Departed","Departed","","1"
"SYN-02668","2026-09-24 19:34:00","2026-09-24","2026-09-24 23:22:00","2026-09-24","Yellow","High Demand","A04","2026-09-24 20:48:00","74","74","228","Departed","Departed","","1"
"SYN-02669","2026-09-24 19:44:00","2026-09-24","2026-09-25 03:25:00","2026-09-25","Yellow","High Demand","A04","2026-09-24 20:02:00","18","18","461","Departed","Departed","","1"
"SYN-02670","2026-09-24 19:51:00","2026-09-24","2026-09-24 23:21:00","2026-09-24","Orange","High Demand","A04","2026-09-24 20:12:00","21","21","210","Departed","Departed","","1"
"SYN-02671","2026-09-24 20:01:00","2026-09-24","2026-09-24 22:28:00","2026-09-24","Yellow","High Demand","A05","2026-09-24 21:09:00","68","68","147","Departed","Departed","","1"
"SYN-02672","2026-09-24 20:01:00","2026-09-24","2026-09-25 04:29:00","2026-09-25","Yellow","High Demand","A05","2026-09-24 21:05:00","64","64","508","Departed","Departed","","1"
"SYN-02673","2026-09-24 20:23:00","2026-09-24","2026-09-25 00:01:00","2026-09-25","Yellow","High Demand","A05","2026-09-24 21:00:00","37","37","218","Departed","Departed","","1"
"SYN-02674","2026-09-24 20:23:00","2026-09-24","2026-09-24 23:51:00","2026-09-24","Blue","High Demand","A05","2026-09-24 21:10:00","47","47","208","Departed","Departed","","1"
"SYN-02675","2026-09-24 20:23:00","2026-09-24","2026-09-25 00:17:00","2026-09-25","Yellow","High Demand","A04","2026-09-24 21:02:00","39","39","234","Departed","Departed","","1"
"SYN-02676","2026-09-24 20:30:00","2026-09-24","2026-09-25 00:34:00","2026-09-25","Yellow","High Demand","A04","2026-09-24 21:20:00","50","50","244","Departed","Departed","","1"
"SYN-02677","2026-09-24 20:39:00","2026-09-24","2026-09-25 00:38:00","2026-09-25","Yellow","High Demand","A04","2026-09-24 21:34:00","55","55","239","Departed","Departed","","1"
"SYN-02678","2026-09-24 20:41:00","2026-09-24","2026-09-24 23:48:00","2026-09-24","Green","High Demand","A04","2026-09-24 21:14:00","33","33","187","Departed","Departed","","1"
"SYN-02679","2026-09-24 20:45:00","2026-09-24","2026-09-25 00:47:00","2026-09-25","Yellow","High Demand","A04","2026-09-24 21:24:00","39","39","242","Departed","Departed","","1"
"SYN-02680","2026-09-24 20:56:00","2026-09-24","2026-09-25 02:45:00","2026-09-25","Yellow","High Demand","A04","2026-09-24 21:42:00","46","46","349","Departed","Departed","","1"
"SYN-02681","2026-09-24 21:05:00","2026-09-24","2026-09-25 02:43:00","2026-09-25","Orange","High Demand","A04","2026-09-24 21:43:00","38","38","338","Departed","Departed","","1"
"SYN-02682","2026-09-24 21:15:00","2026-09-24","2026-09-24 23:55:00","2026-09-24","Green","High Demand","A04","2026-09-24 22:21:00","66","66","160","Departed","Departed","","1"
"SYN-02683","2026-09-24 21:17:00","2026-09-24","2026-09-25 01:25:00","2026-09-25","Yellow","High Demand","A05","2026-09-24 22:14:00","57","57","248","Departed","Departed","","1"
"SYN-02684","2026-09-24 21:20:00","2026-09-24","2026-09-24 23:41:00","2026-09-24","Red","High Demand","A03","2026-09-24 21:22:00","2","2","141","Departed","Departed","","1"
"SYN-02685","2026-09-24 21:35:00","2026-09-24","2026-09-25 00:49:00","2026-09-25","Blue","High Demand","A04","2026-09-24 22:47:00","72","72","194","Departed","Departed","","1"
"SYN-02686","2026-09-24 21:43:00","2026-09-24","2026-09-25 00:39:00","2026-09-25","Yellow","High Demand","A04","2026-09-24 22:30:00","47","47","176","Departed","Departed","","1"
"SYN-02687","2026-09-24 21:46:00","2026-09-24","2026-09-25 00:57:00","2026-09-25","Orange","High Demand","A04","2026-09-24 22:35:00","49","49","191","Departed","Departed","","1"
"SYN-02688","2026-09-24 21:47:00","2026-09-24","2026-09-25 01:44:00","2026-09-25","Blue","High Demand","A04","2026-09-24 22:38:00","51","51","237","Departed","Departed","","1"
"SYN-02689","2026-09-24 21:49:00","2026-09-24","2026-09-25 02:08:00","2026-09-25","Yellow","High Demand","A05","2026-09-24 22:40:00","51","51","259","Departed","Departed","","1"
"SYN-02690","2026-09-24 21:49:00","2026-09-24","2026-09-25 06:02:00","2026-09-25","Green","High Demand","A04","2026-09-24 23:04:00","75","75","493","Departed","Departed","","1"
"SYN-02691","2026-09-24 22:09:00","2026-09-24","2026-09-25 00:15:00","2026-09-25","Yellow","Normal Operations","A05","2026-09-24 22:27:00","18","18","126","Departed","Departed","","1"
"SYN-02692","2026-09-24 22:11:00","2026-09-24","2026-09-25 01:18:00","2026-09-25","Orange","Normal Operations","A04","2026-09-24 22:51:00","40","40","187","Departed","Departed","","1"
"SYN-02693","2026-09-24 22:27:00","2026-09-24","2026-09-25 02:27:00","2026-09-25","Green","Normal Operations","A04","2026-09-24 23:04:00","37","37","240","Departed","Departed","","1"
"SYN-02694","2026-09-24 23:05:00","2026-09-24","2026-09-25 01:30:00","2026-09-25","Yellow","Normal Operations","A04","2026-09-24 23:36:00","31","31","145","Departed","Departed","","1"
"SYN-02695","2026-09-24 23:05:00","2026-09-24","2026-09-25 03:29:00","2026-09-25","Yellow","Normal Operations","A04","2026-09-24 23:36:00","31","31","264","Departed","Departed","","1"
"SYN-02696","2026-09-24 23:10:00","2026-09-24","2026-09-25 00:23:00","2026-09-25","Red","Normal Operations","A03","2026-09-24 23:12:00","2","2","73","Departed","Departed","","1"
"SYN-02697","2026-09-24 23:53:00","2026-09-24","2026-09-25 02:22:00","2026-09-25","Green","Normal Operations","A04","2026-09-25 00:15:00","22","22","149","Departed","Departed","","1"
"SYN-02698","2026-09-24 23:55:00","2026-09-24","2026-09-25 04:32:00","2026-09-25","Blue","Normal Operations","A04","2026-09-25 00:13:00","18","18","277","Departed","Departed","","1"
"SYN-02699","2026-09-25 00:06:00","2026-09-25","2026-09-25 02:46:00","2026-09-25","Orange","Normal Operations","A04","2026-09-25 00:25:00","19","19","160","Departed","Departed","","1"
"SYN-02700","2026-09-25 01:16:00","2026-09-25","2026-09-25 03:21:00","2026-09-25","Orange","Normal Operations","A04","2026-09-25 01:36:00","20","20","125","Departed","Departed","","1"
"SYN-02701","2026-09-25 01:28:00","2026-09-25","2026-09-25 04:01:00","2026-09-25","Yellow","Normal Operations","A04","2026-09-25 01:45:00","17","17","153","Departed","Departed","","1"
"SYN-02702","2026-09-25 01:46:00","2026-09-25","2026-09-25 06:24:00","2026-09-25","Yellow","Normal Operations","A04","2026-09-25 02:16:00","30","30","278","Departed","Departed","","1"
"SYN-02703","2026-09-25 02:39:00","2026-09-25","2026-09-25 05:10:00","2026-09-25","Green","Normal Operations","A04","2026-09-25 02:54:00","15","15","151","Departed","Departed","","1"
"SYN-02704","2026-09-25 03:51:00","2026-09-25","2026-09-25 06:16:00","2026-09-25","Orange","Normal Operations","A04","2026-09-25 04:04:00","13","13","145","Departed","Departed","","1"
"SYN-02705","2026-09-25 03:57:00","2026-09-25","2026-09-25 06:43:00","2026-09-25","Blue","Normal Operations","A04","2026-09-25 04:35:00","38","38","166","Departed","Departed","","1"
"SYN-02706","2026-09-25 04:29:00","2026-09-25","2026-09-25 06:45:00","2026-09-25","Green","Normal Operations","A04","2026-09-25 04:53:00","24","24","136","Departed","Departed","","1"
"SYN-02707","2026-09-25 05:30:00","2026-09-25","2026-09-25 08:33:00","2026-09-25","Green","Normal Operations","A04","2026-09-25 06:04:00","34","34","183","Departed","Departed","","1"
"SYN-02708","2026-09-25 05:40:00","2026-09-25","2026-09-25 08:20:00","2026-09-25","Yellow","Normal Operations","A04","2026-09-25 06:05:00","25","25","160","Departed","Departed","","1"
"SYN-02709","2026-09-25 06:09:00","2026-09-25","2026-09-25 10:15:00","2026-09-25","Green","Normal Operations","A04","2026-09-25 06:26:00","17","17","246","Departed","Departed","","1"
"SYN-02710","2026-09-25 07:29:00","2026-09-25","2026-09-25 10:02:00","2026-09-25","Yellow","Normal Operations","A05","2026-09-25 07:46:00","17","17","153","Departed","Departed","","1"
"SYN-02711","2026-09-25 07:30:00","2026-09-25","2026-09-25 09:36:00","2026-09-25","Green","Normal Operations","A04","2026-09-25 07:59:00","29","29","126","Departed","Departed","","1"
"SYN-02712","2026-09-25 07:31:00","2026-09-25","2026-09-25 10:04:00","2026-09-25","Red","Normal Operations","A03","2026-09-25 07:33:00","2","2","153","Departed","Departed","","1"
"SYN-02713","2026-09-25 07:36:00","2026-09-25","2026-09-25 10:06:00","2026-09-25","Yellow","Normal Operations","A04","2026-09-25 08:07:00","31","31","150","Departed","Departed","","1"
"SYN-02714","2026-09-25 07:38:00","2026-09-25","2026-09-25 12:28:00","2026-09-25","Blue","Normal Operations","A04","2026-09-25 08:01:00","23","23","290","Departed","Departed","","1"
"SYN-02715","2026-09-25 07:40:00","2026-09-25","2026-09-25 12:31:00","2026-09-25","Yellow","Normal Operations","A04","2026-09-25 08:09:00","29","29","291","Departed","Departed","","1"
"SYN-02716","2026-09-25 08:11:00","2026-09-25","2026-09-25 10:11:00","2026-09-25","Yellow","Normal Operations","A04","2026-09-25 08:31:00","20","20","120","Departed","Departed","","1"
"SYN-02717","2026-09-25 08:27:00","2026-09-25","2026-09-25 11:18:00","2026-09-25","Green","Normal Operations","A04","2026-09-25 08:52:00","25","25","171","Departed","Departed","","1"
"SYN-02718","2026-09-25 08:29:00","2026-09-25","2026-09-25 12:49:00","2026-09-25","Yellow","Normal Operations","A05","2026-09-25 08:46:00","17","17","260","Departed","Departed","","1"
"SYN-02719","2026-09-25 08:30:00","2026-09-25","2026-09-25 11:14:00","2026-09-25","Blue","Normal Operations","A05","2026-09-25 08:51:00","21","21","164","Departed","Departed","","1"
"SYN-02720","2026-09-25 08:34:00","2026-09-25","2026-09-25 10:38:00","2026-09-25","Yellow","Normal Operations","A05","2026-09-25 08:55:00","21","21","124","Departed","Departed","","1"
"SYN-02721","2026-09-25 08:45:00","2026-09-25","2026-09-25 10:27:00","2026-09-25","Green","Normal Operations","A04","2026-09-25 09:15:00","30","30","102","Departed","Departed","","1"
"SYN-02722","2026-09-25 09:17:00","2026-09-25","2026-09-25 12:18:00","2026-09-25","Yellow","Normal Operations","A04","2026-09-25 09:43:00","26","26","181","Departed","Departed","","1"
"SYN-02723","2026-09-25 09:24:00","2026-09-25","2026-09-25 12:15:00","2026-09-25","Green","Normal Operations","A04","2026-09-25 09:53:00","29","29","171","Departed","Departed","","1"
"SYN-02724","2026-09-25 09:52:00","2026-09-25","2026-09-25 12:23:00","2026-09-25","Green","Normal Operations","A04","2026-09-25 10:21:00","29","29","151","Departed","Departed","","1"
"SYN-02725","2026-09-25 10:04:00","2026-09-25","2026-09-25 13:34:00","2026-09-25","Yellow","High Demand","A04","2026-09-25 11:16:00","72","72","210","Departed","Departed","","1"
"SYN-02726","2026-09-25 10:28:00","2026-09-25","2026-09-25 14:04:00","2026-09-25","Orange","High Demand","A05","2026-09-25 10:46:00","18","18","216","Departed","Departed","","1"
"SYN-02727","2026-09-25 10:34:00","2026-09-25","2026-09-25 12:50:00","2026-09-25","Yellow","High Demand","A04","2026-09-25 11:30:00","56","56","136","Departed","Departed","","1"
"SYN-02728","2026-09-25 10:36:00","2026-09-25","2026-09-25 12:44:00","2026-09-25","Yellow","High Demand","A04","2026-09-25 11:15:00","39","39","128","Departed","Departed","","1"
"SYN-02729","2026-09-25 10:46:00","2026-09-25","2026-09-25 15:00:00","2026-09-25","Yellow","High Demand","A04","2026-09-25 11:27:00","41","41","254","Departed","Departed","","1"
"SYN-02730","2026-09-25 10:47:00","2026-09-25","2026-09-25 14:29:00","2026-09-25","Blue","High Demand","A04","2026-09-25 11:52:00","65","65","222","Departed","Departed","","1"
"SYN-02731","2026-09-25 10:50:00","2026-09-25","2026-09-25 13:14:00","2026-09-25","Orange","High Demand","A04","2026-09-25 11:06:00","16","16","144","Departed","Departed","","1"
"SYN-02732","2026-09-25 10:50:00","2026-09-25","2026-09-25 15:02:00","2026-09-25","Yellow","High Demand","A04","2026-09-25 11:57:00","67","67","252","Departed","Departed","","1"
"SYN-02733","2026-09-25 10:58:00","2026-09-25","2026-09-25 14:29:00","2026-09-25","Green","High Demand","A04","2026-09-25 11:25:00","27","27","211","Departed","Departed","","1"
"SYN-02734","2026-09-25 10:58:00","2026-09-25","2026-09-25 14:03:00","2026-09-25","Yellow","High Demand","A05","2026-09-25 11:19:00","21","21","185","Departed","Departed","","1"
"SYN-02735","2026-09-25 11:01:00","2026-09-25","2026-09-25 14:11:00","2026-09-25","Yellow","High Demand","A05","2026-09-25 11:44:00","43","43","190","Departed","Departed","","1"
"SYN-02736","2026-09-25 11:03:00","2026-09-25","2026-09-25 17:39:00","2026-09-25","Green","High Demand","A04","2026-09-25 11:24:00","21","21","396","Departed","Departed","","1"
"SYN-02737","2026-09-25 11:18:00","2026-09-25","2026-09-25 13:29:00","2026-09-25","Orange","High Demand","A04","2026-09-25 11:38:00","20","20","131","Departed","Departed","","1"
"SYN-02738","2026-09-25 11:23:00","2026-09-25","2026-09-25 14:30:00","2026-09-25","Blue","High Demand","A04","2026-09-25 11:46:00","23","23","187","Departed","Departed","","1"
"SYN-02739","2026-09-25 11:28:00","2026-09-25","2026-09-25 19:28:00","2026-09-25","Blue","High Demand","A04","2026-09-25 12:08:00","40","40","480","Departed","Departed","","1"
"SYN-02740","2026-09-25 11:43:00","2026-09-25","2026-09-25 16:56:00","2026-09-25","Yellow","High Demand","A04","2026-09-25 12:40:00","57","57","313","Departed","Departed","","1"
"SYN-02741","2026-09-25 11:56:00","2026-09-25","2026-09-25 15:11:00","2026-09-25","Green","High Demand","A04","2026-09-25 12:36:00","40","40","195","Departed","Departed","","1"
"SYN-02742","2026-09-25 11:56:00","2026-09-25","2026-09-25 14:10:00","2026-09-25","Orange","High Demand","A04","2026-09-25 12:14:00","18","18","134","Departed","Departed","","1"
"SYN-02743","2026-09-25 12:03:00","2026-09-25","2026-09-25 19:09:00","2026-09-25","Yellow","High Demand","A04","2026-09-25 13:14:00","71","71","426","Departed","Departed","","1"
"SYN-02744","2026-09-25 12:05:00","2026-09-25","2026-09-25 14:27:00","2026-09-25","Yellow","High Demand","A05","2026-09-25 12:48:00","43","43","142","Departed","Departed","","1"
"SYN-02745","2026-09-25 12:18:00","2026-09-25","2026-09-25 14:57:00","2026-09-25","Yellow","High Demand","A04","2026-09-25 13:23:00","65","65","159","Departed","Departed","","1"
"SYN-02746","2026-09-25 12:20:00","2026-09-25","2026-09-25 15:55:00","2026-09-25","Green","High Demand","A04","2026-09-25 12:51:00","31","31","215","Departed","Departed","","1"
"SYN-02747","2026-09-25 12:22:00","2026-09-25","2026-09-25 15:21:00","2026-09-25","Yellow","High Demand","A04","2026-09-25 12:45:00","23","23","179","Departed","Departed","","1"
"SYN-02748","2026-09-25 12:43:00","2026-09-25","2026-09-25 17:03:00","2026-09-25","Yellow","High Demand","A04","2026-09-25 13:22:00","39","39","260","Departed","Departed","","1"
"SYN-02749","2026-09-25 12:45:00","2026-09-25","2026-09-25 19:57:00","2026-09-25","Orange","High Demand","A05","2026-09-25 13:01:00","16","16","432","Departed","Departed","","1"
"SYN-02750","2026-09-25 12:48:00","2026-09-25","2026-09-25 15:05:00","2026-09-25","Green","High Demand","A04","2026-09-25 13:43:00","55","55","137","Departed","Departed","","1"
"SYN-02751","2026-09-25 12:50:00","2026-09-25","2026-09-25 18:48:00","2026-09-25","Yellow","High Demand","A05","2026-09-25 13:24:00","34","34","358","Departed","Departed","","1"
"SYN-02752","2026-09-25 12:55:00","2026-09-25","2026-09-25 16:23:00","2026-09-25","Yellow","High Demand","A04","2026-09-25 13:41:00","46","46","208","Departed","Departed","","1"
"SYN-02753","2026-09-25 13:02:00","2026-09-25","2026-09-25 15:38:00","2026-09-25","Yellow","High Demand","A05","2026-09-25 14:18:00","76","76","156","Departed","Departed","","1"
"SYN-02754","2026-09-25 13:07:00","2026-09-25","2026-09-25 15:11:00","2026-09-25","Green","High Demand","A04","2026-09-25 13:44:00","37","37","124","Departed","Departed","","1"
"SYN-02755","2026-09-25 13:11:00","2026-09-25","2026-09-25 17:31:00","2026-09-25","Blue","High Demand","A04","2026-09-25 13:54:00","43","43","260","Departed","Departed","","1"
"SYN-02756","2026-09-25 13:15:00","2026-09-25","2026-09-25 21:22:00","2026-09-25","Orange","High Demand","A04","2026-09-25 14:10:00","55","55","487","Departed","Departed","","1"
"SYN-02757","2026-09-25 13:24:00","2026-09-25","2026-09-25 16:55:00","2026-09-25","Yellow","High Demand","A05","2026-09-25 14:09:00","45","45","211","Departed","Departed","","1"
"SYN-02758","2026-09-25 13:34:00","2026-09-25","2026-09-25 15:46:00","2026-09-25","Yellow","High Demand","A04","2026-09-25 14:29:00","55","55","132","Departed","Departed","","1"
"SYN-02759","2026-09-25 13:40:00","2026-09-25","2026-09-25 17:44:00","2026-09-25","Green","High Demand","A04","2026-09-25 14:49:00","69","69","244","Departed","Departed","","1"
"SYN-02760","2026-09-25 13:53:00","2026-09-25","2026-09-25 15:49:00","2026-09-25","Orange","High Demand","A04","2026-09-25 14:30:00","37","37","116","Departed","Departed","","1"
"SYN-02761","2026-09-25 13:55:00","2026-09-25","2026-09-25 17:51:00","2026-09-25","Yellow","High Demand","A04","2026-09-25 14:47:00","52","52","236","Departed","Departed","","1"
"SYN-02762","2026-09-25 13:58:00","2026-09-25","2026-09-25 16:34:00","2026-09-25","Yellow","High Demand","A04","2026-09-25 14:42:00","44","44","156","Departed","Departed","","1"
"SYN-02763","2026-09-25 14:08:00","2026-09-25","2026-09-25 18:44:00","2026-09-25","Yellow","High Demand","A04","2026-09-25 15:08:00","60","60","276","Departed","Departed","","1"
"SYN-02764","2026-09-25 14:13:00","2026-09-25","2026-09-25 17:40:00","2026-09-25","Red","High Demand","A03","2026-09-25 14:15:00","2","2","207","Departed","Departed","","1"
"SYN-02765","2026-09-25 14:17:00","2026-09-25","2026-09-25 17:23:00","2026-09-25","Yellow","High Demand","A04","2026-09-25 15:00:00","43","43","186","Departed","Departed","","1"
"SYN-02766","2026-09-25 14:21:00","2026-09-25","2026-09-25 19:35:00","2026-09-25","Yellow","High Demand","A04","2026-09-25 15:15:00","54","54","314","Departed","Departed","","1"
"SYN-02767","2026-09-25 14:36:00","2026-09-25","2026-09-25 17:57:00","2026-09-25","Orange","High Demand","A04","2026-09-25 15:05:00","29","29","201","Departed","Departed","","1"
"SYN-02768","2026-09-25 14:39:00","2026-09-25","2026-09-25 18:43:00","2026-09-25","Blue","High Demand","A04","2026-09-25 15:48:00","69","69","244","Departed","Departed","","1"
"SYN-02769","2026-09-25 14:40:00","2026-09-25","2026-09-25 20:14:00","2026-09-25","Green","High Demand","A04","2026-09-25 15:29:00","49","49","334","Departed","Departed","","1"
"SYN-02770","2026-09-25 14:47:00","2026-09-25","2026-09-25 18:35:00","2026-09-25","Blue","High Demand","A05","2026-09-25 15:29:00","42","42","228","Departed","Departed","","1"
"SYN-02771","2026-09-25 14:57:00","2026-09-25","2026-09-25 17:58:00","2026-09-25","Green","High Demand","A04","2026-09-25 15:24:00","27","27","181","Departed","Departed","","1"
"SYN-02772","2026-09-25 14:59:00","2026-09-25","2026-09-25 18:14:00","2026-09-25","Green","High Demand","A04","2026-09-25 15:32:00","33","33","195","Departed","Departed","","1"
"SYN-02773","2026-09-25 15:11:00","2026-09-25","2026-09-25 17:08:00","2026-09-25","Orange","High Demand","A04","2026-09-25 15:46:00","35","35","117","Departed","Departed","","1"
"SYN-02774","2026-09-25 15:14:00","2026-09-25","2026-09-25 18:35:00","2026-09-25","Yellow","High Demand","A04","2026-09-25 15:49:00","35","35","201","Departed","Departed","","1"
"SYN-02775","2026-09-25 15:14:00","2026-09-25","2026-09-25 17:22:00","2026-09-25","Blue","High Demand","A04","2026-09-25 15:56:00","42","42","128","Departed","Departed","","1"
"SYN-02776","2026-09-25 15:29:00","2026-09-25","2026-09-25 17:58:00","2026-09-25","Green","High Demand","A04","2026-09-25 16:23:00","54","54","149","Departed","Departed","","1"
"SYN-02777","2026-09-25 15:32:00","2026-09-25","2026-09-25 18:28:00","2026-09-25","Yellow","High Demand","A04","2026-09-25 16:34:00","62","62","176","Departed","Departed","","1"
"SYN-02778","2026-09-25 15:34:00","2026-09-25","2026-09-25 20:07:00","2026-09-25","Yellow","High Demand","A04","2026-09-25 16:34:00","60","60","273","Departed","Departed","","1"
"SYN-02779","2026-09-25 15:59:00","2026-09-25","2026-09-25 18:56:00","2026-09-25","Yellow","High Demand","A04","2026-09-25 17:03:00","64","64","177","Departed","Departed","","1"
"SYN-02780","2026-09-25 16:14:00","2026-09-25","2026-09-25 20:52:00","2026-09-25","Blue","High Demand","A04","2026-09-25 17:08:00","54","54","278","Departed","Departed","","1"
"SYN-02781","2026-09-25 16:28:00","2026-09-25","2026-09-25 19:55:00","2026-09-25","Orange","High Demand","A04","2026-09-25 17:15:00","47","47","207","Departed","Departed","","1"
"SYN-02782","2026-09-25 16:36:00","2026-09-25","2026-09-25 22:34:00","2026-09-25","Yellow","High Demand","A04","2026-09-25 17:46:00","70","70","358","Departed","Departed","","1"
"SYN-02783","2026-09-25 16:37:00","2026-09-25","2026-09-25 19:18:00","2026-09-25","Yellow","High Demand","A04","2026-09-25 17:35:00","58","58","161","Departed","Departed","","1"
"SYN-02784","2026-09-25 16:38:00","2026-09-25","2026-09-25 18:25:00","2026-09-25","Orange","High Demand","A05","2026-09-25 16:55:00","17","17","107","Departed","Departed","","1"
"SYN-02785","2026-09-25 16:41:00","2026-09-25","2026-09-25 19:33:00","2026-09-25","Yellow","High Demand","A04","2026-09-25 17:41:00","60","60","172","Departed","Departed","","1"
"SYN-02786","2026-09-25 16:49:00","2026-09-25","2026-09-25 21:00:00","2026-09-25","Blue","High Demand","A05","2026-09-25 17:59:00","70","70","251","Departed","Departed","","1"
"SYN-02787","2026-09-25 16:49:00","2026-09-25","2026-09-25 20:25:00","2026-09-25","Yellow","High Demand","A04","2026-09-25 17:37:00","48","48","216","Departed","Departed","","1"
"SYN-02788","2026-09-25 16:57:00","2026-09-25","2026-09-26 00:37:00","2026-09-26","Yellow","High Demand","A04","2026-09-25 17:48:00","51","51","460","Departed","Departed","","1"
"SYN-02789","2026-09-25 17:05:00","2026-09-25","2026-09-25 19:35:00","2026-09-25","Red","High Demand","A03","2026-09-25 17:07:00","2","2","150","Departed","Departed","","1"
"SYN-02790","2026-09-25 17:14:00","2026-09-25","2026-09-25 20:06:00","2026-09-25","Yellow","High Demand","A04","2026-09-25 17:51:00","37","37","172","Departed","Departed","","1"
"SYN-02791","2026-09-25 17:14:00","2026-09-25","2026-09-25 21:41:00","2026-09-25","Blue","High Demand","A04","2026-09-25 18:17:00","63","63","267","Departed","Departed","","1"
"SYN-02792","2026-09-25 17:25:00","2026-09-25","2026-09-25 20:06:00","2026-09-25","Yellow","High Demand","A04","2026-09-25 18:28:00","63","63","161","Departed","Departed","","1"
"SYN-02793","2026-09-25 17:40:00","2026-09-25","2026-09-25 20:38:00","2026-09-25","Orange","High Demand","A05","2026-09-25 17:56:00","16","16","178","Departed","Departed","","1"
"SYN-02794","2026-09-25 17:41:00","2026-09-25","2026-09-25 20:51:00","2026-09-25","Blue","High Demand","A05","2026-09-25 18:18:00","37","37","190","Departed","Departed","","1"
"SYN-02795","2026-09-25 17:42:00","2026-09-25","2026-09-25 21:02:00","2026-09-25","Yellow","High Demand","A04","2026-09-25 18:51:00","69","69","200","Departed","Departed","","1"
"SYN-02796","2026-09-25 17:49:00","2026-09-25","2026-09-25 21:28:00","2026-09-25","Yellow","High Demand","A05","2026-09-25 18:59:00","70","70","219","Departed","Departed","","1"
"SYN-02797","2026-09-25 17:51:00","2026-09-25","2026-09-25 20:38:00","2026-09-25","Green","High Demand","A04","2026-09-25 18:14:00","23","23","167","Departed","Departed","","1"
"SYN-02798","2026-09-25 17:52:00","2026-09-25","2026-09-25 22:06:00","2026-09-25","Green","High Demand","A04","2026-09-25 18:51:00","59","59","254","Departed","Departed","","1"
"SYN-02799","2026-09-25 18:02:00","2026-09-25","2026-09-25 22:37:00","2026-09-25","Green","High Demand","A05","2026-09-25 19:14:00","72","72","275","Departed","Departed","","1"
"SYN-02800","2026-09-25 18:04:00","2026-09-25","2026-09-25 20:19:00","2026-09-25","Green","High Demand","A05","2026-09-25 18:55:00","51","51","135","Departed","Departed","","1"
"SYN-02801","2026-09-25 18:06:00","2026-09-25","2026-09-25 22:10:00","2026-09-25","Yellow","High Demand","A05","2026-09-25 19:14:00","68","68","244","Departed","Departed","","1"
"SYN-02802","2026-09-25 18:09:00","2026-09-25","2026-09-25 21:12:00","2026-09-25","Yellow","High Demand","A05","2026-09-25 19:10:00","61","61","183","Departed","Departed","","1"
"SYN-02803","2026-09-25 18:29:00","2026-09-25","2026-09-25 23:54:00","2026-09-25","Blue","High Demand","A04","2026-09-25 18:57:00","28","28","325","Departed","Departed","","1"
"SYN-02804","2026-09-25 18:36:00","2026-09-25","2026-09-25 21:50:00","2026-09-25","Green","High Demand","A04","2026-09-25 18:49:00","13","13","194","Departed","Departed","","1"
"SYN-02805","2026-09-25 18:41:00","2026-09-25","2026-09-25 21:09:00","2026-09-25","Green","High Demand","A04","2026-09-25 19:25:00","44","44","148","Departed","Departed","","1"
"SYN-02806","2026-09-25 18:55:00","2026-09-25","2026-09-25 21:21:00","2026-09-25","Yellow","High Demand","A04","2026-09-25 19:21:00","26","26","146","Departed","Departed","","1"
"SYN-02807","2026-09-25 19:02:00","2026-09-25","2026-09-25 21:57:00","2026-09-25","Orange","High Demand","A05","2026-09-25 19:18:00","16","16","175","Departed","Departed","","1"
"SYN-02808","2026-09-25 19:11:00","2026-09-25","2026-09-25 21:05:00","2026-09-25","Orange","High Demand","A04","2026-09-25 19:24:00","13","13","114","Departed","Departed","","1"
"SYN-02809","2026-09-25 19:11:00","2026-09-25","2026-09-25 21:36:00","2026-09-25","Yellow","High Demand","A04","2026-09-25 20:15:00","64","64","145","Departed","Departed","","1"
"SYN-02810","2026-09-25 19:33:00","2026-09-25","2026-09-25 23:24:00","2026-09-25","Green","High Demand","A05","2026-09-25 20:29:00","56","56","231","Departed","Departed","","1"
"SYN-02811","2026-09-25 19:33:00","2026-09-25","2026-09-25 22:23:00","2026-09-25","Green","High Demand","A04","2026-09-25 20:45:00","72","72","170","Departed","Departed","","1"
"SYN-02812","2026-09-25 19:33:00","2026-09-25","2026-09-26 02:15:00","2026-09-26","Yellow","High Demand","A04","2026-09-25 20:07:00","34","34","402","Departed","Departed","","1"
"SYN-02813","2026-09-25 19:34:00","2026-09-25","2026-09-26 02:46:00","2026-09-26","Yellow","High Demand","A04","2026-09-25 20:21:00","47","47","432","Departed","Departed","","1"
"SYN-02814","2026-09-25 19:48:00","2026-09-25","2026-09-26 03:26:00","2026-09-26","Yellow","High Demand","A04","2026-09-25 20:12:00","24","24","458","Departed","Departed","","1"
"SYN-02815","2026-09-25 19:57:00","2026-09-25","2026-09-25 23:32:00","2026-09-25","Blue","High Demand","A05","2026-09-25 21:04:00","67","67","215","Departed","Departed","","1"
"SYN-02816","2026-09-25 19:59:00","2026-09-25","2026-09-25 23:42:00","2026-09-25","Green","High Demand","A04","2026-09-25 20:24:00","25","25","223","Departed","Departed","","1"
"SYN-02817","2026-09-25 20:04:00","2026-09-25","2026-09-26 00:44:00","2026-09-26","Green","High Demand","A04","2026-09-25 20:31:00","27","27","280","Departed","Departed","","1"
"SYN-02818","2026-09-25 20:05:00","2026-09-25","2026-09-25 21:45:00","2026-09-25","Green","High Demand","A05","2026-09-25 20:23:00","18","18","100","Departed","Departed","","1"
"SYN-02819","2026-09-25 20:14:00","2026-09-25","2026-09-25 22:39:00","2026-09-25","Green","High Demand","A04","2026-09-25 20:58:00","44","44","145","Departed","Departed","","1"
"SYN-02820","2026-09-25 20:17:00","2026-09-25","2026-09-26 02:03:00","2026-09-26","Green","High Demand","A04","2026-09-25 20:56:00","39","39","346","Departed","Departed","","1"
"SYN-02821","2026-09-25 20:18:00","2026-09-25","2026-09-26 00:16:00","2026-09-26","Yellow","High Demand","A04","2026-09-25 20:52:00","34","34","238","Departed","Departed","","1"
"SYN-02822","2026-09-25 20:24:00","2026-09-25","2026-09-25 23:04:00","2026-09-25","Yellow","High Demand","A04","2026-09-25 21:02:00","38","38","160","Departed","Departed","","1"
"SYN-02823","2026-09-25 20:43:00","2026-09-25","2026-09-26 00:52:00","2026-09-26","Green","High Demand","A04","2026-09-25 21:48:00","65","65","249","Departed","Departed","","1"
"SYN-02824","2026-09-25 21:09:00","2026-09-25","2026-09-26 00:43:00","2026-09-26","Yellow","High Demand","A04","2026-09-25 21:43:00","34","34","214","Departed","Departed","","1"
"SYN-02825","2026-09-25 21:16:00","2026-09-25","2026-09-26 03:11:00","2026-09-26","Yellow","High Demand","A05","2026-09-25 21:42:00","26","26","355","Departed","Departed","","1"
"SYN-02826","2026-09-25 21:19:00","2026-09-25","2026-09-26 00:06:00","2026-09-26","Orange","High Demand","A04","2026-09-25 21:31:00","12","12","167","Departed","Departed","","1"
"SYN-02827","2026-09-25 21:19:00","2026-09-25","2026-09-26 01:15:00","2026-09-26","Orange","High Demand","A04","2026-09-25 21:38:00","19","19","236","Departed","Departed","","1"
"SYN-02828","2026-09-25 21:25:00","2026-09-25","2026-09-26 02:04:00","2026-09-26","Yellow","High Demand","A05","2026-09-25 22:36:00","71","71","279","Departed","Departed","","1"
"SYN-02829","2026-09-25 21:40:00","2026-09-25","2026-09-26 02:01:00","2026-09-26","Green","High Demand","A05","2026-09-25 22:18:00","38","38","261","Departed","Departed","","1"
"SYN-02830","2026-09-25 21:55:00","2026-09-25","2026-09-26 00:12:00","2026-09-26","Green","High Demand","A05","2026-09-25 23:00:00","65","65","137","Departed","Departed","","1"
"SYN-02831","2026-09-25 21:55:00","2026-09-25","2026-09-25 23:52:00","2026-09-25","Yellow","High Demand","A04","2026-09-25 22:16:00","21","21","117","Departed","Departed","","1"
"SYN-02832","2026-09-25 22:04:00","2026-09-25","2026-09-26 00:49:00","2026-09-26","Yellow","Normal Operations","A04","2026-09-25 22:37:00","33","33","165","Departed","Departed","","1"
"SYN-02833","2026-09-25 22:06:00","2026-09-25","2026-09-26 00:45:00","2026-09-26","Green","Normal Operations","A04","2026-09-25 22:44:00","38","38","159","Departed","Departed","","1"
"SYN-02834","2026-09-25 22:14:00","2026-09-25","2026-09-25 23:27:00","2026-09-25","Red","Normal Operations","A03","2026-09-25 22:16:00","2","2","73","Departed","Departed","","1"
"SYN-02835","2026-09-25 22:23:00","2026-09-25","2026-09-26 01:20:00","2026-09-26","Yellow","Normal Operations","A04","2026-09-25 22:58:00","35","35","177","Departed","Departed","","1"
"SYN-02836","2026-09-25 22:30:00","2026-09-25","2026-09-26 00:48:00","2026-09-26","Yellow","Normal Operations","A04","2026-09-25 22:47:00","17","17","138","Departed","Departed","","1"
"SYN-02837","2026-09-25 22:36:00","2026-09-25","2026-09-26 01:35:00","2026-09-26","Yellow","Normal Operations","A04","2026-09-25 23:01:00","25","25","179","Departed","Departed","","1"
"SYN-02838","2026-09-25 23:12:00","2026-09-25","2026-09-26 02:24:00","2026-09-26","Blue","Normal Operations","A05","2026-09-25 23:51:00","39","39","192","Departed","Departed","","1"
"SYN-02839","2026-09-25 23:15:00","2026-09-25","2026-09-26 01:44:00","2026-09-26","Green","Normal Operations","A04","2026-09-25 23:39:00","24","24","149","Departed","Departed","","1"
"SYN-02840","2026-09-25 23:28:00","2026-09-25","2026-09-26 02:22:00","2026-09-26","Green","Normal Operations","A04","2026-09-26 00:06:00","38","38","174","Departed","Departed","","1"
"SYN-02841","2026-09-25 23:43:00","2026-09-25","2026-09-26 02:06:00","2026-09-26","Yellow","Normal Operations","A04","2026-09-26 00:09:00","26","26","143","Departed","Departed","","1"
"SYN-02842","2026-09-26 00:36:00","2026-09-26","2026-09-26 03:52:00","2026-09-26","Yellow","Normal Operations","A05","2026-09-26 01:03:00","27","27","196","Departed","Departed","","1"
"SYN-02843","2026-09-26 00:45:00","2026-09-26","2026-09-26 03:50:00","2026-09-26","Yellow","Normal Operations","A04","2026-09-26 01:06:00","21","21","185","Departed","Departed","","1"
"SYN-02844","2026-09-26 00:50:00","2026-09-26","2026-09-26 03:43:00","2026-09-26","Green","Normal Operations","A04","2026-09-26 01:26:00","36","36","173","Departed","Departed","","1"
"SYN-02845","2026-09-26 01:25:00","2026-09-26","2026-09-26 03:30:00","2026-09-26","Yellow","Normal Operations","A04","2026-09-26 01:49:00","24","24","125","Departed","Departed","","1"
"SYN-02846","2026-09-26 01:58:00","2026-09-26","2026-09-26 03:42:00","2026-09-26","Yellow","Normal Operations","A05","2026-09-26 02:16:00","18","18","104","Departed","Departed","","1"
"SYN-02847","2026-09-26 02:09:00","2026-09-26","2026-09-26 04:37:00","2026-09-26","Yellow","Normal Operations","A04","2026-09-26 02:43:00","34","34","148","Departed","Departed","","1"
"SYN-02848","2026-09-26 03:44:00","2026-09-26","2026-09-26 06:26:00","2026-09-26","Green","Normal Operations","A04","2026-09-26 04:21:00","37","37","162","Departed","Departed","","1"
"SYN-02849","2026-09-26 04:12:00","2026-09-26","2026-09-26 07:19:00","2026-09-26","Orange","Normal Operations","A04","2026-09-26 04:33:00","21","21","187","Departed","Departed","","1"
"SYN-02850","2026-09-26 04:25:00","2026-09-26","2026-09-26 09:47:00","2026-09-26","Yellow","Normal Operations","A04","2026-09-26 04:46:00","21","21","322","Departed","Departed","","1"
"SYN-02851","2026-09-26 04:25:00","2026-09-26","2026-09-26 06:06:00","2026-09-26","Yellow","Normal Operations","A04","2026-09-26 04:52:00","27","27","101","Departed","Departed","","1"
"SYN-02852","2026-09-26 05:34:00","2026-09-26","2026-09-26 07:20:00","2026-09-26","Blue","Normal Operations","A05","2026-09-26 06:01:00","27","27","106","Departed","Departed","","1"
"SYN-02853","2026-09-26 05:36:00","2026-09-26","2026-09-26 07:12:00","2026-09-26","Orange","Normal Operations","A04","2026-09-26 05:49:00","13","13","96","Departed","Departed","","1"
"SYN-02854","2026-09-26 06:02:00","2026-09-26","2026-09-26 08:18:00","2026-09-26","Yellow","Normal Operations","A04","2026-09-26 06:25:00","23","23","136","Departed","Departed","","1"
"SYN-02855","2026-09-26 06:38:00","2026-09-26","2026-09-26 09:16:00","2026-09-26","Green","Normal Operations","A04","2026-09-26 07:01:00","23","23","158","Departed","Departed","","1"
"SYN-02856","2026-09-26 07:04:00","2026-09-26","2026-09-26 08:55:00","2026-09-26","Red","Normal Operations","A03","2026-09-26 07:06:00","2","2","111","Departed","Departed","","1"
"SYN-02857","2026-09-26 07:25:00","2026-09-26","2026-09-26 08:57:00","2026-09-26","Orange","Normal Operations","A05","2026-09-26 07:45:00","20","20","92","Departed","Departed","","1"
"SYN-02858","2026-09-26 07:44:00","2026-09-26","2026-09-26 09:34:00","2026-09-26","Green","Normal Operations","A05","2026-09-26 08:10:00","26","26","110","Departed","Departed","","1"
"SYN-02859","2026-09-26 07:47:00","2026-09-26","2026-09-26 09:24:00","2026-09-26","Green","Normal Operations","A04","2026-09-26 08:07:00","20","20","97","Departed","Departed","","1"
"SYN-02860","2026-09-26 08:01:00","2026-09-26","2026-09-26 09:54:00","2026-09-26","Yellow","Normal Operations","A04","2026-09-26 08:28:00","27","27","113","Departed","Departed","","1"
"SYN-02861","2026-09-26 08:51:00","2026-09-26","2026-09-26 11:48:00","2026-09-26","Blue","Normal Operations","A04","2026-09-26 09:11:00","20","20","177","Departed","Departed","","1"
"SYN-02862","2026-09-26 08:52:00","2026-09-26","2026-09-26 10:58:00","2026-09-26","Orange","Normal Operations","A04","2026-09-26 09:01:00","9","9","126","Departed","Departed","","1"
"SYN-02863","2026-09-26 08:55:00","2026-09-26","2026-09-26 12:02:00","2026-09-26","Yellow","Normal Operations","A04","2026-09-26 09:23:00","28","28","187","Departed","Departed","","1"
"SYN-02864","2026-09-26 08:59:00","2026-09-26","2026-09-26 11:40:00","2026-09-26","Green","Normal Operations","A04","2026-09-26 09:18:00","19","19","161","Departed","Departed","","1"
"SYN-02865","2026-09-26 09:06:00","2026-09-26","2026-09-26 11:18:00","2026-09-26","Yellow","Normal Operations","A04","2026-09-26 09:35:00","29","29","132","Departed","Departed","","1"
"SYN-02866","2026-09-26 09:13:00","2026-09-26","2026-09-26 11:48:00","2026-09-26","Yellow","Normal Operations","A05","2026-09-26 09:32:00","19","19","155","Departed","Departed","","1"
"SYN-02867","2026-09-26 09:27:00","2026-09-26","2026-09-26 12:21:00","2026-09-26","Yellow","Normal Operations","A04","2026-09-26 09:53:00","26","26","174","Departed","Departed","","1"
"SYN-02868","2026-09-26 09:30:00","2026-09-26","2026-09-26 14:51:00","2026-09-26","Green","Normal Operations","A04","2026-09-26 09:51:00","21","21","321","Departed","Departed","","1"
"SYN-02869","2026-09-26 09:44:00","2026-09-26","2026-09-26 12:27:00","2026-09-26","Green","Normal Operations","A05","2026-09-26 10:09:00","25","25","163","Departed","Departed","","1"
"SYN-02870","2026-09-26 09:54:00","2026-09-26","2026-09-26 12:12:00","2026-09-26","Green","Normal Operations","A04","2026-09-26 10:30:00","36","36","138","Departed","Departed","","1"
"SYN-02871","2026-09-26 10:12:00","2026-09-26","2026-09-26 12:40:00","2026-09-26","Green","Normal Operations","A04","2026-09-26 10:32:00","20","20","148","Departed","Departed","","1"
"SYN-02872","2026-09-26 10:19:00","2026-09-26","2026-09-26 13:09:00","2026-09-26","Green","Normal Operations","A04","2026-09-26 10:39:00","20","20","170","Departed","Departed","","1"
"SYN-02873","2026-09-26 10:42:00","2026-09-26","2026-09-26 12:50:00","2026-09-26","Green","Normal Operations","A04","2026-09-26 11:14:00","32","32","128","Departed","Departed","","1"
"SYN-02874","2026-09-26 11:09:00","2026-09-26","2026-09-26 13:30:00","2026-09-26","Green","Normal Operations","A04","2026-09-26 11:46:00","37","37","141","Departed","Departed","","1"
"SYN-02875","2026-09-26 11:12:00","2026-09-26","2026-09-26 13:11:00","2026-09-26","Yellow","Normal Operations","A05","2026-09-26 11:29:00","17","17","119","Departed","Departed","","1"
"SYN-02876","2026-09-26 11:15:00","2026-09-26","2026-09-26 13:12:00","2026-09-26","Yellow","Normal Operations","A04","2026-09-26 11:44:00","29","29","117","Departed","Departed","","1"
"SYN-02877","2026-09-26 11:19:00","2026-09-26","2026-09-26 14:25:00","2026-09-26","Green","Normal Operations","A04","2026-09-26 11:53:00","34","34","186","Departed","Departed","","1"
"SYN-02878","2026-09-26 11:21:00","2026-09-26","2026-09-26 14:03:00","2026-09-26","Green","Normal Operations","A05","2026-09-26 11:40:00","19","19","162","Departed","Departed","","1"
"SYN-02879","2026-09-26 11:47:00","2026-09-26","2026-09-26 14:37:00","2026-09-26","Yellow","Normal Operations","A04","2026-09-26 12:22:00","35","35","170","Departed","Departed","","1"
"SYN-02880","2026-09-26 12:04:00","2026-09-26","2026-09-26 15:20:00","2026-09-26","Green","Normal Operations","A04","2026-09-26 12:42:00","38","38","196","Departed","Departed","","1"
"SYN-02881","2026-09-26 12:23:00","2026-09-26","2026-09-26 15:08:00","2026-09-26","Blue","Normal Operations","A04","2026-09-26 12:46:00","23","23","165","Departed","Departed","","1"
"SYN-02882","2026-09-26 12:28:00","2026-09-26","2026-09-26 15:59:00","2026-09-26","Yellow","Normal Operations","A05","2026-09-26 13:02:00","34","34","211","Departed","Departed","","1"
"SYN-02883","2026-09-26 12:46:00","2026-09-26","2026-09-26 15:17:00","2026-09-26","Yellow","Normal Operations","A04","2026-09-26 13:19:00","33","33","151","Departed","Departed","","1"
"SYN-02884","2026-09-26 12:50:00","2026-09-26","2026-09-26 15:43:00","2026-09-26","Green","Normal Operations","A04","2026-09-26 13:21:00","31","31","173","Departed","Departed","","1"
"SYN-02885","2026-09-26 13:12:00","2026-09-26","2026-09-26 15:18:00","2026-09-26","Blue","Normal Operations","A04","2026-09-26 13:49:00","37","37","126","Departed","Departed","","1"
"SYN-02886","2026-09-26 13:20:00","2026-09-26","2026-09-26 16:03:00","2026-09-26","Blue","Normal Operations","A05","2026-09-26 13:40:00","20","20","163","Departed","Departed","","1"
"SYN-02887","2026-09-26 13:35:00","2026-09-26","2026-09-26 15:44:00","2026-09-26","Yellow","Normal Operations","A05","2026-09-26 14:00:00","25","25","129","Departed","Departed","","1"
"SYN-02888","2026-09-26 13:46:00","2026-09-26","2026-09-26 17:54:00","2026-09-26","Yellow","Normal Operations","A04","2026-09-26 14:15:00","29","29","248","Departed","Departed","","1"
"SYN-02889","2026-09-26 14:08:00","2026-09-26","2026-09-26 16:23:00","2026-09-26","Yellow","Normal Operations","A04","2026-09-26 14:28:00","20","20","135","Departed","Departed","","1"
"SYN-02890","2026-09-26 14:15:00","2026-09-26","2026-09-26 16:58:00","2026-09-26","Green","Normal Operations","A04","2026-09-26 14:31:00","16","16","163","Departed","Departed","","1"
"SYN-02891","2026-09-26 14:22:00","2026-09-26","2026-09-26 16:56:00","2026-09-26","Blue","Normal Operations","A04","2026-09-26 15:00:00","38","38","154","Departed","Departed","","1"
"SYN-02892","2026-09-26 14:51:00","2026-09-26","2026-09-26 17:55:00","2026-09-26","Yellow","Normal Operations","A04","2026-09-26 15:16:00","25","25","184","Departed","Departed","","1"
"SYN-02893","2026-09-26 14:59:00","2026-09-26","2026-09-26 17:10:00","2026-09-26","Orange","Normal Operations","A04","2026-09-26 15:19:00","20","20","131","Departed","Departed","","1"
"SYN-02894","2026-09-26 15:07:00","2026-09-26","2026-09-26 17:52:00","2026-09-26","Blue","Normal Operations","A04","2026-09-26 15:42:00","35","35","165","Departed","Departed","","1"
"SYN-02895","2026-09-26 15:27:00","2026-09-26","2026-09-26 18:13:00","2026-09-26","Green","Normal Operations","A04","2026-09-26 15:56:00","29","29","166","Departed","Departed","","1"
"SYN-02896","2026-09-26 15:50:00","2026-09-26","2026-09-26 18:15:00","2026-09-26","Green","Normal Operations","A05","2026-09-26 16:21:00","31","31","145","Departed","Departed","","1"
"SYN-02897","2026-09-26 15:53:00","2026-09-26","2026-09-26 20:44:00","2026-09-26","Yellow","Normal Operations","A04","2026-09-26 16:16:00","23","23","291","Departed","Departed","","1"
"SYN-02898","2026-09-26 16:22:00","2026-09-26","2026-09-26 19:24:00","2026-09-26","Yellow","Normal Operations","A04","2026-09-26 16:51:00","29","29","182","Departed","Departed","","1"
"SYN-02899","2026-09-26 16:33:00","2026-09-26","2026-09-26 19:27:00","2026-09-26","Yellow","Normal Operations","A04","2026-09-26 16:49:00","16","16","174","Departed","Departed","","1"
"SYN-02900","2026-09-26 16:39:00","2026-09-26","2026-09-26 19:01:00","2026-09-26","Yellow","Normal Operations","A05","2026-09-26 17:07:00","28","28","142","Departed","Departed","","1"
"SYN-02901","2026-09-26 17:08:00","2026-09-26","2026-09-26 20:41:00","2026-09-26","Yellow","Normal Operations","A04","2026-09-26 17:26:00","18","18","213","Departed","Departed","","1"
"SYN-02902","2026-09-26 17:15:00","2026-09-26","2026-09-26 22:03:00","2026-09-26","Orange","Normal Operations","A04","2026-09-26 17:29:00","14","14","288","Departed","Departed","","1"
"SYN-02903","2026-09-26 17:24:00","2026-09-26","2026-09-26 19:42:00","2026-09-26","Yellow","Normal Operations","A04","2026-09-26 17:41:00","17","17","138","Departed","Departed","","1"
"SYN-02904","2026-09-26 18:01:00","2026-09-26","2026-09-26 19:43:00","2026-09-26","Blue","Normal Operations","A05","2026-09-26 18:20:00","19","19","102","Departed","Departed","","1"
"SYN-02905","2026-09-26 18:35:00","2026-09-26","2026-09-26 20:29:00","2026-09-26","Yellow","Normal Operations","A04","2026-09-26 19:09:00","34","34","114","Departed","Departed","","1"
"SYN-02906","2026-09-26 18:43:00","2026-09-26","2026-09-26 20:24:00","2026-09-26","Green","Normal Operations","A04","2026-09-26 19:06:00","23","23","101","Departed","Departed","","1"
"SYN-02907","2026-09-26 19:09:00","2026-09-26","2026-09-26 21:52:00","2026-09-26","Yellow","Normal Operations","A04","2026-09-26 19:30:00","21","21","163","Departed","Departed","","1"
"SYN-02908","2026-09-26 19:15:00","2026-09-26","2026-09-26 22:25:00","2026-09-26","Yellow","Normal Operations","A04","2026-09-26 19:44:00","29","29","190","Departed","Departed","","1"
"SYN-02909","2026-09-26 19:17:00","2026-09-26","2026-09-26 22:20:00","2026-09-26","Yellow","Normal Operations","A04","2026-09-26 19:37:00","20","20","183","Departed","Departed","","1"
"SYN-02910","2026-09-26 19:49:00","2026-09-26","2026-09-27 01:24:00","2026-09-27","Yellow","Normal Operations","A04","2026-09-26 20:16:00","27","27","335","Departed","Departed","","1"
"SYN-02911","2026-09-26 19:55:00","2026-09-26","2026-09-26 22:51:00","2026-09-26","Green","Normal Operations","A04","2026-09-26 20:27:00","32","32","176","Departed","Departed","","1"
"SYN-02912","2026-09-26 20:16:00","2026-09-26","2026-09-26 23:06:00","2026-09-26","Green","Normal Operations","A04","2026-09-26 20:45:00","29","29","170","Departed","Departed","","1"
"SYN-02913","2026-09-26 20:31:00","2026-09-26","2026-09-26 23:31:00","2026-09-26","Green","Normal Operations","A05","2026-09-26 21:03:00","32","32","180","Departed","Departed","","1"
"SYN-02914","2026-09-26 20:47:00","2026-09-26","2026-09-26 22:34:00","2026-09-26","Orange","Normal Operations","A04","2026-09-26 21:00:00","13","13","107","Departed","Departed","","1"
"SYN-02915","2026-09-26 20:56:00","2026-09-26","2026-09-26 23:09:00","2026-09-26","Blue","Normal Operations","A05","2026-09-26 21:15:00","19","19","133","Departed","Departed","","1"
"SYN-02916","2026-09-26 21:08:00","2026-09-26","2026-09-27 00:14:00","2026-09-27","Green","Normal Operations","A04","2026-09-26 21:37:00","29","29","186","Departed","Departed","","1"
"SYN-02917","2026-09-26 21:31:00","2026-09-26","2026-09-27 00:35:00","2026-09-27","Green","Normal Operations","A04","2026-09-26 21:56:00","25","25","184","Departed","Departed","","1"
"SYN-02918","2026-09-26 21:35:00","2026-09-26","2026-09-26 23:40:00","2026-09-26","Yellow","Normal Operations","A04","2026-09-26 22:00:00","25","25","125","Departed","Departed","","1"
"SYN-02919","2026-09-26 21:41:00","2026-09-26","2026-09-27 00:31:00","2026-09-27","Green","Normal Operations","A04","2026-09-26 22:13:00","32","32","170","Departed","Departed","","1"
"SYN-02920","2026-09-26 21:43:00","2026-09-26","2026-09-27 00:30:00","2026-09-27","Green","Normal Operations","A04","2026-09-26 22:03:00","20","20","167","Departed","Departed","","1"
"SYN-02921","2026-09-26 22:28:00","2026-09-26","2026-09-27 00:43:00","2026-09-27","Yellow","Normal Operations","A04","2026-09-26 22:55:00","27","27","135","Departed","Departed","","1"
"SYN-02922","2026-09-26 22:34:00","2026-09-26","2026-09-27 00:31:00","2026-09-27","Yellow","Normal Operations","A04","2026-09-26 23:01:00","27","27","117","Departed","Departed","","1"
"SYN-02923","2026-09-26 22:42:00","2026-09-26","2026-09-27 01:10:00","2026-09-27","Yellow","Normal Operations","A05","2026-09-26 23:10:00","28","28","148","Departed","Departed","","1"
"SYN-02924","2026-09-26 23:03:00","2026-09-26","2026-09-27 01:46:00","2026-09-27","Blue","Normal Operations","A05","2026-09-26 23:31:00","28","28","163","Departed","Departed","","1"
"SYN-02925","2026-09-26 23:06:00","2026-09-26","2026-09-27 01:00:00","2026-09-27","Blue","Normal Operations","A04","2026-09-26 23:19:00","13","13","114","Departed","Departed","","1"
"SYN-02926","2026-09-26 23:30:00","2026-09-26","2026-09-27 02:01:00","2026-09-27","Green","Normal Operations","A04","2026-09-27 00:02:00","32","32","151","Departed","Departed","","1"
"SYN-02927","2026-09-26 23:37:00","2026-09-26","2026-09-27 02:03:00","2026-09-27","Yellow","Normal Operations","A05","2026-09-26 23:55:00","18","18","146","Departed","Departed","","1"
"SYN-02928","2026-09-26 23:46:00","2026-09-26","2026-09-27 02:50:00","2026-09-27","Yellow","Normal Operations","A04","2026-09-27 00:07:00","21","21","184","Departed","Departed","","1"
"SYN-02929","2026-09-26 23:58:00","2026-09-26","2026-09-27 02:13:00","2026-09-27","Green","Normal Operations","A05","2026-09-27 00:13:00","15","15","135","Departed","Departed","","1"
"SYN-02930","2026-09-27 00:09:00","2026-09-27","2026-09-27 01:35:00","2026-09-27","Orange","Normal Operations","A05","2026-09-27 00:20:00","11","11","86","Departed","Departed","","1"
"SYN-02931","2026-09-27 00:12:00","2026-09-27","2026-09-27 02:23:00","2026-09-27","Yellow","Normal Operations","A05","2026-09-27 00:36:00","24","24","131","Departed","Departed","","1"
"SYN-02932","2026-09-27 00:58:00","2026-09-27","2026-09-27 03:03:00","2026-09-27","Green","Normal Operations","A05","2026-09-27 01:21:00","23","23","125","Departed","Departed","","1"
"SYN-02933","2026-09-27 01:30:00","2026-09-27","2026-09-27 03:59:00","2026-09-27","Green","Normal Operations","A05","2026-09-27 02:01:00","31","31","149","Departed","Departed","","1"
"SYN-02934","2026-09-27 01:45:00","2026-09-27","2026-09-27 04:32:00","2026-09-27","Yellow","Normal Operations","A05","2026-09-27 02:04:00","19","19","167","Departed","Departed","","1"
"SYN-02935","2026-09-27 02:27:00","2026-09-27","2026-09-27 05:42:00","2026-09-27","Green","Normal Operations","A04","2026-09-27 02:59:00","32","32","195","Departed","Departed","","1"
"SYN-02936","2026-09-27 03:10:00","2026-09-27","2026-09-27 05:50:00","2026-09-27","Green","Normal Operations","A05","2026-09-27 03:39:00","29","29","160","Departed","Departed","","1"
"SYN-02937","2026-09-27 03:39:00","2026-09-27","2026-09-27 05:58:00","2026-09-27","Yellow","Normal Operations","A04","2026-09-27 04:01:00","22","22","139","Departed","Departed","","1"
"SYN-02938","2026-09-27 03:50:00","2026-09-27","2026-09-27 05:33:00","2026-09-27","Yellow","Normal Operations","A05","2026-09-27 04:22:00","32","32","103","Departed","Departed","","1"
"SYN-02939","2026-09-27 04:25:00","2026-09-27","2026-09-27 06:27:00","2026-09-27","Green","Normal Operations","A05","2026-09-27 05:00:00","35","35","122","Departed","Departed","","1"
"SYN-02940","2026-09-27 05:01:00","2026-09-27","2026-09-27 10:43:00","2026-09-27","Blue","Normal Operations","A04","2026-09-27 05:18:00","17","17","342","Departed","Departed","","1"
"SYN-02941","2026-09-27 06:07:00","2026-09-27","2026-09-27 08:04:00","2026-09-27","Blue","Normal Operations","A04","2026-09-27 06:32:00","25","25","117","Departed","Departed","","1"
"SYN-02942","2026-09-27 06:23:00","2026-09-27","2026-09-27 08:12:00","2026-09-27","Yellow","Normal Operations","A05","2026-09-27 06:49:00","26","26","109","Departed","Departed","","1"
"SYN-02943","2026-09-27 06:24:00","2026-09-27","2026-09-27 09:22:00","2026-09-27","Yellow","Normal Operations","A04","2026-09-27 06:40:00","16","16","178","Departed","Departed","","1"
"SYN-02944","2026-09-27 07:08:00","2026-09-27","2026-09-27 09:31:00","2026-09-27","Blue","Normal Operations","A04","2026-09-27 07:25:00","17","17","143","Departed","Departed","","1"
"SYN-02945","2026-09-27 07:23:00","2026-09-27","2026-09-27 12:27:00","2026-09-27","Blue","Normal Operations","A04","2026-09-27 08:04:00","41","41","304","Departed","Departed","","1"
"SYN-02946","2026-09-27 07:26:00","2026-09-27","2026-09-27 10:02:00","2026-09-27","Green","Normal Operations","A05","2026-09-27 08:01:00","35","35","156","Departed","Departed","","1"
"SYN-02947","2026-09-27 08:27:00","2026-09-27","2026-09-27 10:28:00","2026-09-27","Yellow","Normal Operations","A05","2026-09-27 08:46:00","19","19","121","Departed","Departed","","1"
"SYN-02948","2026-09-27 08:30:00","2026-09-27","2026-09-27 11:20:00","2026-09-27","Yellow","Normal Operations","A05","2026-09-27 08:58:00","28","28","170","Departed","Departed","","1"
"SYN-02949","2026-09-27 08:35:00","2026-09-27","2026-09-27 10:24:00","2026-09-27","Yellow","Normal Operations","A04","2026-09-27 08:56:00","21","21","109","Departed","Departed","","1"
"SYN-02950","2026-09-27 08:45:00","2026-09-27","2026-09-27 10:19:00","2026-09-27","Orange","Normal Operations","A04","2026-09-27 09:03:00","18","18","94","Departed","Departed","","1"
"SYN-02951","2026-09-27 09:03:00","2026-09-27","2026-09-27 11:25:00","2026-09-27","Blue","Normal Operations","A05","2026-09-27 09:22:00","19","19","142","Departed","Departed","","1"
"SYN-02952","2026-09-27 09:16:00","2026-09-27","2026-09-27 11:33:00","2026-09-27","Orange","Normal Operations","A05","2026-09-27 09:34:00","18","18","137","Departed","Departed","","1"
"SYN-02953","2026-09-27 09:22:00","2026-09-27","2026-09-27 12:14:00","2026-09-27","Yellow","Normal Operations","A05","2026-09-27 09:50:00","28","28","172","Departed","Departed","","1"
"SYN-02954","2026-09-27 09:25:00","2026-09-27","2026-09-27 12:14:00","2026-09-27","Yellow","Normal Operations","A04","2026-09-27 09:50:00","25","25","169","Departed","Departed","","1"
"SYN-02955","2026-09-27 09:43:00","2026-09-27","2026-09-27 11:54:00","2026-09-27","Orange","Normal Operations","A04","2026-09-27 10:00:00","17","17","131","Departed","Departed","","1"
"SYN-02956","2026-09-27 09:57:00","2026-09-27","2026-09-27 12:26:00","2026-09-27","Red","Normal Operations","A03","2026-09-27 09:59:00","2","2","149","Departed","Departed","","1"
"SYN-02957","2026-09-27 10:25:00","2026-09-27","2026-09-27 13:11:00","2026-09-27","Yellow","Normal Operations","A04","2026-09-27 10:54:00","29","29","166","Departed","Departed","","1"
"SYN-02958","2026-09-27 10:30:00","2026-09-27","2026-09-27 12:54:00","2026-09-27","Yellow","Normal Operations","A04","2026-09-27 10:58:00","28","28","144","Departed","Departed","","1"
"SYN-02959","2026-09-27 10:39:00","2026-09-27","2026-09-27 12:53:00","2026-09-27","Yellow","Normal Operations","A04","2026-09-27 11:16:00","37","37","134","Departed","Departed","","1"
"SYN-02960","2026-09-27 10:48:00","2026-09-27","2026-09-27 13:15:00","2026-09-27","Yellow","Normal Operations","A05","2026-09-27 11:22:00","34","34","147","Departed","Departed","","1"
"SYN-02961","2026-09-27 11:18:00","2026-09-27","2026-09-27 13:48:00","2026-09-27","Blue","Normal Operations","A04","2026-09-27 11:52:00","34","34","150","Departed","Departed","","1"
"SYN-02962","2026-09-27 11:20:00","2026-09-27","2026-09-27 13:06:00","2026-09-27","Yellow","Normal Operations","A04","2026-09-27 11:38:00","18","18","106","Departed","Departed","","1"
"SYN-02963","2026-09-27 11:25:00","2026-09-27","2026-09-27 14:54:00","2026-09-27","Green","Normal Operations","A04","2026-09-27 11:54:00","29","29","209","Departed","Departed","","1"
"SYN-02964","2026-09-27 11:36:00","2026-09-27","2026-09-27 17:44:00","2026-09-27","Yellow","Normal Operations","A04","2026-09-27 12:10:00","34","34","368","Departed","Departed","","1"
"SYN-02965","2026-09-27 11:37:00","2026-09-27","2026-09-27 13:51:00","2026-09-27","Green","Normal Operations","A04","2026-09-27 11:55:00","18","18","134","Departed","Departed","","1"
"SYN-02966","2026-09-27 11:45:00","2026-09-27","2026-09-27 15:54:00","2026-09-27","Yellow","Normal Operations","A05","2026-09-27 12:14:00","29","29","249","Departed","Departed","","1"
"SYN-02967","2026-09-27 12:08:00","2026-09-27","2026-09-27 16:06:00","2026-09-27","Orange","Normal Operations","A04","2026-09-27 12:22:00","14","14","238","Departed","Departed","","1"
"SYN-02968","2026-09-27 12:21:00","2026-09-27","2026-09-27 13:53:00","2026-09-27","Yellow","Normal Operations","A05","2026-09-27 12:37:00","16","16","92","Departed","Departed","","1"
"SYN-02969","2026-09-27 12:27:00","2026-09-27","2026-09-27 18:15:00","2026-09-27","Green","Normal Operations","A04","2026-09-27 13:03:00","36","36","348","Departed","Departed","","1"
"SYN-02970","2026-09-27 12:56:00","2026-09-27","2026-09-27 15:35:00","2026-09-27","Yellow","Normal Operations","A04","2026-09-27 13:12:00","16","16","159","Departed","Departed","","1"
"SYN-02971","2026-09-27 13:17:00","2026-09-27","2026-09-27 18:17:00","2026-09-27","Yellow","Normal Operations","A04","2026-09-27 13:52:00","35","35","300","Departed","Departed","","1"
"SYN-02972","2026-09-27 13:22:00","2026-09-27","2026-09-27 16:19:00","2026-09-27","Blue","Normal Operations","A04","2026-09-27 13:50:00","28","28","177","Departed","Departed","","1"
"SYN-02973","2026-09-27 13:32:00","2026-09-27","2026-09-27 15:12:00","2026-09-27","Yellow","Normal Operations","A04","2026-09-27 13:54:00","22","22","100","Departed","Departed","","1"
"SYN-02974","2026-09-27 13:47:00","2026-09-27","2026-09-27 16:48:00","2026-09-27","Green","Normal Operations","A04","2026-09-27 14:23:00","36","36","181","Departed","Departed","","1"
"SYN-02975","2026-09-27 14:06:00","2026-09-27","2026-09-27 17:03:00","2026-09-27","Green","Normal Operations","A04","2026-09-27 14:24:00","18","18","177","Departed","Departed","","1"
"SYN-02976","2026-09-27 14:11:00","2026-09-27","2026-09-27 15:42:00","2026-09-27","Green","Normal Operations","A05","2026-09-27 14:29:00","18","18","91","Departed","Departed","","1"
"SYN-02977","2026-09-27 14:25:00","2026-09-27","2026-09-27 20:26:00","2026-09-27","Yellow","Normal Operations","A04","2026-09-27 14:58:00","33","33","361","Departed","Departed","","1"
"SYN-02978","2026-09-27 14:28:00","2026-09-27","2026-09-27 16:21:00","2026-09-27","Yellow","Normal Operations","A04","2026-09-27 14:54:00","26","26","113","Departed","Departed","","1"
"SYN-02979","2026-09-27 14:46:00","2026-09-27","2026-09-27 17:08:00","2026-09-27","Green","Normal Operations","A04","2026-09-27 15:20:00","34","34","142","Departed","Departed","","1"
"SYN-02980","2026-09-27 15:39:00","2026-09-27","2026-09-27 17:36:00","2026-09-27","Yellow","Normal Operations","A04","2026-09-27 15:59:00","20","20","117","Departed","Departed","","1"
"SYN-02981","2026-09-27 15:48:00","2026-09-27","2026-09-27 19:03:00","2026-09-27","Green","Normal Operations","A04","2026-09-27 16:23:00","35","35","195","Departed","Departed","","1"
"SYN-02982","2026-09-27 15:51:00","2026-09-27","2026-09-27 18:52:00","2026-09-27","Yellow","Normal Operations","A05","2026-09-27 16:13:00","22","22","181","Departed","Departed","","1"
"SYN-02983","2026-09-27 16:36:00","2026-09-27","2026-09-27 18:58:00","2026-09-27","Yellow","Normal Operations","A04","2026-09-27 17:05:00","29","29","142","Departed","Departed","","1"
"SYN-02984","2026-09-27 16:37:00","2026-09-27","2026-09-27 19:12:00","2026-09-27","Yellow","Normal Operations","A05","2026-09-27 17:14:00","37","37","155","Departed","Departed","","1"
"SYN-02985","2026-09-27 16:47:00","2026-09-27","2026-09-27 19:38:00","2026-09-27","Yellow","Normal Operations","A04","2026-09-27 17:23:00","36","36","171","Departed","Departed","","1"
"SYN-02986","2026-09-27 17:26:00","2026-09-27","2026-09-27 19:13:00","2026-09-27","Yellow","Normal Operations","A04","2026-09-27 17:44:00","18","18","107","Departed","Departed","","1"
"SYN-02987","2026-09-27 17:53:00","2026-09-27","2026-09-27 19:58:00","2026-09-27","Blue","Normal Operations","A04","2026-09-27 18:09:00","16","16","125","Departed","Departed","","1"
"SYN-02988","2026-09-27 17:57:00","2026-09-27","2026-09-27 20:20:00","2026-09-27","Green","Normal Operations","A04","2026-09-27 18:28:00","31","31","143","Departed","Departed","","1"
"SYN-02989","2026-09-27 18:18:00","2026-09-27","2026-09-27 20:16:00","2026-09-27","Green","Normal Operations","A05","2026-09-27 18:54:00","36","36","118","Departed","Departed","","1"
"SYN-02990","2026-09-27 18:18:00","2026-09-27","2026-09-27 20:23:00","2026-09-27","Blue","Normal Operations","A04","2026-09-27 18:42:00","24","24","125","Departed","Departed","","1"
"SYN-02991","2026-09-27 18:39:00","2026-09-27","2026-09-27 20:40:00","2026-09-27","Orange","Normal Operations","A04","2026-09-27 18:48:00","9","9","121","Departed","Departed","","1"
"SYN-02992","2026-09-27 18:52:00","2026-09-27","2026-09-27 21:07:00","2026-09-27","Green","Normal Operations","A04","2026-09-27 19:27:00","35","35","135","Departed","Departed","","1"
"SYN-02993","2026-09-27 18:58:00","2026-09-27","2026-09-27 21:08:00","2026-09-27","Orange","Normal Operations","A04","2026-09-27 19:17:00","19","19","130","Departed","Departed","","1"
"SYN-02994","2026-09-27 19:25:00","2026-09-27","2026-09-27 21:53:00","2026-09-27","Green","Normal Operations","A04","2026-09-27 20:04:00","39","39","148","Departed","Departed","","1"
"SYN-02995","2026-09-27 19:26:00","2026-09-27","2026-09-27 22:23:00","2026-09-27","Blue","Normal Operations","A04","2026-09-27 19:48:00","22","22","177","Departed","Departed","","1"
"SYN-02996","2026-09-27 19:42:00","2026-09-27","2026-09-27 22:17:00","2026-09-27","Green","Normal Operations","A04","2026-09-27 20:13:00","31","31","155","Departed","Departed","","1"
"SYN-02997","2026-09-27 19:42:00","2026-09-27","","","Green","Normal Operations","A04","2026-09-27 20:17:00","35","35",,"Active","Awaiting Bed","A06","1"
"SYN-02998","2026-09-27 19:56:00","2026-09-27","2026-09-27 23:03:00","2026-09-27","Yellow","Normal Operations","A04","2026-09-27 20:19:00","23","23","187","Departed","Departed","","1"
"SYN-02999","2026-09-27 19:57:00","2026-09-27","2026-09-27 22:50:00","2026-09-27","Orange","Normal Operations","A04","2026-09-27 20:09:00","12","12","173","Departed","Departed","","1"
"SYN-03000","2026-09-27 20:05:00","2026-09-27","2026-09-27 23:36:00","2026-09-27","Yellow","Normal Operations","A05","2026-09-27 20:22:00","17","17","211","Departed","Departed","","1"
"SYN-03001","2026-09-27 20:05:00","2026-09-27","2026-09-27 21:36:00","2026-09-27","Orange","Normal Operations","A04","2026-09-27 20:19:00","14","14","91","Departed","Departed","","1"
"SYN-03002","2026-09-27 20:27:00","2026-09-27","2026-09-27 22:14:00","2026-09-27","Yellow","Normal Operations","A05","2026-09-27 20:51:00","24","24","107","Departed","Departed","","1"
"SYN-03003","2026-09-27 20:28:00","2026-09-27","2026-09-27 23:29:00","2026-09-27","Yellow","Normal Operations","A04","2026-09-27 21:07:00","39","39","181","Departed","Departed","","1"
"SYN-03004","2026-09-27 20:32:00","2026-09-27","2026-09-27 22:08:00","2026-09-27","Blue","Normal Operations","A04","2026-09-27 20:54:00","22","22","96","Departed","Departed","","1"
"SYN-03005","2026-09-27 21:08:00","2026-09-27","2026-09-27 22:46:00","2026-09-27","Green","Normal Operations","A04","2026-09-27 21:28:00","20","20","98","Departed","Departed","","1"
"SYN-03006","2026-09-27 21:15:00","2026-09-27","","","Green","Normal Operations","A04","2026-09-27 21:37:00","22","22",,"Active","Discharge","A04","1"
"SYN-03007","2026-09-27 21:16:00","2026-09-27","2026-09-27 23:54:00","2026-09-27","Green","Normal Operations","A04","2026-09-27 21:48:00","32","32","158","Departed","Departed","","1"
"SYN-03008","2026-09-27 22:18:00","2026-09-27","2026-09-27 23:58:00","2026-09-27","Yellow","Normal Operations","A04","2026-09-27 22:48:00","30","30","100","Departed","Departed","","1"
"SYN-03009","2026-09-27 22:26:00","2026-09-27","","","Green","Normal Operations","A04","2026-09-27 23:01:00","35","35",,"Active","Treatment","A04","1"
"SYN-03010","2026-09-27 22:46:00","2026-09-27","","","Orange","Normal Operations","A04","2026-09-27 22:59:00","13","13",,"Active","Treatment","A04","1"
"SYN-03011","2026-09-27 23:22:00","2026-09-27","","","Green","Normal Operations","A04","2026-09-27 23:46:00","24","24",,"Active","Assessment","A04","1"
"SYN-03012","2026-09-27 23:26:00","2026-09-27","","","Yellow","Normal Operations","A05","2026-09-27 23:47:00","21","21",,"Active","Assessment","A05","1"
"SYN-03013","2026-09-27 23:29:00","2026-09-27","","","Yellow","Normal Operations","A04","",,"31",,"Active","Waiting","A02","1"
"SYN-03014","2026-09-27 23:54:00","2026-09-27","","","Green","Normal Operations","A05","",,"6",,"Active","Triage","A01","1"
"SYN-03015","2026-09-27 23:58:00","2026-09-27","","","Green","Normal Operations","A04","",,"2",,"Active","Registration","A01","1"
